# Blender 4.5.4 LTS
# www.blender.org
mtllib sphere.mtl
o Sphere
v 0.000000 0.499014 -0.031382
v 0.000000 0.484291 -0.124290
v 0.000000 0.385256 -0.318572
v 0.000000 0.342273 -0.364325
v 0.000000 0.318712 -0.385088
v 0.000000 0.184062 -0.464684
v 0.000000 -0.184063 -0.464684
v 0.000000 -0.318712 -0.385087
v 0.000000 -0.342274 -0.364325
v 0.000000 -0.385257 -0.318572
v 0.000000 -0.475529 -0.154441
v 0.000000 -0.484291 -0.124290
v 0.000000 -0.499014 -0.031382
v 0.002626 0.499014 -0.031271
v 0.005243 0.496058 -0.062420
v 0.007838 0.491143 -0.093321
v 0.010403 0.484291 -0.123855
v 0.012926 0.475529 -0.153899
v 0.015399 0.464888 -0.183336
v 0.017810 0.452413 -0.212050
v 0.020152 0.438153 -0.239927
v 0.022414 0.422164 -0.266857
v 0.024587 0.404508 -0.292734
v 0.026663 0.385256 -0.317455
v 0.028634 0.364484 -0.340923
v 0.030493 0.342273 -0.363047
v 0.032230 0.318712 -0.383737
v 0.033841 0.293892 -0.402913
v 0.035318 0.267913 -0.420499
v 0.036655 0.240877 -0.436425
v 0.037849 0.212889 -0.450629
v 0.038892 0.184062 -0.463055
v 0.039782 0.154508 -0.473653
v 0.040516 0.124345 -0.482381
v 0.041089 0.093690 -0.489206
v 0.041500 0.062666 -0.494101
v 0.041747 0.031395 -0.497045
v 0.041830 -0.000000 -0.498028
v 0.041747 -0.031396 -0.497045
v 0.041500 -0.062667 -0.494101
v 0.041089 -0.093691 -0.489206
v 0.040516 -0.124345 -0.482381
v 0.039782 -0.154509 -0.473653
v 0.038892 -0.184063 -0.463055
v 0.037849 -0.212890 -0.450629
v 0.036655 -0.240877 -0.436425
v 0.035318 -0.267914 -0.420499
v 0.033841 -0.293893 -0.402913
v 0.032230 -0.318712 -0.383737
v 0.030493 -0.342274 -0.363047
v 0.028634 -0.364485 -0.340923
v 0.026663 -0.385257 -0.317455
v 0.024587 -0.404509 -0.292733
v 0.022414 -0.422164 -0.266857
v 0.020152 -0.438154 -0.239927
v 0.017810 -0.452414 -0.212050
v 0.015399 -0.464888 -0.183336
v 0.012926 -0.475529 -0.153899
v 0.010403 -0.484291 -0.123855
v 0.007838 -0.491143 -0.093321
v 0.005243 -0.496058 -0.062420
v 0.002626 -0.499014 -0.031271
v 0.005234 0.499014 -0.030942
v 0.010449 0.496058 -0.061762
v 0.015621 0.491143 -0.092338
v 0.020732 0.484291 -0.122550
v 0.025761 0.475529 -0.152278
v 0.030689 0.464888 -0.181405
v 0.035496 0.452413 -0.209816
v 0.040162 0.438153 -0.237399
v 0.044670 0.422164 -0.264046
v 0.049001 0.404508 -0.289650
v 0.053139 0.385256 -0.314111
v 0.057068 0.364484 -0.337332
v 0.060771 0.342273 -0.359222
v 0.064235 0.318712 -0.379695
v 0.067445 0.293892 -0.398669
v 0.070389 0.267913 -0.416069
v 0.073054 0.240877 -0.431828
v 0.075432 0.212889 -0.445882
v 0.077512 0.184062 -0.458177
v 0.079286 0.154508 -0.468663
v 0.080747 0.124345 -0.477300
v 0.081890 0.093690 -0.484053
v 0.082709 0.062666 -0.488896
v 0.083202 0.031395 -0.491809
v 0.083366 -0.000000 -0.492782
v 0.083202 -0.031396 -0.491809
v 0.082709 -0.062667 -0.488896
v 0.081890 -0.093691 -0.484053
v 0.080747 -0.124345 -0.477300
v 0.079286 -0.154509 -0.468663
v 0.077512 -0.184063 -0.458177
v 0.075432 -0.212890 -0.445882
v 0.073054 -0.240877 -0.431828
v 0.070389 -0.267914 -0.416069
v 0.067445 -0.293893 -0.398669
v 0.064235 -0.318712 -0.379695
v 0.060771 -0.342274 -0.359222
v 0.057068 -0.364485 -0.337332
v 0.053139 -0.385257 -0.314111
v 0.049001 -0.404509 -0.289650
v 0.044670 -0.422164 -0.264046
v 0.040162 -0.438154 -0.237399
v 0.035496 -0.452414 -0.209816
v 0.030689 -0.464888 -0.181405
v 0.025761 -0.475529 -0.152278
v 0.020732 -0.484291 -0.122550
v 0.015621 -0.491143 -0.092338
v 0.010449 -0.496058 -0.061762
v 0.005234 -0.499014 -0.030942
v 0.007806 0.499014 -0.030396
v 0.015581 0.496058 -0.060671
v 0.023295 0.491143 -0.090707
v 0.030917 0.484291 -0.120386
v 0.038416 0.475529 -0.149589
v 0.045764 0.464888 -0.178201
v 0.052932 0.452413 -0.206111
v 0.059890 0.438153 -0.233207
v 0.066613 0.422164 -0.259383
v 0.073072 0.404508 -0.284535
v 0.079243 0.385256 -0.308564
v 0.085101 0.364484 -0.331375
v 0.090624 0.342273 -0.352879
v 0.095788 0.318712 -0.372989
v 0.100575 0.293892 -0.391628
v 0.104965 0.267913 -0.408722
v 0.108941 0.240877 -0.424202
v 0.112486 0.212889 -0.438008
v 0.115588 0.184062 -0.450085
v 0.118233 0.154508 -0.460386
v 0.120412 0.124345 -0.468871
v 0.122116 0.093690 -0.475505
v 0.123337 0.062666 -0.480262
v 0.124072 0.031395 -0.483124
v 0.124318 -0.000000 -0.484079
v 0.124072 -0.031396 -0.483124
v 0.123337 -0.062667 -0.480262
v 0.122116 -0.093691 -0.475505
v 0.120412 -0.124345 -0.468871
v 0.118233 -0.154509 -0.460386
v 0.115588 -0.184063 -0.450085
v 0.112486 -0.212890 -0.438008
v 0.108941 -0.240877 -0.424202
v 0.104965 -0.267914 -0.408722
v 0.100575 -0.293893 -0.391628
v 0.095788 -0.318712 -0.372989
v 0.090624 -0.342274 -0.352879
v 0.085101 -0.364485 -0.331375
v 0.079243 -0.385257 -0.308564
v 0.073072 -0.404509 -0.284535
v 0.066613 -0.422164 -0.259383
v 0.059890 -0.438154 -0.233207
v 0.052932 -0.452414 -0.206111
v 0.045764 -0.464888 -0.178201
v 0.038416 -0.475529 -0.149589
v 0.030917 -0.484291 -0.120386
v 0.023295 -0.491143 -0.090707
v 0.015581 -0.496058 -0.060671
v 0.007806 -0.499014 -0.030396
v 0.010323 0.499014 -0.029636
v 0.020604 0.496058 -0.059155
v 0.030805 0.491143 -0.088440
v 0.040884 0.484291 -0.117377
v 0.050801 0.475529 -0.145850
v 0.060519 0.464888 -0.173748
v 0.069997 0.452413 -0.200960
v 0.079199 0.438153 -0.227379
v 0.088089 0.422164 -0.252900
v 0.096630 0.404508 -0.277424
v 0.104791 0.385256 -0.300852
v 0.112538 0.364484 -0.323093
v 0.119840 0.342273 -0.344060
v 0.126670 0.318712 -0.363668
v 0.133000 0.293892 -0.381841
v 0.138805 0.267913 -0.398507
v 0.144062 0.240877 -0.413600
v 0.148751 0.212889 -0.427061
v 0.152852 0.184062 -0.438837
v 0.156351 0.154508 -0.448880
v 0.159233 0.124345 -0.457153
v 0.161486 0.093690 -0.463621
v 0.163101 0.062666 -0.468259
v 0.164073 0.031395 -0.471050
v 0.164397 -0.000000 -0.471981
v 0.164073 -0.031396 -0.471050
v 0.163101 -0.062667 -0.468259
v 0.161486 -0.093691 -0.463621
v 0.159233 -0.124345 -0.457153
v 0.156351 -0.154509 -0.448880
v 0.152852 -0.184063 -0.438837
v 0.148751 -0.212890 -0.427061
v 0.144062 -0.240877 -0.413600
v 0.138805 -0.267914 -0.398507
v 0.133000 -0.293893 -0.381841
v 0.126670 -0.318712 -0.363668
v 0.119840 -0.342274 -0.344059
v 0.112538 -0.364485 -0.323093
v 0.104791 -0.385257 -0.300852
v 0.096630 -0.404509 -0.277424
v 0.088089 -0.422164 -0.252900
v 0.079199 -0.438154 -0.227379
v 0.069997 -0.452414 -0.200960
v 0.060519 -0.464888 -0.173748
v 0.050801 -0.475529 -0.145850
v 0.040884 -0.484291 -0.117377
v 0.030805 -0.491143 -0.088440
v 0.020604 -0.496058 -0.059155
v 0.010323 -0.499014 -0.029636
v 0.012767 0.499014 -0.028668
v 0.025483 0.496058 -0.057224
v 0.038099 0.491143 -0.085553
v 0.050564 0.484291 -0.113545
v 0.062831 0.475529 -0.141089
v 0.074849 0.464888 -0.168076
v 0.086571 0.452413 -0.194399
v 0.097952 0.438153 -0.219956
v 0.108946 0.422164 -0.244644
v 0.119511 0.404508 -0.268367
v 0.129604 0.385256 -0.291030
v 0.139184 0.364484 -0.312545
v 0.148216 0.342273 -0.332827
v 0.156664 0.318712 -0.351795
v 0.164492 0.293892 -0.369375
v 0.171672 0.267913 -0.385497
v 0.178174 0.240877 -0.400097
v 0.183973 0.212889 -0.413119
v 0.189046 0.184062 -0.424510
v 0.193373 0.154508 -0.434226
v 0.196936 0.124345 -0.442228
v 0.199722 0.093690 -0.448485
v 0.201720 0.062666 -0.452972
v 0.202922 0.031395 -0.455672
v 0.203324 -0.000000 -0.456572
v 0.202922 -0.031396 -0.455672
v 0.201720 -0.062667 -0.452972
v 0.199722 -0.093691 -0.448485
v 0.196936 -0.124345 -0.442228
v 0.193373 -0.154509 -0.434226
v 0.189046 -0.184063 -0.424510
v 0.183973 -0.212890 -0.413119
v 0.178174 -0.240877 -0.400097
v 0.171672 -0.267914 -0.385497
v 0.164492 -0.293893 -0.369375
v 0.156664 -0.318712 -0.351795
v 0.148216 -0.342274 -0.332827
v 0.139184 -0.364485 -0.312545
v 0.129604 -0.385257 -0.291030
v 0.119511 -0.404509 -0.268367
v 0.108946 -0.422164 -0.244644
v 0.097952 -0.438154 -0.219955
v 0.086571 -0.452413 -0.194399
v 0.074849 -0.464888 -0.168076
v 0.062831 -0.475529 -0.141089
v 0.050564 -0.484291 -0.113545
v 0.038099 -0.491143 -0.085553
v 0.025483 -0.496058 -0.057224
v 0.012767 -0.499014 -0.028668
v 0.015122 0.499014 -0.027500
v 0.030183 0.496058 -0.054891
v 0.045126 0.491143 -0.082066
v 0.059890 0.484291 -0.108917
v 0.074419 0.475529 -0.135338
v 0.088653 0.464888 -0.161224
v 0.102538 0.452413 -0.186475
v 0.116018 0.438153 -0.210989
v 0.129040 0.422164 -0.234672
v 0.141553 0.404508 -0.257427
v 0.153507 0.385256 -0.279167
v 0.164855 0.364484 -0.299805
v 0.175553 0.342273 -0.319260
v 0.185558 0.318712 -0.337455
v 0.194831 0.293892 -0.354318
v 0.203334 0.267913 -0.369783
v 0.211036 0.240877 -0.383788
v 0.217904 0.212889 -0.396279
v 0.223912 0.184062 -0.407206
v 0.229037 0.154508 -0.416526
v 0.233258 0.124345 -0.424202
v 0.236558 0.093690 -0.430204
v 0.238925 0.062666 -0.434508
v 0.240349 0.031395 -0.437097
v 0.240824 -0.000000 -0.437961
v 0.240349 -0.031396 -0.437097
v 0.238925 -0.062667 -0.434508
v 0.236558 -0.093691 -0.430204
v 0.233258 -0.124345 -0.424202
v 0.229037 -0.154509 -0.416526
v 0.223912 -0.184063 -0.407206
v 0.217904 -0.212890 -0.396279
v 0.211036 -0.240877 -0.383788
v 0.203334 -0.267914 -0.369783
v 0.194831 -0.293893 -0.354318
v 0.185558 -0.318712 -0.337455
v 0.175553 -0.342274 -0.319260
v 0.164855 -0.364485 -0.299805
v 0.153507 -0.385257 -0.279167
v 0.141553 -0.404509 -0.257427
v 0.129040 -0.422164 -0.234671
v 0.116018 -0.438154 -0.210989
v 0.102538 -0.452413 -0.186475
v 0.088653 -0.464888 -0.161224
v 0.074419 -0.475529 -0.135338
v 0.059890 -0.484291 -0.108917
v 0.045126 -0.491143 -0.082065
v 0.030183 -0.496058 -0.054891
v 0.015122 -0.499014 -0.027500
v 0.017370 0.499014 -0.026139
v 0.034671 0.496058 -0.052174
v 0.051836 0.491143 -0.078003
v 0.068796 0.484291 -0.103524
v 0.085485 0.475529 -0.128637
v 0.101836 0.464888 -0.153242
v 0.117786 0.452413 -0.177243
v 0.133270 0.438153 -0.200544
v 0.148228 0.422164 -0.223053
v 0.162602 0.404508 -0.244682
v 0.176334 0.385256 -0.265346
v 0.189370 0.364484 -0.284962
v 0.201658 0.342273 -0.303453
v 0.213151 0.318712 -0.320748
v 0.223802 0.293892 -0.336776
v 0.233571 0.267913 -0.351475
v 0.242417 0.240877 -0.364787
v 0.250307 0.212889 -0.376660
v 0.257209 0.184062 -0.387046
v 0.263096 0.154508 -0.395904
v 0.267944 0.124345 -0.403200
v 0.271735 0.093690 -0.408905
v 0.274454 0.062666 -0.412996
v 0.276089 0.031395 -0.415457
v 0.276635 -0.000000 -0.416278
v 0.276089 -0.031396 -0.415457
v 0.274454 -0.062667 -0.412996
v 0.271735 -0.093691 -0.408905
v 0.267944 -0.124345 -0.403200
v 0.263096 -0.154509 -0.395904
v 0.257209 -0.184063 -0.387046
v 0.250307 -0.212890 -0.376660
v 0.242417 -0.240877 -0.364787
v 0.233571 -0.267914 -0.351475
v 0.223802 -0.293893 -0.336776
v 0.213151 -0.318712 -0.320748
v 0.201658 -0.342274 -0.303453
v 0.189370 -0.364485 -0.284962
v 0.176334 -0.385257 -0.265346
v 0.162602 -0.404509 -0.244682
v 0.148228 -0.422164 -0.223053
v 0.133270 -0.438154 -0.200543
v 0.117786 -0.452413 -0.177243
v 0.101836 -0.464888 -0.153242
v 0.085485 -0.475529 -0.128637
v 0.068796 -0.484291 -0.103524
v 0.051836 -0.491143 -0.078003
v 0.034671 -0.496058 -0.052174
v 0.017370 -0.499014 -0.026138
v 0.019497 0.499014 -0.024594
v 0.038916 0.496058 -0.049090
v 0.058183 0.491143 -0.073392
v 0.077220 0.484291 -0.097406
v 0.095951 0.475529 -0.121034
v 0.114305 0.464888 -0.144185
v 0.132207 0.452413 -0.166767
v 0.149587 0.438154 -0.188691
v 0.166377 0.422164 -0.209870
v 0.182511 0.404508 -0.230221
v 0.197924 0.385256 -0.249663
v 0.212556 0.364484 -0.268120
v 0.226349 0.342273 -0.285519
v 0.239249 0.318712 -0.301791
v 0.251204 0.293892 -0.316871
v 0.262168 0.267913 -0.330702
v 0.272098 0.240877 -0.343227
v 0.280954 0.212889 -0.354398
v 0.288701 0.184062 -0.364170
v 0.295309 0.154508 -0.372505
v 0.300750 0.124345 -0.379369
v 0.305006 0.093690 -0.384737
v 0.308057 0.062666 -0.388586
v 0.309893 0.031395 -0.390902
v 0.310506 -0.000000 -0.391675
v 0.309893 -0.031396 -0.390902
v 0.308057 -0.062667 -0.388586
v 0.305006 -0.093691 -0.384737
v 0.300750 -0.124345 -0.379369
v 0.295309 -0.154509 -0.372505
v 0.288701 -0.184063 -0.364170
v 0.280954 -0.212890 -0.354398
v 0.272098 -0.240877 -0.343227
v 0.262168 -0.267914 -0.330702
v 0.251204 -0.293893 -0.316871
v 0.239249 -0.318712 -0.301791
v 0.226349 -0.342274 -0.285519
v 0.212556 -0.364485 -0.268120
v 0.197924 -0.385257 -0.249663
v 0.182511 -0.404509 -0.230221
v 0.166377 -0.422164 -0.209870
v 0.149587 -0.438154 -0.188691
v 0.132207 -0.452413 -0.166767
v 0.114305 -0.464888 -0.144185
v 0.095951 -0.475529 -0.121034
v 0.077220 -0.484291 -0.097406
v 0.058183 -0.491143 -0.073392
v 0.038916 -0.496058 -0.049090
v 0.019497 -0.499014 -0.024594
v 0.021487 0.499014 -0.022876
v 0.042889 0.496058 -0.045662
v 0.064121 0.491143 -0.068268
v 0.085101 0.484291 -0.090604
v 0.105745 0.475529 -0.112583
v 0.125972 0.464888 -0.134117
v 0.145701 0.452413 -0.155122
v 0.164855 0.438154 -0.175515
v 0.183359 0.422164 -0.195215
v 0.201139 0.404508 -0.214145
v 0.218126 0.385256 -0.232229
v 0.234251 0.364484 -0.249397
v 0.249452 0.342273 -0.265581
v 0.263669 0.318712 -0.280717
v 0.276844 0.293892 -0.294745
v 0.288928 0.267913 -0.307610
v 0.299871 0.240877 -0.319260
v 0.309631 0.212889 -0.329651
v 0.318168 0.184062 -0.338740
v 0.325450 0.154508 -0.346493
v 0.331448 0.124345 -0.352879
v 0.336137 0.093690 -0.357871
v 0.339500 0.062666 -0.361452
v 0.341523 0.031395 -0.363605
v 0.342198 -0.000000 -0.364325
v 0.341523 -0.031396 -0.363605
v 0.339500 -0.062667 -0.361452
v 0.336137 -0.093691 -0.357871
v 0.331448 -0.124345 -0.352879
v 0.325450 -0.154509 -0.346493
v 0.318168 -0.184063 -0.338740
v 0.309631 -0.212890 -0.329651
v 0.299871 -0.240877 -0.319260
v 0.288928 -0.267914 -0.307609
v 0.276844 -0.293893 -0.294745
v 0.263669 -0.318712 -0.280717
v 0.249452 -0.342274 -0.265581
v 0.234251 -0.364485 -0.249397
v 0.218126 -0.385257 -0.232229
v 0.201139 -0.404509 -0.214144
v 0.183359 -0.422164 -0.195215
v 0.164855 -0.438154 -0.175514
v 0.145701 -0.452413 -0.155122
v 0.125972 -0.464888 -0.134117
v 0.105745 -0.475529 -0.112583
v 0.085101 -0.484291 -0.090604
v 0.064121 -0.491143 -0.068268
v 0.042889 -0.496058 -0.045662
v 0.021487 -0.499014 -0.022876
v 0.023326 0.499014 -0.020998
v 0.046560 0.496058 -0.041914
v 0.069610 0.491143 -0.062664
v 0.092386 0.484291 -0.083167
v 0.114797 0.475529 -0.103341
v 0.136755 0.464888 -0.123108
v 0.158173 0.452413 -0.142389
v 0.178967 0.438154 -0.161107
v 0.199055 0.422164 -0.179190
v 0.218357 0.404509 -0.196566
v 0.236797 0.385256 -0.213166
v 0.254303 0.364484 -0.228926
v 0.270805 0.342273 -0.243781
v 0.286239 0.318712 -0.257674
v 0.300543 0.293892 -0.270550
v 0.313660 0.267913 -0.282359
v 0.325540 0.240877 -0.293053
v 0.336135 0.212889 -0.302591
v 0.345404 0.184062 -0.310935
v 0.353309 0.154508 -0.318051
v 0.359820 0.124345 -0.323912
v 0.364911 0.093690 -0.328495
v 0.368562 0.062666 -0.331781
v 0.370758 0.031395 -0.333759
v 0.371491 -0.000000 -0.334419
v 0.370758 -0.031396 -0.333759
v 0.368562 -0.062667 -0.331781
v 0.364911 -0.093691 -0.328495
v 0.359820 -0.124345 -0.323912
v 0.353309 -0.154509 -0.318051
v 0.345404 -0.184063 -0.310935
v 0.336135 -0.212890 -0.302591
v 0.325540 -0.240877 -0.293053
v 0.313660 -0.267914 -0.282359
v 0.300543 -0.293893 -0.270550
v 0.286239 -0.318712 -0.257674
v 0.270805 -0.342274 -0.243780
v 0.254303 -0.364485 -0.228925
v 0.236797 -0.385257 -0.213166
v 0.218357 -0.404509 -0.196566
v 0.199055 -0.422164 -0.179190
v 0.178967 -0.438154 -0.161107
v 0.158173 -0.452413 -0.142388
v 0.136755 -0.464888 -0.123107
v 0.114797 -0.475529 -0.103341
v 0.092386 -0.484291 -0.083166
v 0.069610 -0.491143 -0.062664
v 0.046560 -0.496058 -0.041914
v 0.023326 -0.499014 -0.020998
v 0.025002 0.499014 -0.018973
v 0.049905 0.496058 -0.037871
v 0.074611 0.491143 -0.056621
v 0.099023 0.484291 -0.075146
v 0.123043 0.475529 -0.093375
v 0.146579 0.464888 -0.111235
v 0.169536 0.452413 -0.128657
v 0.191823 0.438154 -0.145570
v 0.213354 0.422164 -0.161909
v 0.234043 0.404509 -0.177610
v 0.253808 0.385256 -0.192608
v 0.272571 0.364484 -0.206848
v 0.290259 0.342273 -0.220270
v 0.306801 0.318712 -0.232824
v 0.322132 0.293892 -0.244458
v 0.336192 0.267913 -0.255128
v 0.348925 0.240877 -0.264791
v 0.360282 0.212889 -0.273409
v 0.370216 0.184062 -0.280948
v 0.378689 0.154508 -0.287378
v 0.385668 0.124345 -0.292674
v 0.391125 0.093690 -0.296815
v 0.395038 0.062666 -0.299784
v 0.397392 0.031395 -0.301571
v 0.398178 -0.000000 -0.302167
v 0.397392 -0.031396 -0.301571
v 0.395038 -0.062667 -0.299784
v 0.391125 -0.093691 -0.296815
v 0.385668 -0.124345 -0.292674
v 0.378689 -0.154509 -0.287378
v 0.370216 -0.184063 -0.280948
v 0.360282 -0.212890 -0.273409
v 0.348925 -0.240877 -0.264791
v 0.336192 -0.267914 -0.255128
v 0.322132 -0.293893 -0.244458
v 0.306801 -0.318712 -0.232824
v 0.290259 -0.342274 -0.220270
v 0.272571 -0.364485 -0.206848
v 0.253808 -0.385256 -0.192608
v 0.234043 -0.404509 -0.177610
v 0.213354 -0.422164 -0.161909
v 0.191823 -0.438154 -0.145570
v 0.169536 -0.452413 -0.128657
v 0.146579 -0.464888 -0.111235
v 0.123043 -0.475529 -0.093374
v 0.099023 -0.484291 -0.075146
v 0.074611 -0.491143 -0.056621
v 0.049905 -0.496058 -0.037871
v 0.025002 -0.499014 -0.018973
v 0.026502 0.499014 -0.016815
v 0.052899 0.496058 -0.033564
v 0.079088 0.491143 -0.050180
v 0.104965 0.484291 -0.066598
v 0.130427 0.475529 -0.082754
v 0.155375 0.464888 -0.098582
v 0.179709 0.452413 -0.114022
v 0.203334 0.438154 -0.129012
v 0.226157 0.422164 -0.143492
v 0.248088 0.404509 -0.157406
v 0.269038 0.385256 -0.170700
v 0.288928 0.364484 -0.183319
v 0.307677 0.342274 -0.195215
v 0.325212 0.318712 -0.206340
v 0.341463 0.293892 -0.216651
v 0.356367 0.267913 -0.226107
v 0.369864 0.240877 -0.234672
v 0.381902 0.212889 -0.242309
v 0.392432 0.184062 -0.248990
v 0.401414 0.154508 -0.254689
v 0.408811 0.124345 -0.259383
v 0.414595 0.093690 -0.263053
v 0.418743 0.062666 -0.265684
v 0.421239 0.031395 -0.267267
v 0.422071 -0.000000 -0.267796
v 0.421239 -0.031396 -0.267267
v 0.418743 -0.062667 -0.265684
v 0.414595 -0.093691 -0.263053
v 0.408811 -0.124345 -0.259383
v 0.401414 -0.154509 -0.254689
v 0.392432 -0.184063 -0.248990
v 0.381902 -0.212890 -0.242309
v 0.369864 -0.240877 -0.234671
v 0.356367 -0.267914 -0.226107
v 0.341463 -0.293893 -0.216651
v 0.325212 -0.318712 -0.206340
v 0.307677 -0.342274 -0.195215
v 0.288928 -0.364484 -0.183319
v 0.269038 -0.385256 -0.170700
v 0.248088 -0.404509 -0.157406
v 0.226157 -0.422164 -0.143492
v 0.203334 -0.438154 -0.129012
v 0.179709 -0.452413 -0.114022
v 0.155375 -0.464888 -0.098582
v 0.130427 -0.475529 -0.082754
v 0.104965 -0.484291 -0.066598
v 0.079088 -0.491143 -0.050180
v 0.052899 -0.496058 -0.033564
v 0.026502 -0.499014 -0.016815
v 0.027816 0.499014 -0.014539
v 0.055523 0.496058 -0.029020
v 0.083011 0.491143 -0.043387
v 0.110171 0.484291 -0.057583
v 0.136896 0.475529 -0.071552
v 0.163081 0.464888 -0.085238
v 0.188622 0.452413 -0.098588
v 0.213419 0.438154 -0.111549
v 0.237374 0.422164 -0.124069
v 0.260391 0.404509 -0.136100
v 0.282382 0.385256 -0.147593
v 0.303257 0.364484 -0.158504
v 0.322937 0.342274 -0.168790
v 0.341341 0.318712 -0.178410
v 0.358398 0.293893 -0.187325
v 0.374041 0.267913 -0.195501
v 0.388208 0.240877 -0.202905
v 0.400843 0.212889 -0.209510
v 0.411895 0.184062 -0.215287
v 0.421323 0.154508 -0.220214
v 0.429087 0.124345 -0.224272
v 0.435158 0.093690 -0.227445
v 0.439512 0.062666 -0.229721
v 0.442130 0.031395 -0.231090
v 0.443004 -0.000000 -0.231546
v 0.442130 -0.031396 -0.231090
v 0.439512 -0.062667 -0.229721
v 0.435158 -0.093691 -0.227445
v 0.429087 -0.124345 -0.224272
v 0.421323 -0.154509 -0.220214
v 0.411895 -0.184063 -0.215286
v 0.400843 -0.212890 -0.209510
v 0.388208 -0.240877 -0.202905
v 0.374041 -0.267913 -0.195501
v 0.358398 -0.293893 -0.187325
v 0.341341 -0.318712 -0.178410
v 0.322937 -0.342274 -0.168790
v 0.303257 -0.364484 -0.158504
v 0.282382 -0.385256 -0.147593
v 0.260391 -0.404509 -0.136100
v 0.237374 -0.422164 -0.124069
v 0.213419 -0.438154 -0.111549
v 0.188622 -0.452413 -0.098588
v 0.163081 -0.464888 -0.085238
v 0.136896 -0.475529 -0.071552
v 0.110171 -0.484291 -0.057583
v 0.083011 -0.491143 -0.043387
v 0.055523 -0.496058 -0.029020
v 0.027816 -0.499014 -0.014539
v 0.028936 0.499014 -0.012161
v 0.057757 0.496058 -0.024274
v 0.086351 0.491143 -0.036291
v 0.114604 0.484291 -0.048164
v 0.142404 0.475529 -0.059848
v 0.169643 0.464888 -0.071296
v 0.196212 0.452413 -0.082462
v 0.222007 0.438154 -0.093303
v 0.246925 0.422164 -0.103775
v 0.270870 0.404509 -0.113838
v 0.293745 0.385256 -0.123452
v 0.315460 0.364484 -0.132578
v 0.335931 0.342274 -0.141182
v 0.355076 0.318712 -0.149228
v 0.372820 0.293893 -0.156685
v 0.389092 0.267913 -0.163523
v 0.403829 0.240877 -0.169717
v 0.416972 0.212889 -0.175241
v 0.428469 0.184062 -0.180072
v 0.438276 0.154508 -0.184194
v 0.446353 0.124345 -0.187588
v 0.452668 0.093690 -0.190242
v 0.457197 0.062666 -0.192146
v 0.459921 0.031395 -0.193291
v 0.460830 -0.000000 -0.193673
v 0.459921 -0.031396 -0.193291
v 0.457197 -0.062667 -0.192146
v 0.452668 -0.093691 -0.190242
v 0.446353 -0.124345 -0.187588
v 0.438276 -0.154509 -0.184194
v 0.428469 -0.184063 -0.180072
v 0.416972 -0.212890 -0.175241
v 0.403829 -0.240877 -0.169716
v 0.389092 -0.267913 -0.163523
v 0.372820 -0.293893 -0.156685
v 0.355076 -0.318712 -0.149227
v 0.335931 -0.342274 -0.141182
v 0.315460 -0.364484 -0.132578
v 0.293745 -0.385256 -0.123452
v 0.270870 -0.404509 -0.113838
v 0.246925 -0.422164 -0.103775
v 0.222007 -0.438154 -0.093303
v 0.196212 -0.452413 -0.082462
v 0.169643 -0.464888 -0.071296
v 0.142404 -0.475529 -0.059848
v 0.114604 -0.484291 -0.048164
v 0.086351 -0.491143 -0.036291
v 0.057757 -0.496058 -0.024274
v 0.028936 -0.499014 -0.012161
v 0.029852 0.499014 -0.009697
v 0.059586 0.496058 -0.019357
v 0.089085 0.491143 -0.028939
v 0.118233 0.484291 -0.038408
v 0.146914 0.475529 -0.047725
v 0.175015 0.464888 -0.056854
v 0.202426 0.452413 -0.065758
v 0.229037 0.438154 -0.074402
v 0.254745 0.422164 -0.082754
v 0.279447 0.404509 -0.090778
v 0.303046 0.385256 -0.098444
v 0.325450 0.364484 -0.105722
v 0.346569 0.342274 -0.112583
v 0.366321 0.318712 -0.118999
v 0.384626 0.293893 -0.124945
v 0.401414 0.267913 -0.130399
v 0.416617 0.240877 -0.135338
v 0.430177 0.212889 -0.139742
v 0.442038 0.184062 -0.143596
v 0.452155 0.154508 -0.146882
v 0.460487 0.124345 -0.149589
v 0.467003 0.093690 -0.151705
v 0.471675 0.062666 -0.153223
v 0.474486 0.031395 -0.154136
v 0.475424 -0.000000 -0.154441
v 0.474486 -0.031396 -0.154136
v 0.471675 -0.062667 -0.153223
v 0.467003 -0.093691 -0.151705
v 0.460487 -0.124345 -0.149589
v 0.452155 -0.154509 -0.146882
v 0.442038 -0.184063 -0.143595
v 0.430177 -0.212890 -0.139742
v 0.416617 -0.240877 -0.135338
v 0.401414 -0.267913 -0.130399
v 0.384626 -0.293893 -0.124945
v 0.366321 -0.318712 -0.118999
v 0.346569 -0.342274 -0.112583
v 0.325450 -0.364484 -0.105722
v 0.303046 -0.385256 -0.098444
v 0.279447 -0.404509 -0.090778
v 0.254745 -0.422164 -0.082754
v 0.229037 -0.438154 -0.074402
v 0.202426 -0.452413 -0.065758
v 0.175015 -0.464888 -0.056854
v 0.146914 -0.475529 -0.047725
v 0.118233 -0.484291 -0.038408
v 0.089085 -0.491143 -0.028939
v 0.059586 -0.496058 -0.019356
v 0.029852 -0.499014 -0.009697
v 0.030559 0.499014 -0.007166
v 0.060998 0.496058 -0.014304
v 0.091195 0.491143 -0.021385
v 0.121033 0.484291 -0.028382
v 0.150393 0.475529 -0.035267
v 0.179160 0.464888 -0.042013
v 0.207220 0.452413 -0.048592
v 0.234461 0.438154 -0.054980
v 0.260778 0.422164 -0.061151
v 0.286065 0.404509 -0.067081
v 0.310223 0.385256 -0.072746
v 0.333157 0.364484 -0.078124
v 0.354776 0.342274 -0.083194
v 0.374996 0.318712 -0.087935
v 0.393735 0.293893 -0.092330
v 0.410920 0.267913 -0.096359
v 0.426483 0.240877 -0.100009
v 0.440364 0.212889 -0.103264
v 0.452506 0.184062 -0.106111
v 0.462863 0.154508 -0.108540
v 0.471393 0.124345 -0.110540
v 0.478062 0.093690 -0.112104
v 0.482845 0.062666 -0.113225
v 0.485722 0.031395 -0.113900
v 0.486683 -0.000000 -0.114125
v 0.485722 -0.031396 -0.113900
v 0.482845 -0.062667 -0.113225
v 0.478062 -0.093691 -0.112104
v 0.471393 -0.124345 -0.110540
v 0.462863 -0.154509 -0.108540
v 0.452506 -0.184063 -0.106111
v 0.440364 -0.212890 -0.103264
v 0.426483 -0.240877 -0.100009
v 0.410920 -0.267913 -0.096359
v 0.393735 -0.293893 -0.092329
v 0.374996 -0.318712 -0.087935
v 0.354776 -0.342274 -0.083194
v 0.333157 -0.364484 -0.078124
v 0.310223 -0.385256 -0.072746
v 0.286065 -0.404509 -0.067081
v 0.260778 -0.422164 -0.061151
v 0.234461 -0.438154 -0.054980
v 0.207220 -0.452413 -0.048592
v 0.179160 -0.464888 -0.042013
v 0.150393 -0.475529 -0.035266
v 0.121033 -0.484291 -0.028382
v 0.091195 -0.491143 -0.021385
v 0.060998 -0.496058 -0.014304
v 0.030559 -0.499014 -0.007166
v 0.031052 0.499014 -0.004585
v 0.061981 0.496058 -0.009151
v 0.092665 0.491143 -0.013681
v 0.122984 0.484291 -0.018157
v 0.152817 0.475529 -0.022561
v 0.182048 0.464888 -0.026877
v 0.210560 0.452413 -0.031086
v 0.238241 0.438154 -0.035173
v 0.264981 0.422164 -0.039120
v 0.290676 0.404509 -0.042914
v 0.315224 0.385256 -0.046538
v 0.338528 0.364484 -0.049979
v 0.360495 0.342274 -0.053222
v 0.381040 0.318712 -0.056255
v 0.400081 0.293893 -0.059066
v 0.417543 0.267913 -0.061644
v 0.433358 0.240877 -0.063979
v 0.447462 0.212890 -0.066061
v 0.459800 0.184062 -0.067883
v 0.470324 0.154509 -0.069436
v 0.478991 0.124345 -0.070716
v 0.485768 0.093690 -0.071716
v 0.490628 0.062666 -0.072434
v 0.493552 0.031395 -0.072866
v 0.494527 -0.000000 -0.073009
v 0.493552 -0.031396 -0.072866
v 0.490628 -0.062667 -0.072434
v 0.485768 -0.093691 -0.071716
v 0.478991 -0.124345 -0.070716
v 0.470324 -0.154509 -0.069436
v 0.459800 -0.184062 -0.067883
v 0.447462 -0.212890 -0.066061
v 0.433358 -0.240877 -0.063979
v 0.417543 -0.267913 -0.061644
v 0.400081 -0.293893 -0.059066
v 0.381040 -0.318712 -0.056255
v 0.360495 -0.342274 -0.053222
v 0.338528 -0.364484 -0.049979
v 0.315224 -0.385256 -0.046538
v 0.290676 -0.404509 -0.042914
v 0.264981 -0.422164 -0.039120
v 0.238241 -0.438154 -0.035173
v 0.210560 -0.452413 -0.031086
v 0.182048 -0.464888 -0.026877
v 0.152817 -0.475529 -0.022561
v 0.122984 -0.484291 -0.018156
v 0.092665 -0.491143 -0.013680
v 0.061981 -0.496058 -0.009150
v 0.031052 -0.499014 -0.004584
v 0.031327 0.499014 -0.001971
v 0.062529 0.496058 -0.003933
v 0.093485 0.491143 -0.005880
v 0.124072 0.484291 -0.007804
v 0.154170 0.475529 -0.009697
v 0.183659 0.464888 -0.011552
v 0.212423 0.452413 -0.013362
v 0.240349 0.438154 -0.015118
v 0.267326 0.422164 -0.016815
v 0.293248 0.404509 -0.018445
v 0.318013 0.385256 -0.020003
v 0.341523 0.364484 -0.021482
v 0.363685 0.342274 -0.022876
v 0.384412 0.318712 -0.024180
v 0.403622 0.293893 -0.025388
v 0.421239 0.267913 -0.026496
v 0.437193 0.240877 -0.027500
v 0.451422 0.212890 -0.028395
v 0.463869 0.184062 -0.029178
v 0.474486 0.154509 -0.029845
v 0.483230 0.124345 -0.030396
v 0.490067 0.093690 -0.030825
v 0.494970 0.062666 -0.031134
v 0.497920 0.031395 -0.031320
v 0.498904 -0.000000 -0.031381
v 0.497920 -0.031396 -0.031320
v 0.494970 -0.062666 -0.031134
v 0.490067 -0.093690 -0.030825
v 0.483230 -0.124345 -0.030396
v 0.474486 -0.154509 -0.029845
v 0.463869 -0.184062 -0.029178
v 0.451422 -0.212890 -0.028395
v 0.437193 -0.240877 -0.027500
v 0.421239 -0.267913 -0.026496
v 0.403622 -0.293893 -0.025388
v 0.384412 -0.318712 -0.024180
v 0.363685 -0.342274 -0.022876
v 0.341523 -0.364484 -0.021482
v 0.318013 -0.385256 -0.020003
v 0.293248 -0.404509 -0.018445
v 0.267326 -0.422164 -0.016815
v 0.240349 -0.438154 -0.015118
v 0.212423 -0.452413 -0.013362
v 0.183659 -0.464888 -0.011552
v 0.154170 -0.475529 -0.009697
v 0.124072 -0.484291 -0.007804
v 0.093485 -0.491143 -0.005880
v 0.062529 -0.496058 -0.003933
v 0.031327 -0.499014 -0.001971
v 0.031382 0.499014 0.000657
v 0.062639 0.496058 0.001312
v 0.093649 0.491143 0.001961
v 0.124290 0.484291 0.002603
v 0.154441 0.475529 0.003235
v 0.183982 0.464888 0.003853
v 0.212796 0.452413 0.004457
v 0.240771 0.438154 0.005042
v 0.267796 0.422164 0.005609
v 0.293764 0.404509 0.006152
v 0.318572 0.385256 0.006672
v 0.342123 0.364484 0.007165
v 0.364325 0.342274 0.007630
v 0.385087 0.318712 0.008064
v 0.404331 0.293893 0.008468
v 0.421979 0.267913 0.008837
v 0.437961 0.240877 0.009172
v 0.452215 0.212890 0.009470
v 0.464684 0.184062 0.009732
v 0.475320 0.154509 0.009954
v 0.484079 0.124345 0.010138
v 0.490928 0.093690 0.010281
v 0.495840 0.062666 0.010384
v 0.498794 0.031395 0.010446
v 0.499781 0.000000 0.010467
v 0.498794 -0.031395 0.010446
v 0.495840 -0.062666 0.010384
v 0.490928 -0.093690 0.010281
v 0.484079 -0.124345 0.010138
v 0.475320 -0.154509 0.009954
v 0.464684 -0.184062 0.009732
v 0.452215 -0.212890 0.009470
v 0.437961 -0.240877 0.009172
v 0.421979 -0.267913 0.008837
v 0.404331 -0.293893 0.008468
v 0.385087 -0.318712 0.008064
v 0.364325 -0.342274 0.007630
v 0.342123 -0.364484 0.007165
v 0.318572 -0.385256 0.006672
v 0.293764 -0.404509 0.006152
v 0.267796 -0.422164 0.005609
v 0.240771 -0.438154 0.005042
v 0.212796 -0.452413 0.004457
v 0.183982 -0.464888 0.003853
v 0.154441 -0.475529 0.003235
v 0.124290 -0.484291 0.002603
v 0.093649 -0.491143 0.001961
v 0.062639 -0.496058 0.001312
v 0.031382 -0.499014 0.000657
v 0.031217 0.499014 0.003280
v 0.062310 0.496058 0.006548
v 0.093157 0.491143 0.009789
v 0.123637 0.484291 0.012992
v 0.153628 0.475529 0.016143
v 0.183014 0.464888 0.019232
v 0.211677 0.452413 0.022243
v 0.239505 0.438154 0.025167
v 0.266387 0.422164 0.027992
v 0.292218 0.404509 0.030706
v 0.316896 0.385256 0.033300
v 0.340324 0.364484 0.035762
v 0.362408 0.342274 0.038082
v 0.383062 0.318712 0.040253
v 0.402204 0.293893 0.042264
v 0.419759 0.267913 0.044109
v 0.435657 0.240877 0.045779
v 0.449837 0.212890 0.047269
v 0.462240 0.184062 0.048573
v 0.472820 0.154509 0.049684
v 0.481533 0.124345 0.050600
v 0.488346 0.093691 0.051316
v 0.493232 0.062667 0.051829
v 0.496171 0.031396 0.052138
v 0.497152 0.000000 0.052242
v 0.496171 -0.031395 0.052138
v 0.493232 -0.062666 0.051829
v 0.488346 -0.093690 0.051316
v 0.481533 -0.124345 0.050600
v 0.472820 -0.154509 0.049684
v 0.462240 -0.184062 0.048573
v 0.449837 -0.212890 0.047269
v 0.435657 -0.240877 0.045779
v 0.419759 -0.267913 0.044109
v 0.402204 -0.293893 0.042264
v 0.383062 -0.318712 0.040253
v 0.362408 -0.342274 0.038082
v 0.340324 -0.364484 0.035762
v 0.316896 -0.385256 0.033300
v 0.292218 -0.404509 0.030707
v 0.266387 -0.422164 0.027992
v 0.239505 -0.438154 0.025167
v 0.211677 -0.452413 0.022243
v 0.183014 -0.464888 0.019232
v 0.153628 -0.475529 0.016143
v 0.123637 -0.484291 0.012992
v 0.093157 -0.491143 0.009789
v 0.062310 -0.496058 0.006548
v 0.031217 -0.499014 0.003280
v 0.030832 0.499014 0.005880
v 0.061543 0.496058 0.011737
v 0.092011 0.491143 0.017548
v 0.122116 0.484291 0.023290
v 0.151738 0.475529 0.028939
v 0.180762 0.464888 0.034475
v 0.209073 0.452413 0.039874
v 0.236559 0.438154 0.045116
v 0.263110 0.422164 0.050180
v 0.288624 0.404509 0.055046
v 0.312998 0.385256 0.059694
v 0.336137 0.364484 0.064107
v 0.357950 0.342274 0.068268
v 0.378349 0.318712 0.072158
v 0.397256 0.293893 0.075764
v 0.414595 0.267913 0.079071
v 0.430298 0.240877 0.082065
v 0.444302 0.212890 0.084737
v 0.456554 0.184062 0.087073
v 0.467003 0.154509 0.089066
v 0.475609 0.124345 0.090707
v 0.482338 0.093691 0.091991
v 0.487164 0.062667 0.092911
v 0.490067 0.031396 0.093465
v 0.491036 0.000000 0.093649
v 0.490067 -0.031395 0.093465
v 0.487164 -0.062666 0.092911
v 0.482338 -0.093690 0.091991
v 0.475609 -0.124345 0.090707
v 0.467003 -0.154509 0.089066
v 0.456554 -0.184062 0.087073
v 0.444302 -0.212890 0.084737
v 0.430298 -0.240877 0.082066
v 0.414595 -0.267913 0.079071
v 0.397256 -0.293893 0.075764
v 0.378349 -0.318712 0.072158
v 0.357950 -0.342274 0.068268
v 0.336137 -0.364484 0.064107
v 0.312998 -0.385256 0.059694
v 0.288624 -0.404509 0.055046
v 0.263110 -0.422164 0.050180
v 0.236559 -0.438154 0.045116
v 0.209073 -0.452413 0.039874
v 0.180762 -0.464888 0.034475
v 0.151738 -0.475529 0.028939
v 0.122116 -0.484291 0.023290
v 0.092011 -0.491143 0.017548
v 0.061543 -0.496058 0.011737
v 0.030832 -0.499014 0.005880
v 0.030232 0.499014 0.008439
v 0.060345 0.496058 0.016845
v 0.090220 0.491143 0.025184
v 0.119738 0.484291 0.033424
v 0.148784 0.475529 0.041532
v 0.177243 0.464888 0.049476
v 0.205003 0.452413 0.057225
v 0.231953 0.438154 0.064748
v 0.257987 0.422164 0.072015
v 0.283004 0.404509 0.078999
v 0.306904 0.385256 0.085670
v 0.329593 0.364484 0.092004
v 0.350980 0.342274 0.097974
v 0.370984 0.318712 0.103558
v 0.389522 0.293893 0.108733
v 0.406523 0.267913 0.113479
v 0.421920 0.240877 0.117776
v 0.435652 0.212890 0.121610
v 0.447665 0.184063 0.124963
v 0.457910 0.154509 0.127823
v 0.466349 0.124345 0.130178
v 0.472947 0.093691 0.132021
v 0.477679 0.062667 0.133341
v 0.480526 0.031396 0.134136
v 0.481475 0.000000 0.134401
v 0.480526 -0.031395 0.134136
v 0.477679 -0.062666 0.133341
v 0.472947 -0.093690 0.132021
v 0.466349 -0.124345 0.130178
v 0.457910 -0.154508 0.127823
v 0.447665 -0.184062 0.124963
v 0.435652 -0.212889 0.121610
v 0.421920 -0.240877 0.117776
v 0.406523 -0.267913 0.113479
v 0.389522 -0.293893 0.108733
v 0.370984 -0.318712 0.103558
v 0.350980 -0.342274 0.097974
v 0.329593 -0.364484 0.092004
v 0.306904 -0.385256 0.085670
v 0.283004 -0.404509 0.078999
v 0.257987 -0.422164 0.072015
v 0.231953 -0.438154 0.064748
v 0.205003 -0.452413 0.057225
v 0.177243 -0.464888 0.049476
v 0.148784 -0.475529 0.041532
v 0.119738 -0.484291 0.033424
v 0.090220 -0.491143 0.025184
v 0.060345 -0.496058 0.016845
v 0.030232 -0.499014 0.008439
v 0.029420 0.499014 0.010939
v 0.058724 0.496058 0.021834
v 0.087795 0.491143 0.032644
v 0.116521 0.484291 0.043324
v 0.144786 0.475529 0.053834
v 0.172481 0.464888 0.064131
v 0.199494 0.452413 0.074175
v 0.225720 0.438154 0.083926
v 0.251055 0.422164 0.093346
v 0.275400 0.404509 0.102398
v 0.298657 0.385256 0.111045
v 0.320737 0.364484 0.119255
v 0.341550 0.342274 0.126993
v 0.361015 0.318712 0.134231
v 0.379055 0.293893 0.140939
v 0.395600 0.267913 0.147090
v 0.410583 0.240877 0.152661
v 0.423946 0.212890 0.157630
v 0.435636 0.184063 0.161976
v 0.445606 0.154509 0.165683
v 0.453818 0.124345 0.168736
v 0.460239 0.093691 0.171124
v 0.464843 0.062667 0.172836
v 0.467614 0.031396 0.173866
v 0.468538 0.000000 0.174210
v 0.467614 -0.031395 0.173866
v 0.464843 -0.062666 0.172836
v 0.460239 -0.093690 0.171124
v 0.453818 -0.124345 0.168736
v 0.445606 -0.154508 0.165683
v 0.435636 -0.184062 0.161976
v 0.423946 -0.212889 0.157630
v 0.410583 -0.240877 0.152661
v 0.395600 -0.267913 0.147090
v 0.379055 -0.293893 0.140939
v 0.361015 -0.318712 0.134231
v 0.341550 -0.342274 0.126993
v 0.320737 -0.364484 0.119255
v 0.298657 -0.385256 0.111045
v 0.275400 -0.404509 0.102398
v 0.251055 -0.422164 0.093346
v 0.225720 -0.438154 0.083926
v 0.199494 -0.452413 0.074175
v 0.172481 -0.464888 0.064131
v 0.144786 -0.475529 0.053834
v 0.116521 -0.484291 0.043324
v 0.087795 -0.491143 0.032644
v 0.058724 -0.496058 0.021834
v 0.029420 -0.499014 0.010939
v 0.028401 0.499014 0.013362
v 0.056690 0.496058 0.026670
v 0.084755 0.491143 0.039874
v 0.112486 0.484291 0.052920
v 0.139773 0.475529 0.065758
v 0.166508 0.464888 0.078336
v 0.192586 0.452413 0.090604
v 0.217904 0.438154 0.102515
v 0.242362 0.422164 0.114022
v 0.265864 0.404509 0.125079
v 0.288316 0.385256 0.135641
v 0.309631 0.364484 0.145669
v 0.329723 0.342274 0.155122
v 0.348514 0.318712 0.163963
v 0.365930 0.293893 0.172156
v 0.381902 0.267913 0.179670
v 0.396366 0.240877 0.186475
v 0.409266 0.212890 0.192544
v 0.420551 0.184063 0.197853
v 0.430177 0.154509 0.202381
v 0.438104 0.124345 0.206111
v 0.444302 0.093691 0.209027
v 0.448748 0.062667 0.211118
v 0.451422 0.031396 0.212376
v 0.452314 0.000000 0.212796
v 0.451422 -0.031395 0.212376
v 0.448748 -0.062666 0.211118
v 0.444302 -0.093690 0.209027
v 0.438104 -0.124345 0.206111
v 0.430177 -0.154508 0.202381
v 0.420551 -0.184062 0.197853
v 0.409266 -0.212889 0.192544
v 0.396366 -0.240877 0.186475
v 0.381902 -0.267913 0.179670
v 0.365930 -0.293893 0.172156
v 0.348514 -0.318712 0.163963
v 0.329723 -0.342274 0.155122
v 0.309631 -0.364484 0.145669
v 0.288316 -0.385256 0.135642
v 0.265864 -0.404509 0.125079
v 0.242362 -0.422164 0.114022
v 0.217904 -0.438154 0.102516
v 0.192586 -0.452413 0.090604
v 0.166508 -0.464888 0.078336
v 0.139773 -0.475529 0.065758
v 0.112486 -0.484291 0.052920
v 0.084755 -0.491143 0.039874
v 0.056690 -0.496058 0.026670
v 0.028401 -0.499014 0.013362
v 0.027183 0.499014 0.015691
v 0.054259 0.496058 0.031320
v 0.081121 0.491143 0.046825
v 0.107662 0.484291 0.062145
v 0.133779 0.475529 0.077221
v 0.159368 0.464888 0.091991
v 0.184328 0.452413 0.106398
v 0.208560 0.438154 0.120386
v 0.231969 0.422164 0.133898
v 0.254463 0.404509 0.146882
v 0.275952 0.385256 0.159286
v 0.296352 0.364484 0.171062
v 0.315583 0.342274 0.182162
v 0.333569 0.318712 0.192544
v 0.350238 0.293893 0.202165
v 0.365525 0.267914 0.210989
v 0.379369 0.240877 0.218980
v 0.391716 0.212890 0.226108
v 0.402517 0.184063 0.232342
v 0.411729 0.154509 0.237660
v 0.419317 0.124345 0.242040
v 0.425250 0.093691 0.245464
v 0.429504 0.062667 0.247920
v 0.432064 0.031396 0.249398
v 0.432917 0.000000 0.249890
v 0.432064 -0.031395 0.249398
v 0.429504 -0.062666 0.247920
v 0.425250 -0.093690 0.245464
v 0.419317 -0.124345 0.242040
v 0.411729 -0.154508 0.237660
v 0.402517 -0.184062 0.232342
v 0.391716 -0.212889 0.226108
v 0.379369 -0.240877 0.218980
v 0.365525 -0.267913 0.210989
v 0.350238 -0.293892 0.202165
v 0.333569 -0.318712 0.192544
v 0.315583 -0.342274 0.182162
v 0.296352 -0.364484 0.171062
v 0.275952 -0.385256 0.159286
v 0.254463 -0.404509 0.146882
v 0.231969 -0.422164 0.133898
v 0.208560 -0.438154 0.120386
v 0.184328 -0.452413 0.106398
v 0.159368 -0.464888 0.091991
v 0.133779 -0.475529 0.077221
v 0.107662 -0.484291 0.062145
v 0.081121 -0.491143 0.046825
v 0.054259 -0.496058 0.031320
v 0.027183 -0.499014 0.015691
v 0.025774 0.499014 0.017910
v 0.051447 0.496058 0.035749
v 0.076917 0.491143 0.053447
v 0.102084 0.484291 0.070934
v 0.126847 0.475529 0.088141
v 0.151109 0.464888 0.105001
v 0.174776 0.452413 0.121446
v 0.197753 0.438154 0.137411
v 0.219949 0.422164 0.152835
v 0.241277 0.404509 0.167655
v 0.261653 0.385256 0.181814
v 0.280996 0.364484 0.195254
v 0.299230 0.342274 0.207925
v 0.316284 0.318712 0.219775
v 0.332089 0.293893 0.230757
v 0.346583 0.267914 0.240829
v 0.359710 0.240877 0.249950
v 0.371417 0.212890 0.258085
v 0.381659 0.184063 0.265202
v 0.390394 0.154509 0.271271
v 0.397588 0.124345 0.276271
v 0.403214 0.093691 0.280180
v 0.407248 0.062667 0.282982
v 0.409675 0.031396 0.284669
v 0.410484 0.000000 0.285232
v 0.409675 -0.031395 0.284669
v 0.407248 -0.062666 0.282982
v 0.403214 -0.093690 0.280180
v 0.397588 -0.124345 0.276271
v 0.390394 -0.154508 0.271271
v 0.381659 -0.184062 0.265202
v 0.371417 -0.212889 0.258085
v 0.359710 -0.240877 0.249950
v 0.346583 -0.267913 0.240829
v 0.332089 -0.293892 0.230757
v 0.316284 -0.318712 0.219775
v 0.299230 -0.342273 0.207925
v 0.280996 -0.364484 0.195254
v 0.261653 -0.385256 0.181814
v 0.241277 -0.404509 0.167655
v 0.219949 -0.422164 0.152835
v 0.197753 -0.438154 0.137411
v 0.174776 -0.452413 0.121446
v 0.151109 -0.464888 0.105001
v 0.126847 -0.475529 0.088141
v 0.102084 -0.484291 0.070934
v 0.076917 -0.491143 0.053447
v 0.051447 -0.496058 0.035749
v 0.025774 -0.499014 0.017910
v 0.024185 0.499014 0.020003
v 0.048275 0.496058 0.039927
v 0.072174 0.491143 0.059694
v 0.095788 0.484291 0.079226
v 0.119025 0.475529 0.098444
v 0.141791 0.464888 0.117274
v 0.163998 0.452413 0.135641
v 0.185558 0.438154 0.153473
v 0.206386 0.422164 0.170700
v 0.226398 0.404509 0.187252
v 0.245518 0.385257 0.203065
v 0.263669 0.364485 0.218078
v 0.280778 0.342274 0.232229
v 0.296780 0.318712 0.245464
v 0.311611 0.293893 0.257730
v 0.325212 0.267914 0.268979
v 0.337529 0.240877 0.279167
v 0.348514 0.212890 0.288253
v 0.358124 0.184063 0.296201
v 0.366321 0.154509 0.302980
v 0.373071 0.124345 0.308564
v 0.378349 0.093691 0.312930
v 0.382135 0.062667 0.316060
v 0.384412 0.031396 0.317943
v 0.385172 0.000000 0.318572
v 0.384412 -0.031395 0.317943
v 0.382135 -0.062666 0.316060
v 0.378349 -0.093690 0.312930
v 0.373071 -0.124345 0.308564
v 0.366321 -0.154508 0.302980
v 0.358124 -0.184062 0.296201
v 0.348514 -0.212889 0.288253
v 0.337529 -0.240877 0.279167
v 0.325212 -0.267913 0.268979
v 0.311611 -0.293892 0.257730
v 0.296780 -0.318712 0.245464
v 0.280778 -0.342273 0.232229
v 0.263669 -0.364484 0.218078
v 0.245518 -0.385256 0.203065
v 0.226398 -0.404509 0.187252
v 0.206386 -0.422164 0.170700
v 0.185558 -0.438154 0.153473
v 0.163998 -0.452413 0.135642
v 0.141791 -0.464888 0.117275
v 0.119025 -0.475529 0.098444
v 0.095788 -0.484291 0.079226
v 0.072174 -0.491143 0.059694
v 0.048275 -0.496058 0.039928
v 0.024185 -0.499014 0.020003
v 0.022426 0.499014 0.021956
v 0.044764 0.496058 0.043826
v 0.066925 0.491143 0.065523
v 0.088822 0.484291 0.086961
v 0.110368 0.475529 0.108057
v 0.131479 0.464888 0.128725
v 0.152071 0.452413 0.148886
v 0.172062 0.438154 0.168459
v 0.191375 0.422164 0.187367
v 0.209932 0.404509 0.205536
v 0.227661 0.385257 0.222893
v 0.244491 0.364485 0.239371
v 0.260357 0.342274 0.254905
v 0.275195 0.318712 0.269432
v 0.288947 0.293893 0.282896
v 0.301558 0.267914 0.295243
v 0.312980 0.240877 0.306425
v 0.323166 0.212890 0.316399
v 0.332077 0.184063 0.325123
v 0.339677 0.154509 0.332564
v 0.345937 0.124345 0.338692
v 0.350831 0.093691 0.343484
v 0.354342 0.062667 0.346921
v 0.356453 0.031396 0.348988
v 0.357158 0.000000 0.349678
v 0.356453 -0.031395 0.348988
v 0.354342 -0.062666 0.346921
v 0.350831 -0.093690 0.343484
v 0.345937 -0.124345 0.338692
v 0.339677 -0.154508 0.332564
v 0.332077 -0.184062 0.325123
v 0.323166 -0.212889 0.316399
v 0.312980 -0.240877 0.306426
v 0.301558 -0.267913 0.295243
v 0.288947 -0.293892 0.282896
v 0.275195 -0.318712 0.269432
v 0.260357 -0.342273 0.254905
v 0.244491 -0.364484 0.239371
v 0.227661 -0.385256 0.222893
v 0.209932 -0.404508 0.205536
v 0.191375 -0.422164 0.187367
v 0.172062 -0.438154 0.168459
v 0.152071 -0.452413 0.148886
v 0.131479 -0.464888 0.128725
v 0.110368 -0.475529 0.108057
v 0.088822 -0.484291 0.086961
v 0.066925 -0.491143 0.065523
v 0.044764 -0.496058 0.043826
v 0.022426 -0.499014 0.021956
v 0.020510 0.499014 0.023756
v 0.040939 0.496058 0.047418
v 0.061206 0.491143 0.070892
v 0.081232 0.484291 0.094087
v 0.100937 0.475529 0.116911
v 0.120244 0.464888 0.139273
v 0.139076 0.452413 0.161086
v 0.157359 0.438154 0.182262
v 0.175022 0.422164 0.202720
v 0.191993 0.404509 0.222378
v 0.208207 0.385257 0.241158
v 0.223599 0.364485 0.258986
v 0.238109 0.342274 0.275792
v 0.251679 0.318712 0.291510
v 0.264256 0.293893 0.306077
v 0.275790 0.267914 0.319436
v 0.286236 0.240877 0.331534
v 0.295552 0.212890 0.342325
v 0.303701 0.184063 0.351764
v 0.310652 0.154509 0.359815
v 0.316377 0.124345 0.366446
v 0.320853 0.093691 0.371630
v 0.324063 0.062667 0.375348
v 0.325994 0.031396 0.377585
v 0.326638 0.000000 0.378331
v 0.325994 -0.031395 0.377585
v 0.324063 -0.062666 0.375348
v 0.320853 -0.093690 0.371630
v 0.316377 -0.124345 0.366446
v 0.310652 -0.154508 0.359815
v 0.303701 -0.184062 0.351764
v 0.295552 -0.212889 0.342325
v 0.286236 -0.240877 0.331535
v 0.275790 -0.267913 0.319436
v 0.264256 -0.293892 0.306077
v 0.251679 -0.318712 0.291510
v 0.238109 -0.342273 0.275792
v 0.223599 -0.364484 0.258986
v 0.208207 -0.385256 0.241158
v 0.191993 -0.404508 0.222378
v 0.175022 -0.422164 0.202720
v 0.157359 -0.438154 0.182263
v 0.139076 -0.452413 0.161086
v 0.120244 -0.464888 0.139273
v 0.100937 -0.475529 0.116911
v 0.081232 -0.484291 0.094087
v 0.061206 -0.491143 0.070892
v 0.040939 -0.496058 0.047418
v 0.020510 -0.499014 0.023756
v 0.018449 0.499014 0.025388
v 0.036826 0.496058 0.050676
v 0.055058 0.491143 0.075764
v 0.073072 0.484291 0.100553
v 0.090798 0.475529 0.124945
v 0.108165 0.464888 0.148844
v 0.125106 0.452413 0.172156
v 0.141553 0.438154 0.194788
v 0.157441 0.422164 0.216651
v 0.172708 0.404509 0.237660
v 0.187293 0.385257 0.257730
v 0.201139 0.364485 0.276783
v 0.214191 0.342274 0.294745
v 0.226398 0.318712 0.311542
v 0.237712 0.293893 0.327110
v 0.248088 0.267914 0.341388
v 0.257483 0.240877 0.354318
v 0.265864 0.212890 0.365850
v 0.273195 0.184063 0.375938
v 0.279447 0.154509 0.384542
v 0.284597 0.124345 0.391628
v 0.288624 0.093691 0.397169
v 0.291512 0.062667 0.401143
v 0.293248 0.031396 0.403533
v 0.293828 0.000000 0.404331
v 0.293248 -0.031395 0.403533
v 0.291512 -0.062666 0.401143
v 0.288624 -0.093690 0.397169
v 0.284597 -0.124345 0.391628
v 0.279447 -0.154508 0.384542
v 0.273195 -0.184062 0.375938
v 0.265864 -0.212889 0.365850
v 0.257483 -0.240877 0.354318
v 0.248088 -0.267913 0.341388
v 0.237712 -0.293892 0.327110
v 0.226398 -0.318712 0.311542
v 0.214191 -0.342273 0.294745
v 0.201139 -0.364484 0.276784
v 0.187293 -0.385256 0.257730
v 0.172708 -0.404508 0.237660
v 0.157441 -0.422164 0.216651
v 0.141553 -0.438154 0.194788
v 0.125106 -0.452413 0.172156
v 0.108165 -0.464888 0.148844
v 0.090798 -0.475529 0.124945
v 0.073072 -0.484291 0.100553
v 0.055058 -0.491143 0.075764
v 0.036826 -0.496058 0.050676
v 0.018449 -0.499014 0.025388
v 0.016260 0.499014 0.026843
v 0.032456 0.496058 0.053579
v 0.048524 0.491143 0.080104
v 0.064400 0.484291 0.106313
v 0.080022 0.475529 0.132103
v 0.095328 0.464888 0.157371
v 0.110258 0.452413 0.182018
v 0.124754 0.438154 0.205947
v 0.138756 0.422164 0.229063
v 0.152211 0.404509 0.251275
v 0.165065 0.385257 0.272495
v 0.177268 0.364485 0.292640
v 0.188771 0.342274 0.311630
v 0.199530 0.318712 0.329390
v 0.209501 0.293893 0.345850
v 0.218644 0.267914 0.360946
v 0.226925 0.240877 0.374616
v 0.234311 0.212890 0.386809
v 0.240772 0.184063 0.397475
v 0.246282 0.154509 0.406572
v 0.250821 0.124345 0.414064
v 0.254370 0.093691 0.419922
v 0.256915 0.062667 0.424124
v 0.258446 0.031396 0.426651
v 0.258957 0.000000 0.427494
v 0.258446 -0.031395 0.426651
v 0.256915 -0.062666 0.424124
v 0.254370 -0.093690 0.419922
v 0.250821 -0.124345 0.414064
v 0.246282 -0.154508 0.406572
v 0.240772 -0.184062 0.397475
v 0.234311 -0.212889 0.386809
v 0.226925 -0.240877 0.374616
v 0.218644 -0.267913 0.360946
v 0.209501 -0.293892 0.345850
v 0.199530 -0.318712 0.329390
v 0.188771 -0.342273 0.311630
v 0.177268 -0.364484 0.292640
v 0.165065 -0.385256 0.272495
v 0.152211 -0.404508 0.251275
v 0.138756 -0.422164 0.229063
v 0.124754 -0.438153 0.205947
v 0.110258 -0.452413 0.182018
v 0.095328 -0.464888 0.157371
v 0.080022 -0.475529 0.132103
v 0.064400 -0.484291 0.106313
v 0.048524 -0.491143 0.080104
v 0.032456 -0.496058 0.053580
v 0.016260 -0.499014 0.026843
v 0.013956 0.499014 0.028109
v 0.027858 0.496058 0.056106
v 0.041649 0.491143 0.083883
v 0.055276 0.484291 0.111329
v 0.068685 0.475529 0.138334
v 0.081823 0.464888 0.164795
v 0.094638 0.452413 0.190604
v 0.107079 0.438154 0.215662
v 0.119097 0.422164 0.239868
v 0.130646 0.404509 0.263127
v 0.141679 0.385257 0.285349
v 0.152154 0.364485 0.306444
v 0.162027 0.342274 0.326330
v 0.171261 0.318712 0.344928
v 0.179819 0.293893 0.362164
v 0.187668 0.267914 0.377972
v 0.194776 0.240877 0.392287
v 0.201115 0.212890 0.405055
v 0.206661 0.184063 0.416223
v 0.211390 0.154509 0.425750
v 0.215286 0.124345 0.433595
v 0.218332 0.093691 0.439730
v 0.220516 0.062667 0.444130
v 0.221830 0.031396 0.446776
v 0.222269 0.000000 0.447660
v 0.221830 -0.031395 0.446776
v 0.220516 -0.062666 0.444130
v 0.218332 -0.093690 0.439730
v 0.215286 -0.124345 0.433595
v 0.211390 -0.154508 0.425750
v 0.206661 -0.184062 0.416223
v 0.201115 -0.212889 0.405055
v 0.194776 -0.240877 0.392287
v 0.187668 -0.267913 0.377972
v 0.179819 -0.293892 0.362164
v 0.171261 -0.318712 0.344928
v 0.162027 -0.342273 0.326330
v 0.152154 -0.364484 0.306444
v 0.141679 -0.385256 0.285349
v 0.130646 -0.404508 0.263128
v 0.119097 -0.422164 0.239868
v 0.107079 -0.438153 0.215662
v 0.094638 -0.452413 0.190604
v 0.081823 -0.464888 0.164795
v 0.068685 -0.475529 0.138334
v 0.055276 -0.484291 0.111329
v 0.041649 -0.491143 0.083883
v 0.027858 -0.496058 0.056106
v 0.013956 -0.499014 0.028109
v 0.011555 0.499014 0.029178
v 0.023064 0.496058 0.058240
v 0.034482 0.491143 0.087073
v 0.045764 0.484291 0.115562
v 0.056866 0.475529 0.143595
v 0.067743 0.464888 0.171062
v 0.078353 0.452414 0.197853
v 0.088653 0.438154 0.223863
v 0.098604 0.422164 0.248990
v 0.108165 0.404509 0.273135
v 0.117300 0.385257 0.296201
v 0.125972 0.364485 0.318098
v 0.134146 0.342274 0.338740
v 0.141791 0.318712 0.358045
v 0.148877 0.293893 0.375937
v 0.155375 0.267914 0.392346
v 0.161260 0.240877 0.407206
v 0.166508 0.212890 0.420459
v 0.171099 0.184063 0.432053
v 0.175015 0.154509 0.441941
v 0.178240 0.124345 0.450085
v 0.180762 0.093691 0.456454
v 0.182571 0.062667 0.461020
v 0.183659 0.031396 0.463767
v 0.184022 0.000000 0.464684
v 0.183659 -0.031395 0.463767
v 0.182571 -0.062666 0.461020
v 0.180762 -0.093690 0.456454
v 0.178240 -0.124345 0.450085
v 0.175015 -0.154508 0.441941
v 0.171099 -0.184062 0.432053
v 0.166508 -0.212889 0.420459
v 0.161260 -0.240877 0.407206
v 0.155375 -0.267913 0.392346
v 0.148877 -0.293892 0.375938
v 0.141791 -0.318712 0.358045
v 0.134146 -0.342273 0.338740
v 0.125972 -0.364484 0.318098
v 0.117300 -0.385256 0.296201
v 0.108165 -0.404508 0.273135
v 0.098604 -0.422164 0.248990
v 0.088653 -0.438153 0.223863
v 0.078353 -0.452413 0.197853
v 0.067743 -0.464888 0.171062
v 0.056866 -0.475529 0.143596
v 0.045764 -0.484291 0.115562
v 0.034482 -0.491143 0.087073
v 0.023064 -0.496058 0.058240
v 0.011555 -0.499014 0.029178
v 0.009072 0.499014 0.030042
v 0.018109 0.496058 0.059966
v 0.027074 0.491143 0.089653
v 0.035932 0.484291 0.118986
v 0.044648 0.475529 0.147849
v 0.053188 0.464888 0.176129
v 0.061518 0.452414 0.203714
v 0.069606 0.438154 0.230495
v 0.077419 0.422164 0.256366
v 0.084926 0.404509 0.281226
v 0.092098 0.385257 0.304976
v 0.098906 0.364485 0.327521
v 0.105324 0.342274 0.348775
v 0.111327 0.318712 0.368652
v 0.116890 0.293893 0.387074
v 0.121992 0.267914 0.403969
v 0.126612 0.240877 0.419268
v 0.130733 0.212890 0.432914
v 0.134338 0.184063 0.444852
v 0.137413 0.154509 0.455033
v 0.139945 0.124345 0.463419
v 0.141925 0.093691 0.469975
v 0.143345 0.062667 0.474677
v 0.144199 0.031396 0.477506
v 0.144484 0.000000 0.478450
v 0.144199 -0.031395 0.477506
v 0.143345 -0.062666 0.474677
v 0.141925 -0.093690 0.469975
v 0.139945 -0.124345 0.463419
v 0.137413 -0.154508 0.455033
v 0.134338 -0.184062 0.444852
v 0.130733 -0.212889 0.432915
v 0.126612 -0.240877 0.419269
v 0.121992 -0.267913 0.403969
v 0.116890 -0.293892 0.387074
v 0.111327 -0.318712 0.368652
v 0.105324 -0.342273 0.348775
v 0.098906 -0.364484 0.327521
v 0.092098 -0.385256 0.304976
v 0.084926 -0.404508 0.281226
v 0.077419 -0.422164 0.256366
v 0.069606 -0.438153 0.230495
v 0.061518 -0.452413 0.203714
v 0.053188 -0.464888 0.176129
v 0.044648 -0.475529 0.147849
v 0.035932 -0.484291 0.118986
v 0.027074 -0.491143 0.089653
v 0.018109 -0.496058 0.059966
v 0.009072 -0.499014 0.030042
v 0.006526 0.499014 0.030695
v 0.013026 0.496058 0.061270
v 0.019475 0.491143 0.091603
v 0.025847 0.484291 0.121574
v 0.032117 0.475529 0.151066
v 0.038260 0.464888 0.179961
v 0.044253 0.452414 0.208146
v 0.050070 0.438154 0.235510
v 0.055690 0.422164 0.261944
v 0.061091 0.404509 0.287344
v 0.066249 0.385257 0.311611
v 0.071147 0.364485 0.334647
v 0.075764 0.342274 0.356363
v 0.080082 0.318712 0.376673
v 0.084084 0.293893 0.395495
v 0.087754 0.267914 0.412758
v 0.091077 0.240877 0.428390
v 0.094041 0.212890 0.442333
v 0.096634 0.184063 0.454530
v 0.098846 0.154509 0.464933
v 0.100668 0.124345 0.473501
v 0.102092 0.093691 0.480200
v 0.103114 0.062667 0.485005
v 0.103728 0.031396 0.487895
v 0.103933 0.000000 0.488859
v 0.103728 -0.031395 0.487895
v 0.103114 -0.062666 0.485005
v 0.102092 -0.093690 0.480200
v 0.100668 -0.124345 0.473501
v 0.098846 -0.154508 0.464933
v 0.096634 -0.184062 0.454530
v 0.094041 -0.212889 0.442333
v 0.091077 -0.240877 0.428391
v 0.087754 -0.267913 0.412758
v 0.084084 -0.293892 0.395495
v 0.080082 -0.318712 0.376673
v 0.075764 -0.342273 0.356363
v 0.071147 -0.364484 0.334647
v 0.066249 -0.385256 0.311611
v 0.061091 -0.404508 0.287344
v 0.055690 -0.422164 0.261944
v 0.050070 -0.438153 0.235510
v 0.044253 -0.452413 0.208146
v 0.038260 -0.464888 0.179961
v 0.032117 -0.475529 0.151066
v 0.025847 -0.484291 0.121574
v 0.019475 -0.491143 0.091603
v 0.013026 -0.496058 0.061270
v 0.006526 -0.499014 0.030696
v 0.003934 0.499014 0.031134
v 0.007852 0.496058 0.062145
v 0.011740 0.491143 0.092911
v 0.015581 0.484291 0.123310
v 0.019361 0.475529 0.153223
v 0.023064 0.464888 0.182531
v 0.026676 0.452414 0.211118
v 0.030183 0.438154 0.238873
v 0.033571 0.422164 0.265684
v 0.036826 0.404509 0.291448
v 0.039936 0.385257 0.316060
v 0.042889 0.364485 0.339425
v 0.045672 0.342274 0.361452
v 0.048275 0.318712 0.382051
v 0.050687 0.293893 0.401143
v 0.052899 0.267914 0.418651
v 0.054903 0.240877 0.434508
v 0.056690 0.212890 0.448650
v 0.058253 0.184063 0.461020
v 0.059586 0.154509 0.471572
v 0.060685 0.124345 0.480262
v 0.061543 0.093691 0.487057
v 0.062159 0.062667 0.491930
v 0.062529 0.031396 0.494861
v 0.062653 0.000000 0.495840
v 0.062529 -0.031395 0.494861
v 0.062159 -0.062666 0.491930
v 0.061543 -0.093690 0.487057
v 0.060685 -0.124345 0.480262
v 0.059586 -0.154508 0.471572
v 0.058253 -0.184062 0.461020
v 0.056690 -0.212889 0.448650
v 0.054903 -0.240877 0.434508
v 0.052899 -0.267913 0.418651
v 0.050687 -0.293892 0.401143
v 0.048275 -0.318712 0.382051
v 0.045672 -0.342273 0.361452
v 0.042889 -0.364484 0.339426
v 0.039936 -0.385256 0.316060
v 0.036826 -0.404508 0.291448
v 0.033571 -0.422164 0.265684
v 0.030183 -0.438153 0.238873
v 0.026676 -0.452413 0.211118
v 0.023064 -0.464888 0.182531
v 0.019361 -0.475529 0.153223
v 0.015581 -0.484291 0.123310
v 0.011740 -0.491143 0.092911
v 0.007852 -0.496058 0.062145
v 0.003934 -0.499014 0.031134
v 0.001314 0.499014 0.031354
v 0.002623 0.496058 0.062584
v 0.003923 0.491143 0.093567
v 0.005206 0.484291 0.124181
v 0.006469 0.475529 0.154305
v 0.007706 0.464888 0.183820
v 0.008913 0.452414 0.212610
v 0.010085 0.438154 0.240560
v 0.011217 0.422164 0.267561
v 0.012304 0.404509 0.293506
v 0.013343 0.385257 0.318293
v 0.014330 0.364485 0.341823
v 0.015260 0.342274 0.364005
v 0.016129 0.318712 0.384750
v 0.016935 0.293893 0.403976
v 0.017675 0.267914 0.421608
v 0.018344 0.240877 0.437577
v 0.018941 0.212890 0.451819
v 0.019463 0.184063 0.464277
v 0.019909 0.154509 0.474903
v 0.020276 0.124345 0.483655
v 0.020562 0.093691 0.490498
v 0.020768 0.062667 0.495405
v 0.020892 0.031396 0.498357
v 0.020933 0.000000 0.499342
v 0.020892 -0.031395 0.498357
v 0.020768 -0.062666 0.495405
v 0.020562 -0.093690 0.490498
v 0.020276 -0.124345 0.483655
v 0.019909 -0.154508 0.474903
v 0.019463 -0.184062 0.464277
v 0.018941 -0.212889 0.451819
v 0.018344 -0.240877 0.437577
v 0.017675 -0.267913 0.421608
v 0.016935 -0.293892 0.403976
v 0.016129 -0.318712 0.384750
v 0.015260 -0.342273 0.364005
v 0.014330 -0.364484 0.341824
v 0.013343 -0.385256 0.318293
v 0.012304 -0.404508 0.293506
v 0.011217 -0.422164 0.267561
v 0.010085 -0.438153 0.240560
v 0.008913 -0.452413 0.212610
v 0.007706 -0.464888 0.183820
v 0.006469 -0.475529 0.154305
v 0.005206 -0.484291 0.124182
v 0.003923 -0.491143 0.093567
v 0.002623 -0.496058 0.062584
v 0.001314 -0.499014 0.031354
v -0.001314 0.499014 0.031354
v -0.002623 0.496058 0.062584
v -0.003923 0.491143 0.093567
v -0.005206 0.484291 0.124181
v -0.006469 0.475529 0.154305
v -0.007706 0.464888 0.183820
v -0.008913 0.452414 0.212610
v -0.010085 0.438154 0.240560
v -0.011217 0.422164 0.267561
v -0.012304 0.404509 0.293506
v -0.013344 0.385257 0.318293
v -0.014330 0.364485 0.341823
v -0.015260 0.342274 0.364005
v -0.016129 0.318712 0.384750
v -0.016935 0.293893 0.403976
v -0.017675 0.267914 0.421608
v -0.018344 0.240877 0.437577
v -0.018941 0.212890 0.451819
v -0.019463 0.184063 0.464277
v -0.019909 0.154509 0.474903
v -0.020276 0.124345 0.483655
v -0.020562 0.093691 0.490498
v -0.020768 0.062667 0.495405
v -0.020892 0.031396 0.498357
v -0.020933 0.000000 0.499342
v -0.020892 -0.031395 0.498357
v -0.020768 -0.062666 0.495405
v -0.020562 -0.093690 0.490498
v -0.020276 -0.124345 0.483655
v -0.019909 -0.154508 0.474903
v -0.019463 -0.184062 0.464277
v -0.018941 -0.212889 0.451819
v -0.018344 -0.240877 0.437577
v -0.017675 -0.267913 0.421608
v -0.016935 -0.293892 0.403976
v -0.016129 -0.318712 0.384750
v -0.015260 -0.342273 0.364005
v -0.014330 -0.364484 0.341824
v -0.013344 -0.385256 0.318293
v -0.012304 -0.404508 0.293506
v -0.011217 -0.422164 0.267561
v -0.010085 -0.438153 0.240560
v -0.008913 -0.452413 0.212610
v -0.007706 -0.464888 0.183820
v -0.006469 -0.475529 0.154305
v -0.005206 -0.484291 0.124182
v -0.003923 -0.491143 0.093567
v -0.002623 -0.496058 0.062584
v -0.001314 -0.499014 0.031354
v -0.003934 0.499014 0.031134
v -0.007852 0.496058 0.062145
v -0.011740 0.491143 0.092911
v -0.015581 0.484291 0.123310
v -0.019361 0.475529 0.153223
v -0.023064 0.464888 0.182531
v -0.026676 0.452414 0.211118
v -0.030183 0.438154 0.238873
v -0.033571 0.422164 0.265684
v -0.036826 0.404509 0.291448
v -0.039937 0.385257 0.316060
v -0.042889 0.364485 0.339425
v -0.045672 0.342274 0.361452
v -0.048275 0.318712 0.382051
v -0.050687 0.293893 0.401143
v -0.052899 0.267914 0.418651
v -0.054903 0.240877 0.434508
v -0.056690 0.212890 0.448650
v -0.058253 0.184063 0.461020
v -0.059586 0.154509 0.471572
v -0.060685 0.124345 0.480262
v -0.061543 0.093691 0.487057
v -0.062159 0.062667 0.491930
v -0.062529 0.031396 0.494861
v -0.062653 0.000000 0.495840
v -0.062529 -0.031395 0.494861
v -0.062159 -0.062666 0.491930
v -0.061543 -0.093690 0.487057
v -0.060685 -0.124345 0.480262
v -0.059586 -0.154508 0.471572
v -0.058253 -0.184062 0.461020
v -0.056690 -0.212889 0.448650
v -0.054903 -0.240877 0.434508
v -0.052899 -0.267913 0.418651
v -0.050687 -0.293892 0.401143
v -0.048275 -0.318712 0.382051
v -0.045672 -0.342273 0.361452
v -0.042889 -0.364484 0.339426
v -0.039937 -0.385256 0.316060
v -0.036826 -0.404508 0.291448
v -0.033571 -0.422164 0.265684
v -0.030183 -0.438153 0.238873
v -0.026676 -0.452413 0.211118
v -0.023064 -0.464888 0.182531
v -0.019361 -0.475529 0.153223
v -0.015581 -0.484291 0.123310
v -0.011740 -0.491143 0.092911
v -0.007852 -0.496058 0.062145
v -0.003934 -0.499014 0.031134
v -0.006526 0.499014 0.030695
v -0.013026 0.496058 0.061270
v -0.019475 0.491143 0.091603
v -0.025847 0.484291 0.121574
v -0.032117 0.475529 0.151066
v -0.038261 0.464888 0.179961
v -0.044252 0.452414 0.208146
v -0.050070 0.438154 0.235510
v -0.055690 0.422164 0.261944
v -0.061090 0.404509 0.287344
v -0.066249 0.385257 0.311611
v -0.071147 0.364485 0.334647
v -0.075764 0.342274 0.356363
v -0.080082 0.318712 0.376673
v -0.084084 0.293893 0.395495
v -0.087754 0.267914 0.412757
v -0.091077 0.240877 0.428390
v -0.094041 0.212890 0.442333
v -0.096635 0.184063 0.454530
v -0.098846 0.154509 0.464933
v -0.100668 0.124345 0.473501
v -0.102092 0.093691 0.480200
v -0.103113 0.062667 0.485005
v -0.103728 0.031396 0.487895
v -0.103933 0.000000 0.488859
v -0.103728 -0.031395 0.487895
v -0.103113 -0.062666 0.485005
v -0.102092 -0.093690 0.480200
v -0.100668 -0.124345 0.473501
v -0.098846 -0.154508 0.464933
v -0.096635 -0.184062 0.454530
v -0.094041 -0.212889 0.442333
v -0.091077 -0.240877 0.428391
v -0.087754 -0.267913 0.412757
v -0.084084 -0.293892 0.395495
v -0.080082 -0.318712 0.376673
v -0.075764 -0.342273 0.356363
v -0.071147 -0.364484 0.334647
v -0.066249 -0.385256 0.311611
v -0.061090 -0.404508 0.287344
v -0.055690 -0.422164 0.261944
v -0.050070 -0.438153 0.235510
v -0.044252 -0.452413 0.208146
v -0.038261 -0.464888 0.179961
v -0.032117 -0.475529 0.151066
v -0.025847 -0.484291 0.121574
v -0.019475 -0.491143 0.091603
v -0.013026 -0.496058 0.061270
v -0.006526 -0.499014 0.030696
v -0.009072 0.499014 0.030042
v -0.018109 0.496058 0.059966
v -0.027074 0.491143 0.089653
v -0.035932 0.484291 0.118986
v -0.044648 0.475529 0.147849
v -0.053188 0.464888 0.176129
v -0.061518 0.452414 0.203714
v -0.069606 0.438154 0.230495
v -0.077419 0.422164 0.256366
v -0.084926 0.404509 0.281226
v -0.092098 0.385257 0.304976
v -0.098906 0.364485 0.327521
v -0.105324 0.342274 0.348775
v -0.111327 0.318712 0.368652
v -0.116890 0.293893 0.387074
v -0.121992 0.267914 0.403969
v -0.126612 0.240877 0.419269
v -0.130733 0.212890 0.432914
v -0.134338 0.184063 0.444852
v -0.137413 0.154509 0.455033
v -0.139945 0.124345 0.463419
v -0.141925 0.093691 0.469975
v -0.143345 0.062667 0.474677
v -0.144199 0.031396 0.477506
v -0.144484 0.000000 0.478450
v -0.144199 -0.031395 0.477506
v -0.143345 -0.062666 0.474677
v -0.141925 -0.093690 0.469975
v -0.139945 -0.124345 0.463419
v -0.137413 -0.154508 0.455033
v -0.134338 -0.184062 0.444852
v -0.130733 -0.212889 0.432915
v -0.126612 -0.240877 0.419269
v -0.121992 -0.267913 0.403969
v -0.116890 -0.293892 0.387074
v -0.111327 -0.318712 0.368652
v -0.105324 -0.342273 0.348775
v -0.098906 -0.364484 0.327521
v -0.092098 -0.385256 0.304976
v -0.084926 -0.404508 0.281226
v -0.077419 -0.422164 0.256367
v -0.069606 -0.438153 0.230495
v -0.061518 -0.452413 0.203714
v -0.053188 -0.464888 0.176129
v -0.044648 -0.475529 0.147849
v -0.035932 -0.484291 0.118986
v -0.027074 -0.491143 0.089653
v -0.018109 -0.496058 0.059966
v -0.009072 -0.499014 0.030042
v -0.011555 0.499014 0.029178
v -0.023064 0.496058 0.058240
v -0.034482 0.491143 0.087073
v -0.045764 0.484291 0.115562
v -0.056866 0.475529 0.143595
v -0.067743 0.464888 0.171062
v -0.078353 0.452414 0.197853
v -0.088653 0.438154 0.223863
v -0.098604 0.422164 0.248990
v -0.108165 0.404509 0.273135
v -0.117300 0.385257 0.296201
v -0.125972 0.364485 0.318098
v -0.134146 0.342274 0.338740
v -0.141791 0.318712 0.358045
v -0.148877 0.293893 0.375937
v -0.155375 0.267914 0.392346
v -0.161260 0.240877 0.407206
v -0.166508 0.212890 0.420459
v -0.171099 0.184063 0.432053
v -0.175015 0.154509 0.441941
v -0.178240 0.124345 0.450085
v -0.180762 0.093691 0.456454
v -0.182571 0.062667 0.461020
v -0.183659 0.031396 0.463767
v -0.184022 0.000000 0.464684
v -0.183659 -0.031395 0.463767
v -0.182571 -0.062666 0.461020
v -0.180762 -0.093690 0.456454
v -0.178240 -0.124345 0.450085
v -0.175015 -0.154508 0.441941
v -0.171099 -0.184062 0.432053
v -0.166508 -0.212889 0.420459
v -0.161260 -0.240877 0.407206
v -0.155375 -0.267913 0.392346
v -0.148877 -0.293892 0.375938
v -0.141791 -0.318712 0.358045
v -0.134146 -0.342273 0.338740
v -0.125972 -0.364484 0.318098
v -0.117300 -0.385256 0.296201
v -0.108165 -0.404508 0.273135
v -0.098604 -0.422164 0.248990
v -0.088653 -0.438153 0.223863
v -0.078353 -0.452413 0.197853
v -0.067743 -0.464888 0.171062
v -0.056866 -0.475529 0.143596
v -0.045764 -0.484291 0.115562
v -0.034482 -0.491143 0.087073
v -0.023064 -0.496058 0.058240
v -0.011555 -0.499014 0.029178
v -0.013956 0.499014 0.028109
v -0.027858 0.496058 0.056106
v -0.041649 0.491143 0.083883
v -0.055276 0.484291 0.111329
v -0.068685 0.475529 0.138334
v -0.081823 0.464888 0.164795
v -0.094637 0.452413 0.190604
v -0.107079 0.438154 0.215662
v -0.119098 0.422164 0.239868
v -0.130646 0.404509 0.263127
v -0.141679 0.385257 0.285349
v -0.152154 0.364485 0.306444
v -0.162027 0.342274 0.326330
v -0.171261 0.318712 0.344928
v -0.179819 0.293893 0.362164
v -0.187668 0.267914 0.377972
v -0.194776 0.240877 0.392287
v -0.201115 0.212890 0.405054
v -0.206661 0.184063 0.416223
v -0.211390 0.154509 0.425750
v -0.215286 0.124345 0.433596
v -0.218332 0.093691 0.439730
v -0.220516 0.062667 0.444130
v -0.221830 0.031396 0.446776
v -0.222269 0.000000 0.447660
v -0.221830 -0.031395 0.446776
v -0.220516 -0.062666 0.444130
v -0.218332 -0.093690 0.439730
v -0.215286 -0.124345 0.433596
v -0.211390 -0.154508 0.425750
v -0.206661 -0.184062 0.416223
v -0.201115 -0.212889 0.405054
v -0.194776 -0.240877 0.392287
v -0.187668 -0.267913 0.377972
v -0.179819 -0.293892 0.362164
v -0.171261 -0.318712 0.344928
v -0.162027 -0.342273 0.326330
v -0.152154 -0.364484 0.306444
v -0.141679 -0.385256 0.285349
v -0.130646 -0.404508 0.263128
v -0.119098 -0.422164 0.239868
v -0.107079 -0.438153 0.215662
v -0.094637 -0.452413 0.190604
v -0.081823 -0.464888 0.164795
v -0.068685 -0.475529 0.138334
v -0.055276 -0.484291 0.111329
v -0.041649 -0.491143 0.083883
v -0.027858 -0.496058 0.056106
v -0.013956 -0.499014 0.028109
v -0.016260 0.499014 0.026843
v -0.032456 0.496058 0.053579
v -0.048524 0.491143 0.080104
v -0.064400 0.484291 0.106313
v -0.080022 0.475529 0.132103
v -0.095329 0.464888 0.157371
v -0.110258 0.452413 0.182018
v -0.124753 0.438154 0.205947
v -0.138756 0.422164 0.229063
v -0.152211 0.404509 0.251275
v -0.165065 0.385257 0.272495
v -0.177268 0.364485 0.292640
v -0.188772 0.342274 0.311630
v -0.199530 0.318712 0.329390
v -0.209501 0.293893 0.345850
v -0.218644 0.267914 0.360946
v -0.226926 0.240877 0.374616
v -0.234311 0.212890 0.386809
v -0.240772 0.184063 0.397475
v -0.246282 0.154509 0.406572
v -0.250821 0.124345 0.414064
v -0.254370 0.093691 0.419922
v -0.256915 0.062667 0.424124
v -0.258446 0.031396 0.426651
v -0.258957 0.000000 0.427494
v -0.258446 -0.031395 0.426651
v -0.256915 -0.062666 0.424124
v -0.254370 -0.093690 0.419922
v -0.250821 -0.124345 0.414064
v -0.246282 -0.154508 0.406572
v -0.240772 -0.184062 0.397475
v -0.234311 -0.212889 0.386809
v -0.226926 -0.240877 0.374616
v -0.218644 -0.267913 0.360946
v -0.209501 -0.293892 0.345850
v -0.199530 -0.318712 0.329390
v -0.188772 -0.342273 0.311630
v -0.177268 -0.364484 0.292640
v -0.165065 -0.385256 0.272495
v -0.152211 -0.404508 0.251275
v -0.138756 -0.422164 0.229063
v -0.124753 -0.438153 0.205947
v -0.110258 -0.452413 0.182018
v -0.095329 -0.464888 0.157371
v -0.080022 -0.475529 0.132103
v -0.064400 -0.484291 0.106313
v -0.048524 -0.491143 0.080104
v -0.032456 -0.496058 0.053580
v -0.016260 -0.499014 0.026843
v -0.018449 0.499014 0.025388
v -0.036826 0.496058 0.050676
v -0.055058 0.491143 0.075764
v -0.073072 0.484291 0.100553
v -0.090798 0.475529 0.124945
v -0.108165 0.464888 0.148844
v -0.125106 0.452413 0.172156
v -0.141553 0.438154 0.194788
v -0.157441 0.422164 0.216651
v -0.172708 0.404509 0.237660
v -0.187293 0.385257 0.257730
v -0.201139 0.364485 0.276783
v -0.214191 0.342274 0.294745
v -0.226398 0.318712 0.311542
v -0.237712 0.293893 0.327111
v -0.248088 0.267914 0.341388
v -0.257483 0.240877 0.354318
v -0.265864 0.212890 0.365850
v -0.273195 0.184063 0.375938
v -0.279447 0.154509 0.384542
v -0.284597 0.124345 0.391629
v -0.288624 0.093691 0.397169
v -0.291511 0.062667 0.401143
v -0.293248 0.031396 0.403533
v -0.293828 0.000000 0.404331
v -0.293248 -0.031395 0.403533
v -0.291511 -0.062666 0.401143
v -0.288624 -0.093690 0.397169
v -0.284597 -0.124345 0.391629
v -0.279447 -0.154508 0.384542
v -0.273195 -0.184062 0.375938
v -0.265864 -0.212889 0.365850
v -0.257483 -0.240877 0.354318
v -0.248088 -0.267913 0.341388
v -0.237712 -0.293892 0.327111
v -0.226398 -0.318712 0.311542
v -0.214191 -0.342273 0.294745
v -0.201139 -0.364484 0.276784
v -0.187293 -0.385256 0.257730
v -0.172708 -0.404508 0.237660
v -0.157441 -0.422164 0.216651
v -0.141553 -0.438154 0.194788
v -0.125106 -0.452413 0.172156
v -0.108165 -0.464888 0.148844
v -0.090798 -0.475529 0.124945
v -0.073072 -0.484291 0.100553
v -0.055058 -0.491143 0.075764
v -0.036826 -0.496058 0.050676
v -0.018449 -0.499014 0.025388
v -0.020510 0.499014 0.023756
v -0.040939 0.496058 0.047418
v -0.061206 0.491143 0.070892
v -0.081232 0.484291 0.094087
v -0.100937 0.475529 0.116911
v -0.120244 0.464888 0.139273
v -0.139076 0.452413 0.161086
v -0.157359 0.438154 0.182262
v -0.175022 0.422164 0.202720
v -0.191993 0.404509 0.222378
v -0.208207 0.385257 0.241158
v -0.223599 0.364485 0.258986
v -0.238109 0.342274 0.275792
v -0.251679 0.318712 0.291510
v -0.264256 0.293893 0.306077
v -0.275790 0.267914 0.319436
v -0.286236 0.240877 0.331534
v -0.295552 0.212890 0.342325
v -0.303701 0.184063 0.351764
v -0.310652 0.154509 0.359815
v -0.316377 0.124345 0.366446
v -0.320853 0.093691 0.371630
v -0.324063 0.062667 0.375348
v -0.325994 0.031396 0.377585
v -0.326639 0.000000 0.378331
v -0.325994 -0.031395 0.377585
v -0.324063 -0.062666 0.375348
v -0.320853 -0.093690 0.371630
v -0.316377 -0.124345 0.366446
v -0.310652 -0.154508 0.359815
v -0.303701 -0.184062 0.351764
v -0.295552 -0.212889 0.342325
v -0.286236 -0.240877 0.331535
v -0.275790 -0.267913 0.319436
v -0.264256 -0.293892 0.306077
v -0.251679 -0.318712 0.291510
v -0.238109 -0.342273 0.275792
v -0.223599 -0.364484 0.258986
v -0.208207 -0.385256 0.241158
v -0.191993 -0.404508 0.222378
v -0.175022 -0.422164 0.202720
v -0.157359 -0.438154 0.182263
v -0.139076 -0.452413 0.161086
v -0.120244 -0.464888 0.139273
v -0.100937 -0.475529 0.116911
v -0.081232 -0.484291 0.094087
v -0.061206 -0.491143 0.070892
v -0.040939 -0.496058 0.047418
v -0.020510 -0.499014 0.023756
v -0.022426 0.499014 0.021956
v -0.044764 0.496058 0.043826
v -0.066925 0.491143 0.065523
v -0.088822 0.484291 0.086961
v -0.110368 0.475529 0.108057
v -0.131479 0.464888 0.128725
v -0.152071 0.452413 0.148886
v -0.172062 0.438154 0.168459
v -0.191375 0.422164 0.187367
v -0.209932 0.404509 0.205536
v -0.227661 0.385257 0.222893
v -0.244491 0.364485 0.239371
v -0.260357 0.342274 0.254905
v -0.275195 0.318712 0.269432
v -0.288947 0.293893 0.282896
v -0.301558 0.267914 0.295243
v -0.312980 0.240877 0.306425
v -0.323166 0.212890 0.316398
v -0.332077 0.184063 0.325123
v -0.339677 0.154509 0.332564
v -0.345937 0.124345 0.338692
v -0.350831 0.093691 0.343484
v -0.354342 0.062667 0.346921
v -0.356453 0.031396 0.348988
v -0.357158 0.000000 0.349678
v -0.356453 -0.031395 0.348988
v -0.354342 -0.062666 0.346921
v -0.350831 -0.093690 0.343484
v -0.345937 -0.124345 0.338692
v -0.339677 -0.154508 0.332564
v -0.332077 -0.184062 0.325123
v -0.323166 -0.212889 0.316398
v -0.312980 -0.240877 0.306426
v -0.301558 -0.267913 0.295243
v -0.288947 -0.293892 0.282896
v -0.275195 -0.318712 0.269432
v -0.260357 -0.342273 0.254905
v -0.244491 -0.364484 0.239371
v -0.227661 -0.385256 0.222893
v -0.209932 -0.404508 0.205536
v -0.191375 -0.422164 0.187367
v -0.172062 -0.438154 0.168459
v -0.152071 -0.452413 0.148886
v -0.131479 -0.464888 0.128725
v -0.110368 -0.475529 0.108057
v -0.088822 -0.484291 0.086961
v -0.066925 -0.491143 0.065523
v -0.044764 -0.496058 0.043826
v -0.022426 -0.499014 0.021956
v -0.024185 0.499014 0.020003
v -0.048275 0.496058 0.039927
v -0.072174 0.491143 0.059694
v -0.095788 0.484291 0.079226
v -0.119025 0.475529 0.098444
v -0.141791 0.464888 0.117274
v -0.163998 0.452413 0.135641
v -0.185558 0.438154 0.153473
v -0.206386 0.422164 0.170700
v -0.226398 0.404509 0.187252
v -0.245518 0.385257 0.203066
v -0.263669 0.364485 0.218078
v -0.280778 0.342274 0.232229
v -0.296780 0.318712 0.245464
v -0.311611 0.293893 0.257730
v -0.325212 0.267914 0.268979
v -0.337529 0.240877 0.279167
v -0.348514 0.212890 0.288253
v -0.358124 0.184063 0.296201
v -0.366321 0.154509 0.302980
v -0.373071 0.124345 0.308564
v -0.378349 0.093691 0.312930
v -0.382135 0.062667 0.316060
v -0.384412 0.031396 0.317943
v -0.385172 0.000000 0.318572
v -0.384412 -0.031395 0.317943
v -0.382135 -0.062666 0.316060
v -0.378349 -0.093690 0.312930
v -0.373071 -0.124345 0.308564
v -0.366321 -0.154508 0.302980
v -0.358124 -0.184062 0.296201
v -0.348514 -0.212889 0.288253
v -0.337529 -0.240877 0.279167
v -0.325212 -0.267913 0.268979
v -0.311611 -0.293892 0.257730
v -0.296780 -0.318712 0.245464
v -0.280778 -0.342273 0.232229
v -0.263669 -0.364484 0.218078
v -0.245518 -0.385256 0.203066
v -0.226398 -0.404509 0.187252
v -0.206386 -0.422164 0.170700
v -0.185558 -0.438154 0.153473
v -0.163998 -0.452413 0.135642
v -0.141791 -0.464888 0.117275
v -0.119025 -0.475529 0.098444
v -0.095788 -0.484291 0.079226
v -0.072174 -0.491143 0.059694
v -0.048275 -0.496058 0.039928
v -0.024185 -0.499014 0.020003
v -0.025774 0.499014 0.017910
v -0.051447 0.496058 0.035749
v -0.076917 0.491143 0.053447
v -0.102084 0.484291 0.070934
v -0.126847 0.475529 0.088141
v -0.151109 0.464888 0.105001
v -0.174776 0.452413 0.121446
v -0.197753 0.438154 0.137411
v -0.219949 0.422164 0.152835
v -0.241277 0.404509 0.167655
v -0.261653 0.385256 0.181814
v -0.280996 0.364484 0.195255
v -0.299230 0.342274 0.207925
v -0.316284 0.318712 0.219775
v -0.332089 0.293893 0.230757
v -0.346583 0.267914 0.240829
v -0.359711 0.240877 0.249950
v -0.371417 0.212890 0.258085
v -0.381659 0.184063 0.265202
v -0.390394 0.154509 0.271271
v -0.397589 0.124345 0.276271
v -0.403214 0.093691 0.280180
v -0.407248 0.062667 0.282983
v -0.409675 0.031396 0.284669
v -0.410484 0.000000 0.285231
v -0.409675 -0.031395 0.284669
v -0.407248 -0.062666 0.282983
v -0.403214 -0.093690 0.280180
v -0.397589 -0.124345 0.276271
v -0.390394 -0.154508 0.271271
v -0.381659 -0.184062 0.265202
v -0.371417 -0.212889 0.258085
v -0.359711 -0.240877 0.249950
v -0.346583 -0.267913 0.240829
v -0.332089 -0.293892 0.230757
v -0.316284 -0.318712 0.219775
v -0.299230 -0.342273 0.207925
v -0.280996 -0.364484 0.195255
v -0.261653 -0.385256 0.181814
v -0.241277 -0.404509 0.167655
v -0.219949 -0.422164 0.152835
v -0.197753 -0.438154 0.137411
v -0.174776 -0.452413 0.121446
v -0.151109 -0.464888 0.105001
v -0.126847 -0.475529 0.088141
v -0.102084 -0.484291 0.070934
v -0.076917 -0.491143 0.053447
v -0.051447 -0.496058 0.035749
v -0.025774 -0.499014 0.017910
v -0.027183 0.499014 0.015691
v -0.054259 0.496058 0.031320
v -0.081121 0.491143 0.046825
v -0.107662 0.484291 0.062145
v -0.133779 0.475529 0.077221
v -0.159368 0.464888 0.091991
v -0.184328 0.452413 0.106398
v -0.208560 0.438154 0.120386
v -0.231969 0.422164 0.133898
v -0.254463 0.404509 0.146882
v -0.275952 0.385256 0.159286
v -0.296352 0.364484 0.171062
v -0.315584 0.342274 0.182162
v -0.333569 0.318712 0.192544
v -0.350238 0.293893 0.202166
v -0.365525 0.267914 0.210989
v -0.379369 0.240877 0.218980
v -0.391716 0.212890 0.226108
v -0.402517 0.184063 0.232342
v -0.411729 0.154509 0.237660
v -0.419317 0.124345 0.242040
v -0.425250 0.093691 0.245464
v -0.429504 0.062667 0.247920
v -0.432064 0.031396 0.249397
v -0.432917 0.000000 0.249890
v -0.432064 -0.031395 0.249397
v -0.429504 -0.062666 0.247920
v -0.425250 -0.093690 0.245464
v -0.419317 -0.124345 0.242040
v -0.411729 -0.154508 0.237660
v -0.402517 -0.184062 0.232342
v -0.391716 -0.212889 0.226108
v -0.379369 -0.240877 0.218980
v -0.365525 -0.267913 0.210989
v -0.350238 -0.293892 0.202166
v -0.333569 -0.318712 0.192544
v -0.315584 -0.342274 0.182162
v -0.296352 -0.364484 0.171062
v -0.275952 -0.385256 0.159286
v -0.254463 -0.404509 0.146882
v -0.231969 -0.422164 0.133898
v -0.208560 -0.438154 0.120386
v -0.184328 -0.452413 0.106398
v -0.159368 -0.464888 0.091991
v -0.133779 -0.475529 0.077221
v -0.107662 -0.484291 0.062145
v -0.081121 -0.491143 0.046825
v -0.054259 -0.496058 0.031320
v -0.027183 -0.499014 0.015691
v -0.028401 0.499014 0.013362
v -0.056690 0.496058 0.026670
v -0.084755 0.491143 0.039874
v -0.112486 0.484291 0.052920
v -0.139773 0.475529 0.065758
v -0.166508 0.464888 0.078336
v -0.192586 0.452413 0.090604
v -0.217904 0.438154 0.102515
v -0.242362 0.422164 0.114022
v -0.265864 0.404509 0.125079
v -0.288316 0.385256 0.135641
v -0.309631 0.364484 0.145669
v -0.329723 0.342274 0.155122
v -0.348514 0.318712 0.163963
v -0.365930 0.293893 0.172156
v -0.381902 0.267913 0.179670
v -0.396366 0.240877 0.186475
v -0.409266 0.212890 0.192544
v -0.420551 0.184063 0.197853
v -0.430177 0.154509 0.202381
v -0.438104 0.124345 0.206111
v -0.444302 0.093691 0.209027
v -0.448748 0.062667 0.211118
v -0.451422 0.031396 0.212376
v -0.452314 0.000000 0.212796
v -0.451422 -0.031395 0.212376
v -0.448748 -0.062666 0.211118
v -0.444302 -0.093690 0.209027
v -0.438104 -0.124345 0.206111
v -0.430177 -0.154508 0.202381
v -0.420551 -0.184062 0.197853
v -0.409266 -0.212889 0.192544
v -0.396366 -0.240877 0.186475
v -0.381902 -0.267913 0.179670
v -0.365930 -0.293893 0.172156
v -0.348514 -0.318712 0.163963
v -0.329723 -0.342274 0.155122
v -0.309631 -0.364484 0.145669
v -0.288316 -0.385256 0.135642
v -0.265864 -0.404509 0.125079
v -0.242362 -0.422164 0.114022
v -0.217904 -0.438154 0.102516
v -0.192586 -0.452413 0.090604
v -0.166508 -0.464888 0.078336
v -0.139773 -0.475529 0.065758
v -0.112486 -0.484291 0.052920
v -0.084755 -0.491143 0.039874
v -0.056690 -0.496058 0.026670
v -0.028401 -0.499014 0.013362
v -0.029420 0.499014 0.010939
v -0.058724 0.496058 0.021834
v -0.087795 0.491143 0.032644
v -0.116521 0.484291 0.043324
v -0.144786 0.475529 0.053834
v -0.172481 0.464888 0.064131
v -0.199494 0.452413 0.074175
v -0.225720 0.438154 0.083926
v -0.251055 0.422164 0.093346
v -0.275400 0.404509 0.102398
v -0.298657 0.385256 0.111045
v -0.320737 0.364484 0.119255
v -0.341550 0.342274 0.126993
v -0.361015 0.318712 0.134231
v -0.379055 0.293893 0.140939
v -0.395600 0.267913 0.147090
v -0.410583 0.240877 0.152661
v -0.423946 0.212890 0.157629
v -0.435636 0.184063 0.161976
v -0.445606 0.154509 0.165683
v -0.453818 0.124345 0.168736
v -0.460239 0.093691 0.171124
v -0.464843 0.062667 0.172836
v -0.467614 0.031396 0.173866
v -0.468538 0.000000 0.174210
v -0.467614 -0.031395 0.173866
v -0.464843 -0.062666 0.172836
v -0.460239 -0.093690 0.171124
v -0.453818 -0.124345 0.168736
v -0.445606 -0.154508 0.165683
v -0.435636 -0.184062 0.161976
v -0.423946 -0.212889 0.157629
v -0.410583 -0.240877 0.152661
v -0.395600 -0.267913 0.147090
v -0.379055 -0.293893 0.140939
v -0.361015 -0.318712 0.134231
v -0.341550 -0.342274 0.126993
v -0.320737 -0.364484 0.119255
v -0.298657 -0.385256 0.111045
v -0.275400 -0.404509 0.102398
v -0.251055 -0.422164 0.093346
v -0.225720 -0.438154 0.083926
v -0.199494 -0.452413 0.074175
v -0.172481 -0.464888 0.064131
v -0.144786 -0.475529 0.053834
v -0.116521 -0.484291 0.043324
v -0.087795 -0.491143 0.032644
v -0.058724 -0.496058 0.021834
v -0.029420 -0.499014 0.010939
v -0.030232 0.499014 0.008439
v -0.060345 0.496058 0.016845
v -0.090220 0.491143 0.025184
v -0.119738 0.484291 0.033424
v -0.148784 0.475529 0.041532
v -0.177243 0.464888 0.049476
v -0.205003 0.452413 0.057225
v -0.231953 0.438154 0.064748
v -0.257987 0.422164 0.072015
v -0.283004 0.404509 0.078999
v -0.306904 0.385256 0.085670
v -0.329593 0.364484 0.092004
v -0.350981 0.342274 0.097974
v -0.370984 0.318712 0.103558
v -0.389522 0.293893 0.108733
v -0.406523 0.267913 0.113479
v -0.421920 0.240877 0.117776
v -0.435652 0.212890 0.121610
v -0.447665 0.184063 0.124963
v -0.457910 0.154509 0.127823
v -0.466349 0.124345 0.130178
v -0.472947 0.093691 0.132021
v -0.477679 0.062667 0.133341
v -0.480526 0.031396 0.134136
v -0.481475 0.000000 0.134401
v -0.480526 -0.031395 0.134136
v -0.477679 -0.062666 0.133341
v -0.472947 -0.093690 0.132021
v -0.466349 -0.124345 0.130178
v -0.457910 -0.154508 0.127823
v -0.447665 -0.184062 0.124963
v -0.435652 -0.212889 0.121610
v -0.421920 -0.240877 0.117776
v -0.406523 -0.267913 0.113479
v -0.389522 -0.293893 0.108733
v -0.370984 -0.318712 0.103558
v -0.350981 -0.342274 0.097974
v -0.329593 -0.364484 0.092004
v -0.306904 -0.385256 0.085670
v -0.283004 -0.404509 0.078999
v -0.257987 -0.422164 0.072015
v -0.231953 -0.438154 0.064748
v -0.205003 -0.452413 0.057225
v -0.177243 -0.464888 0.049476
v -0.148784 -0.475529 0.041532
v -0.119738 -0.484291 0.033424
v -0.090220 -0.491143 0.025184
v -0.060345 -0.496058 0.016845
v -0.030232 -0.499014 0.008439
v 0.000000 0.500000 -0.000000
v -0.030832 0.499014 0.005880
v -0.061543 0.496058 0.011737
v -0.092011 0.491143 0.017548
v -0.122116 0.484291 0.023290
v -0.151739 0.475529 0.028939
v -0.180762 0.464888 0.034475
v -0.209073 0.452413 0.039874
v -0.236559 0.438154 0.045116
v -0.263110 0.422164 0.050180
v -0.288624 0.404509 0.055046
v -0.312998 0.385256 0.059694
v -0.336137 0.364484 0.064107
v -0.357950 0.342274 0.068268
v -0.378350 0.318712 0.072158
v -0.397256 0.293893 0.075764
v -0.414595 0.267913 0.079071
v -0.430298 0.240877 0.082066
v -0.444302 0.212890 0.084737
v -0.456554 0.184062 0.087073
v -0.467003 0.154509 0.089066
v -0.475609 0.124345 0.090708
v -0.482338 0.093691 0.091991
v -0.487164 0.062667 0.092911
v -0.490067 0.031396 0.093464
v -0.491036 0.000000 0.093649
v -0.490067 -0.031395 0.093464
v -0.487164 -0.062666 0.092911
v -0.482338 -0.093690 0.091991
v -0.475609 -0.124345 0.090708
v -0.467003 -0.154509 0.089066
v -0.456554 -0.184062 0.087073
v -0.444302 -0.212890 0.084737
v -0.430298 -0.240877 0.082066
v -0.414595 -0.267913 0.079071
v -0.397256 -0.293893 0.075764
v -0.378350 -0.318712 0.072158
v -0.357950 -0.342274 0.068268
v -0.336137 -0.364484 0.064107
v -0.312998 -0.385256 0.059694
v -0.288624 -0.404509 0.055046
v -0.263110 -0.422164 0.050180
v -0.236559 -0.438154 0.045116
v -0.209073 -0.452413 0.039874
v -0.180762 -0.464888 0.034475
v -0.151739 -0.475529 0.028939
v -0.122116 -0.484291 0.023290
v -0.092011 -0.491143 0.017548
v -0.061543 -0.496058 0.011737
v -0.030832 -0.499014 0.005880
v -0.031217 0.499014 0.003280
v -0.062310 0.496058 0.006548
v -0.093157 0.491143 0.009789
v -0.123637 0.484291 0.012992
v -0.153628 0.475529 0.016143
v -0.183014 0.464888 0.019231
v -0.211677 0.452413 0.022243
v -0.239505 0.438154 0.025167
v -0.266388 0.422164 0.027992
v -0.292219 0.404509 0.030706
v -0.316897 0.385256 0.033300
v -0.340324 0.364484 0.035762
v -0.362408 0.342274 0.038082
v -0.383062 0.318712 0.040253
v -0.402204 0.293893 0.042264
v -0.419759 0.267913 0.044109
v -0.435657 0.240877 0.045779
v -0.449837 0.212890 0.047269
v -0.462241 0.184062 0.048573
v -0.472820 0.154509 0.049685
v -0.481533 0.124345 0.050600
v -0.488346 0.093691 0.051316
v -0.493232 0.062667 0.051829
v -0.496171 0.031396 0.052138
v -0.497152 0.000000 0.052241
v -0.496171 -0.031395 0.052138
v -0.493232 -0.062666 0.051829
v -0.488346 -0.093690 0.051316
v -0.481533 -0.124345 0.050600
v -0.472820 -0.154509 0.049685
v -0.462241 -0.184062 0.048573
v -0.449837 -0.212890 0.047269
v -0.435657 -0.240877 0.045779
v -0.419759 -0.267913 0.044109
v -0.402204 -0.293893 0.042264
v -0.383062 -0.318712 0.040253
v -0.362408 -0.342274 0.038082
v -0.340324 -0.364484 0.035762
v -0.316897 -0.385256 0.033300
v -0.292219 -0.404509 0.030707
v -0.266388 -0.422164 0.027992
v -0.239505 -0.438154 0.025167
v -0.211677 -0.452413 0.022243
v -0.183014 -0.464888 0.019231
v -0.153628 -0.475529 0.016143
v -0.123637 -0.484291 0.012992
v -0.093157 -0.491143 0.009789
v -0.062310 -0.496058 0.006548
v -0.031217 -0.499014 0.003280
v -0.031382 0.499014 0.000657
v -0.062639 0.496058 0.001312
v -0.093649 0.491143 0.001961
v -0.124290 0.484291 0.002603
v -0.154441 0.475529 0.003235
v -0.183982 0.464888 0.003853
v -0.212796 0.452413 0.004457
v -0.240771 0.438154 0.005042
v -0.267796 0.422164 0.005608
v -0.293764 0.404509 0.006152
v -0.318573 0.385256 0.006672
v -0.342123 0.364484 0.007165
v -0.364325 0.342274 0.007630
v -0.385087 0.318712 0.008064
v -0.404331 0.293893 0.008468
v -0.421979 0.267913 0.008837
v -0.437961 0.240877 0.009172
v -0.452215 0.212890 0.009470
v -0.464684 0.184062 0.009732
v -0.475320 0.154509 0.009954
v -0.484079 0.124345 0.010138
v -0.490928 0.093690 0.010281
v -0.495840 0.062666 0.010384
v -0.498794 0.031395 0.010446
v -0.499780 0.000000 0.010466
v -0.498794 -0.031395 0.010446
v -0.495840 -0.062666 0.010384
v -0.490928 -0.093690 0.010281
v -0.484079 -0.124345 0.010138
v -0.475320 -0.154509 0.009954
v -0.464684 -0.184062 0.009732
v -0.452215 -0.212890 0.009470
v -0.437961 -0.240877 0.009172
v -0.421979 -0.267913 0.008837
v -0.404331 -0.293893 0.008468
v -0.385087 -0.318712 0.008064
v -0.364325 -0.342274 0.007630
v -0.342123 -0.364484 0.007165
v -0.318573 -0.385256 0.006672
v -0.293764 -0.404509 0.006152
v -0.267796 -0.422164 0.005608
v -0.240771 -0.438154 0.005042
v -0.212796 -0.452413 0.004457
v -0.183982 -0.464888 0.003853
v -0.154441 -0.475529 0.003235
v -0.124290 -0.484291 0.002603
v -0.093649 -0.491143 0.001961
v -0.062639 -0.496058 0.001312
v -0.031382 -0.499014 0.000657
v -0.031327 0.499014 -0.001971
v -0.062529 0.496058 -0.003933
v -0.093485 0.491143 -0.005880
v -0.124072 0.484291 -0.007804
v -0.154170 0.475529 -0.009697
v -0.183659 0.464888 -0.011552
v -0.212423 0.452413 -0.013362
v -0.240349 0.438154 -0.015118
v -0.267326 0.422164 -0.016815
v -0.293249 0.404509 -0.018445
v -0.318014 0.385256 -0.020003
v -0.341524 0.364484 -0.021482
v -0.363686 0.342274 -0.022876
v -0.384412 0.318712 -0.024180
v -0.403622 0.293893 -0.025388
v -0.421239 0.267913 -0.026496
v -0.437193 0.240877 -0.027500
v -0.451422 0.212890 -0.028395
v -0.463869 0.184062 -0.029178
v -0.474486 0.154509 -0.029845
v -0.483230 0.124345 -0.030396
v -0.490067 0.093690 -0.030825
v -0.494970 0.062666 -0.031134
v -0.497919 0.031395 -0.031320
v -0.498904 -0.000000 -0.031382
v -0.497919 -0.031396 -0.031320
v -0.494970 -0.062666 -0.031134
v -0.490067 -0.093690 -0.030825
v -0.483230 -0.124345 -0.030396
v -0.474486 -0.154509 -0.029845
v -0.463869 -0.184062 -0.029178
v -0.451422 -0.212890 -0.028395
v -0.437193 -0.240877 -0.027500
v -0.421239 -0.267913 -0.026496
v -0.403622 -0.293893 -0.025388
v -0.384412 -0.318712 -0.024180
v -0.363686 -0.342274 -0.022876
v -0.341524 -0.364484 -0.021482
v -0.318014 -0.385256 -0.020003
v -0.293249 -0.404509 -0.018445
v -0.267326 -0.422164 -0.016815
v -0.240349 -0.438154 -0.015118
v -0.212423 -0.452413 -0.013362
v -0.183659 -0.464888 -0.011552
v -0.154170 -0.475529 -0.009697
v -0.124072 -0.484291 -0.007804
v -0.093485 -0.491143 -0.005880
v -0.062529 -0.496058 -0.003933
v -0.031327 -0.499014 -0.001971
v -0.031052 0.499014 -0.004585
v -0.061981 0.496058 -0.009151
v -0.092665 0.491143 -0.013681
v -0.122984 0.484291 -0.018157
v -0.152817 0.475529 -0.022561
v -0.182048 0.464888 -0.026877
v -0.210560 0.452413 -0.031086
v -0.238241 0.438154 -0.035173
v -0.264981 0.422164 -0.039120
v -0.290676 0.404509 -0.042914
v -0.315224 0.385256 -0.046538
v -0.338528 0.364484 -0.049979
v -0.360495 0.342274 -0.053222
v -0.381040 0.318712 -0.056255
v -0.400081 0.293893 -0.059066
v -0.417544 0.267913 -0.061644
v -0.433358 0.240877 -0.063978
v -0.447462 0.212890 -0.066061
v -0.459801 0.184062 -0.067883
v -0.470324 0.154509 -0.069436
v -0.478991 0.124345 -0.070715
v -0.485768 0.093690 -0.071716
v -0.490628 0.062666 -0.072434
v -0.493552 0.031395 -0.072866
v -0.494527 -0.000000 -0.073009
v -0.493552 -0.031396 -0.072866
v -0.490628 -0.062667 -0.072434
v -0.485768 -0.093691 -0.071716
v -0.478991 -0.124345 -0.070715
v -0.470324 -0.154509 -0.069436
v -0.459801 -0.184062 -0.067883
v -0.447462 -0.212890 -0.066061
v -0.433358 -0.240877 -0.063978
v -0.417544 -0.267913 -0.061644
v -0.400081 -0.293893 -0.059066
v -0.381040 -0.318712 -0.056255
v -0.360495 -0.342274 -0.053222
v -0.338528 -0.364484 -0.049979
v -0.315224 -0.385256 -0.046538
v -0.290676 -0.404509 -0.042914
v -0.264981 -0.422164 -0.039120
v -0.238241 -0.438154 -0.035173
v -0.210560 -0.452413 -0.031086
v -0.182048 -0.464888 -0.026877
v -0.152817 -0.475529 -0.022561
v -0.122984 -0.484291 -0.018156
v -0.092665 -0.491143 -0.013680
v -0.061981 -0.496058 -0.009150
v -0.031052 -0.499014 -0.004584
v -0.030559 0.499014 -0.007166
v -0.060998 0.496058 -0.014304
v -0.091195 0.491143 -0.021385
v -0.121033 0.484291 -0.028382
v -0.150394 0.475529 -0.035267
v -0.179160 0.464888 -0.042013
v -0.207220 0.452413 -0.048592
v -0.234461 0.438154 -0.054980
v -0.260778 0.422164 -0.061152
v -0.286065 0.404509 -0.067081
v -0.310223 0.385256 -0.072747
v -0.333157 0.364484 -0.078124
v -0.354777 0.342274 -0.083194
v -0.374996 0.318712 -0.087935
v -0.393735 0.293893 -0.092330
v -0.410920 0.267913 -0.096359
v -0.426483 0.240877 -0.100009
v -0.440364 0.212889 -0.103264
v -0.452506 0.184062 -0.106111
v -0.462863 0.154508 -0.108540
v -0.471393 0.124345 -0.110540
v -0.478062 0.093690 -0.112104
v -0.482845 0.062666 -0.113225
v -0.485722 0.031395 -0.113900
v -0.486683 -0.000000 -0.114125
v -0.485722 -0.031396 -0.113900
v -0.482845 -0.062667 -0.113225
v -0.478062 -0.093691 -0.112104
v -0.471393 -0.124345 -0.110540
v -0.462863 -0.154509 -0.108540
v -0.452506 -0.184063 -0.106111
v -0.440364 -0.212890 -0.103264
v -0.426483 -0.240877 -0.100009
v -0.410920 -0.267913 -0.096359
v -0.393735 -0.293893 -0.092329
v -0.374996 -0.318712 -0.087935
v -0.354777 -0.342274 -0.083194
v -0.333157 -0.364484 -0.078124
v -0.310223 -0.385256 -0.072747
v -0.286065 -0.404509 -0.067081
v -0.260778 -0.422164 -0.061152
v -0.234461 -0.438154 -0.054980
v -0.207220 -0.452413 -0.048592
v -0.179160 -0.464888 -0.042013
v -0.150394 -0.475529 -0.035266
v -0.121033 -0.484291 -0.028382
v -0.091195 -0.491143 -0.021385
v -0.060998 -0.496058 -0.014304
v -0.030559 -0.499014 -0.007166
v -0.029852 0.499014 -0.009697
v -0.059586 0.496058 -0.019357
v -0.089085 0.491143 -0.028939
v -0.118233 0.484291 -0.038408
v -0.146914 0.475529 -0.047725
v -0.175015 0.464888 -0.056854
v -0.202426 0.452413 -0.065758
v -0.229037 0.438154 -0.074402
v -0.254745 0.422164 -0.082754
v -0.279447 0.404509 -0.090778
v -0.303047 0.385256 -0.098444
v -0.325450 0.364484 -0.105722
v -0.346569 0.342274 -0.112583
v -0.366321 0.318712 -0.118999
v -0.384626 0.293893 -0.124945
v -0.401414 0.267913 -0.130399
v -0.416617 0.240877 -0.135338
v -0.430177 0.212889 -0.139742
v -0.442038 0.184062 -0.143596
v -0.452155 0.154508 -0.146882
v -0.460488 0.124345 -0.149589
v -0.467003 0.093690 -0.151705
v -0.471675 0.062666 -0.153223
v -0.474486 0.031395 -0.154136
v -0.475424 -0.000000 -0.154441
v -0.474486 -0.031396 -0.154136
v -0.471675 -0.062667 -0.153223
v -0.467003 -0.093691 -0.151705
v -0.460488 -0.124345 -0.149589
v -0.452155 -0.154509 -0.146882
v -0.442038 -0.184063 -0.143595
v -0.430177 -0.212890 -0.139742
v -0.416617 -0.240877 -0.135338
v -0.401414 -0.267913 -0.130399
v -0.384626 -0.293893 -0.124945
v -0.366321 -0.318712 -0.118999
v -0.346569 -0.342274 -0.112583
v -0.325450 -0.364484 -0.105722
v -0.303047 -0.385256 -0.098444
v -0.279447 -0.404509 -0.090778
v -0.254745 -0.422164 -0.082754
v -0.229037 -0.438154 -0.074402
v -0.202426 -0.452413 -0.065758
v -0.175015 -0.464888 -0.056854
v -0.146914 -0.475529 -0.047725
v -0.118233 -0.484291 -0.038408
v -0.089085 -0.491143 -0.028939
v -0.059586 -0.496058 -0.019356
v -0.029852 -0.499014 -0.009697
v -0.028936 0.499014 -0.012161
v -0.057757 0.496058 -0.024274
v -0.086351 0.491143 -0.036291
v -0.114604 0.484291 -0.048164
v -0.142405 0.475529 -0.059848
v -0.169643 0.464888 -0.071296
v -0.196212 0.452413 -0.082462
v -0.222007 0.438154 -0.093303
v -0.246925 0.422164 -0.103775
v -0.270870 0.404509 -0.113838
v -0.293745 0.385256 -0.123452
v -0.315460 0.364484 -0.132578
v -0.335931 0.342274 -0.141182
v -0.355076 0.318712 -0.149228
v -0.372820 0.293893 -0.156685
v -0.389092 0.267913 -0.163523
v -0.403829 0.240877 -0.169717
v -0.416972 0.212889 -0.175241
v -0.428469 0.184062 -0.180072
v -0.438276 0.154508 -0.184194
v -0.446353 0.124345 -0.187588
v -0.452668 0.093690 -0.190243
v -0.457197 0.062666 -0.192146
v -0.459921 0.031395 -0.193291
v -0.460830 -0.000000 -0.193673
v -0.459921 -0.031396 -0.193291
v -0.457197 -0.062667 -0.192146
v -0.452668 -0.093691 -0.190243
v -0.446353 -0.124345 -0.187588
v -0.438276 -0.154509 -0.184194
v -0.428469 -0.184063 -0.180072
v -0.416972 -0.212890 -0.175241
v -0.403829 -0.240877 -0.169716
v -0.389092 -0.267913 -0.163523
v -0.372820 -0.293893 -0.156685
v -0.355076 -0.318712 -0.149227
v -0.335931 -0.342274 -0.141182
v -0.315460 -0.364484 -0.132578
v -0.293745 -0.385256 -0.123452
v -0.270870 -0.404509 -0.113838
v -0.246925 -0.422164 -0.103775
v -0.222007 -0.438154 -0.093303
v -0.196212 -0.452413 -0.082462
v -0.169643 -0.464888 -0.071296
v -0.142405 -0.475529 -0.059848
v -0.114604 -0.484291 -0.048164
v -0.086351 -0.491143 -0.036291
v -0.057757 -0.496058 -0.024274
v -0.028936 -0.499014 -0.012161
v -0.027816 0.499014 -0.014539
v -0.055523 0.496058 -0.029020
v -0.083011 0.491143 -0.043387
v -0.110171 0.484291 -0.057583
v -0.136896 0.475529 -0.071552
v -0.163081 0.464888 -0.085238
v -0.188622 0.452413 -0.098588
v -0.213419 0.438154 -0.111549
v -0.237374 0.422164 -0.124069
v -0.260392 0.404509 -0.136100
v -0.282382 0.385256 -0.147593
v -0.303257 0.364484 -0.158504
v -0.322937 0.342274 -0.168790
v -0.341341 0.318712 -0.178410
v -0.358398 0.293893 -0.187325
v -0.374041 0.267913 -0.195501
v -0.388208 0.240877 -0.202905
v -0.400843 0.212889 -0.209510
v -0.411896 0.184062 -0.215287
v -0.421323 0.154508 -0.220214
v -0.429087 0.124345 -0.224272
v -0.435157 0.093690 -0.227445
v -0.439512 0.062666 -0.229721
v -0.442130 0.031395 -0.231090
v -0.443004 -0.000000 -0.231546
v -0.442130 -0.031396 -0.231090
v -0.439512 -0.062667 -0.229721
v -0.435157 -0.093691 -0.227445
v -0.429087 -0.124345 -0.224272
v -0.421323 -0.154509 -0.220214
v -0.411896 -0.184063 -0.215286
v -0.400843 -0.212890 -0.209510
v -0.388208 -0.240877 -0.202905
v -0.374041 -0.267913 -0.195501
v -0.358398 -0.293893 -0.187325
v -0.341341 -0.318712 -0.178410
v -0.322937 -0.342274 -0.168790
v -0.303257 -0.364484 -0.158504
v -0.282382 -0.385256 -0.147593
v -0.260392 -0.404509 -0.136100
v -0.237374 -0.422164 -0.124069
v -0.213419 -0.438154 -0.111549
v -0.188622 -0.452413 -0.098588
v -0.163081 -0.464888 -0.085238
v -0.136896 -0.475529 -0.071552
v -0.110171 -0.484291 -0.057583
v -0.083011 -0.491143 -0.043387
v -0.055523 -0.496058 -0.029020
v -0.027816 -0.499014 -0.014539
v -0.026502 0.499014 -0.016815
v -0.052899 0.496058 -0.033564
v -0.079088 0.491143 -0.050180
v -0.104965 0.484291 -0.066598
v -0.130427 0.475529 -0.082754
v -0.155375 0.464888 -0.098582
v -0.179709 0.452413 -0.114022
v -0.203334 0.438154 -0.129012
v -0.226157 0.422164 -0.143493
v -0.248088 0.404509 -0.157406
v -0.269038 0.385256 -0.170700
v -0.288928 0.364484 -0.183319
v -0.307677 0.342274 -0.195215
v -0.325212 0.318712 -0.206340
v -0.341463 0.293892 -0.216651
v -0.356367 0.267913 -0.226108
v -0.369864 0.240877 -0.234672
v -0.381902 0.212889 -0.242309
v -0.392432 0.184062 -0.248990
v -0.401414 0.154508 -0.254689
v -0.408811 0.124345 -0.259383
v -0.414595 0.093690 -0.263053
v -0.418743 0.062666 -0.265684
v -0.421239 0.031395 -0.267268
v -0.422071 -0.000000 -0.267796
v -0.421239 -0.031396 -0.267268
v -0.418743 -0.062667 -0.265684
v -0.414595 -0.093691 -0.263053
v -0.408811 -0.124345 -0.259383
v -0.401414 -0.154509 -0.254689
v -0.392432 -0.184063 -0.248990
v -0.381902 -0.212890 -0.242309
v -0.369864 -0.240877 -0.234671
v -0.356367 -0.267914 -0.226108
v -0.341463 -0.293893 -0.216651
v -0.325212 -0.318712 -0.206340
v -0.307677 -0.342274 -0.195215
v -0.288928 -0.364484 -0.183319
v -0.269038 -0.385256 -0.170700
v -0.248088 -0.404509 -0.157406
v -0.226157 -0.422164 -0.143493
v -0.203334 -0.438154 -0.129012
v -0.179709 -0.452413 -0.114022
v -0.155375 -0.464888 -0.098582
v -0.130427 -0.475529 -0.082754
v -0.104965 -0.484291 -0.066598
v -0.079088 -0.491143 -0.050180
v -0.052899 -0.496058 -0.033564
v -0.026502 -0.499014 -0.016815
v -0.025002 0.499014 -0.018973
v -0.049905 0.496058 -0.037871
v -0.074611 0.491143 -0.056621
v -0.099023 0.484291 -0.075146
v -0.123043 0.475529 -0.093375
v -0.146579 0.464888 -0.111235
v -0.169536 0.452413 -0.128657
v -0.191823 0.438154 -0.145570
v -0.213354 0.422164 -0.161909
v -0.234043 0.404509 -0.177610
v -0.253808 0.385256 -0.192608
v -0.272572 0.364484 -0.206848
v -0.290259 0.342273 -0.220270
v -0.306801 0.318712 -0.232824
v -0.322132 0.293892 -0.244458
v -0.336193 0.267913 -0.255128
v -0.348926 0.240877 -0.264791
v -0.360282 0.212889 -0.273409
v -0.370216 0.184062 -0.280948
v -0.378689 0.154508 -0.287378
v -0.385668 0.124345 -0.292674
v -0.391125 0.093690 -0.296815
v -0.395038 0.062666 -0.299784
v -0.397392 0.031395 -0.301571
v -0.398178 -0.000000 -0.302167
v -0.397392 -0.031396 -0.301571
v -0.395038 -0.062667 -0.299784
v -0.391125 -0.093691 -0.296815
v -0.385668 -0.124345 -0.292674
v -0.378689 -0.154509 -0.287378
v -0.370216 -0.184063 -0.280948
v -0.360282 -0.212890 -0.273409
v -0.348926 -0.240877 -0.264791
v -0.336193 -0.267914 -0.255128
v -0.322132 -0.293893 -0.244458
v -0.306801 -0.318712 -0.232824
v -0.290259 -0.342274 -0.220270
v -0.272572 -0.364485 -0.206848
v -0.253808 -0.385256 -0.192608
v -0.234043 -0.404509 -0.177610
v -0.213354 -0.422164 -0.161909
v -0.191823 -0.438154 -0.145570
v -0.169536 -0.452413 -0.128657
v -0.146579 -0.464888 -0.111235
v -0.123043 -0.475529 -0.093375
v -0.099023 -0.484291 -0.075146
v -0.074611 -0.491143 -0.056621
v -0.049905 -0.496058 -0.037871
v -0.025002 -0.499014 -0.018973
v -0.023326 0.499014 -0.020998
v -0.046560 0.496058 -0.041914
v -0.069611 0.491143 -0.062664
v -0.092386 0.484291 -0.083167
v -0.114797 0.475529 -0.103341
v -0.136755 0.464888 -0.123108
v -0.158173 0.452413 -0.142389
v -0.178967 0.438154 -0.161107
v -0.199055 0.422164 -0.179190
v -0.218357 0.404509 -0.196566
v -0.236798 0.385256 -0.213166
v -0.254303 0.364484 -0.228926
v -0.270806 0.342273 -0.243781
v -0.286239 0.318712 -0.257674
v -0.300543 0.293892 -0.270550
v -0.313660 0.267913 -0.282359
v -0.325540 0.240877 -0.293053
v -0.336135 0.212889 -0.302591
v -0.345404 0.184062 -0.310935
v -0.353309 0.154508 -0.318051
v -0.359820 0.124345 -0.323912
v -0.364911 0.093690 -0.328495
v -0.368562 0.062666 -0.331781
v -0.370758 0.031395 -0.333759
v -0.371491 -0.000000 -0.334419
v -0.370758 -0.031396 -0.333759
v -0.368562 -0.062667 -0.331781
v -0.364911 -0.093691 -0.328495
v -0.359820 -0.124345 -0.323912
v -0.353309 -0.154509 -0.318051
v -0.345404 -0.184063 -0.310935
v -0.336135 -0.212890 -0.302591
v -0.325540 -0.240877 -0.293053
v -0.313660 -0.267914 -0.282359
v -0.300543 -0.293893 -0.270550
v -0.286239 -0.318712 -0.257674
v -0.270806 -0.342274 -0.243781
v -0.254303 -0.364485 -0.228925
v -0.236798 -0.385257 -0.213166
v -0.218357 -0.404509 -0.196566
v -0.199055 -0.422164 -0.179190
v -0.178967 -0.438154 -0.161107
v -0.158173 -0.452413 -0.142388
v -0.136755 -0.464888 -0.123108
v -0.114797 -0.475529 -0.103341
v -0.092386 -0.484291 -0.083166
v -0.069611 -0.491143 -0.062664
v -0.046560 -0.496058 -0.041914
v -0.023326 -0.499014 -0.020998
v -0.021487 0.499014 -0.022876
v -0.042889 0.496058 -0.045662
v -0.064121 0.491143 -0.068268
v -0.085101 0.484291 -0.090604
v -0.105745 0.475529 -0.112583
v -0.125972 0.464888 -0.134117
v -0.145701 0.452413 -0.155122
v -0.164855 0.438154 -0.175515
v -0.183359 0.422164 -0.195215
v -0.201139 0.404508 -0.214145
v -0.218126 0.385256 -0.232229
v -0.234251 0.364484 -0.249398
v -0.249452 0.342273 -0.265581
v -0.263669 0.318712 -0.280717
v -0.276844 0.293892 -0.294745
v -0.288928 0.267913 -0.307610
v -0.299871 0.240877 -0.319260
v -0.309631 0.212889 -0.329651
v -0.318168 0.184062 -0.338740
v -0.325450 0.154508 -0.346493
v -0.331448 0.124345 -0.352879
v -0.336137 0.093690 -0.357871
v -0.339500 0.062666 -0.361452
v -0.341523 0.031395 -0.363605
v -0.342198 -0.000000 -0.364325
v -0.341523 -0.031396 -0.363605
v -0.339500 -0.062667 -0.361452
v -0.336137 -0.093691 -0.357871
v -0.331448 -0.124345 -0.352879
v -0.325450 -0.154509 -0.346493
v -0.318168 -0.184063 -0.338740
v -0.309631 -0.212890 -0.329651
v -0.299871 -0.240877 -0.319260
v -0.288928 -0.267914 -0.307609
v -0.276844 -0.293893 -0.294745
v -0.263669 -0.318712 -0.280717
v -0.249452 -0.342274 -0.265581
v -0.234251 -0.364485 -0.249398
v -0.218126 -0.385257 -0.232229
v -0.201139 -0.404509 -0.214144
v -0.183359 -0.422164 -0.195215
v -0.164855 -0.438154 -0.175514
v -0.145701 -0.452413 -0.155122
v -0.125972 -0.464888 -0.134117
v -0.105745 -0.475529 -0.112583
v -0.085101 -0.484291 -0.090604
v -0.064121 -0.491143 -0.068268
v -0.042889 -0.496058 -0.045662
v -0.021487 -0.499014 -0.022876
v -0.019497 0.499014 -0.024594
v -0.038917 0.496058 -0.049090
v -0.058183 0.491143 -0.073393
v -0.077220 0.484291 -0.097406
v -0.095951 0.475529 -0.121034
v -0.114305 0.464888 -0.144185
v -0.132207 0.452413 -0.166767
v -0.149587 0.438154 -0.188691
v -0.166377 0.422164 -0.209870
v -0.182511 0.404508 -0.230221
v -0.197924 0.385256 -0.249663
v -0.212556 0.364484 -0.268120
v -0.226349 0.342273 -0.285519
v -0.239249 0.318712 -0.301791
v -0.251204 0.293892 -0.316871
v -0.262169 0.267913 -0.330702
v -0.272098 0.240877 -0.343227
v -0.280954 0.212889 -0.354398
v -0.288701 0.184062 -0.364170
v -0.295309 0.154508 -0.372505
v -0.300751 0.124345 -0.379370
v -0.305006 0.093690 -0.384737
v -0.308057 0.062666 -0.388586
v -0.309893 0.031395 -0.390902
v -0.310506 -0.000000 -0.391675
v -0.309893 -0.031396 -0.390902
v -0.308057 -0.062667 -0.388586
v -0.305006 -0.093691 -0.384737
v -0.300751 -0.124345 -0.379370
v -0.295309 -0.154509 -0.372505
v -0.288701 -0.184063 -0.364170
v -0.280954 -0.212890 -0.354398
v -0.272098 -0.240877 -0.343227
v -0.262169 -0.267914 -0.330702
v -0.251204 -0.293893 -0.316871
v -0.239249 -0.318712 -0.301791
v -0.226349 -0.342274 -0.285519
v -0.212556 -0.364485 -0.268120
v -0.197924 -0.385257 -0.249663
v -0.182511 -0.404509 -0.230221
v -0.166377 -0.422164 -0.209870
v -0.149587 -0.438154 -0.188691
v -0.132207 -0.452413 -0.166767
v -0.114305 -0.464888 -0.144185
v -0.095951 -0.475529 -0.121034
v -0.077220 -0.484291 -0.097406
v -0.058183 -0.491143 -0.073393
v -0.038917 -0.496058 -0.049090
v -0.019497 -0.499014 -0.024594
v -0.017370 0.499014 -0.026139
v -0.034671 0.496058 -0.052174
v -0.051836 0.491143 -0.078003
v -0.068796 0.484291 -0.103524
v -0.085485 0.475529 -0.128637
v -0.101836 0.464888 -0.153242
v -0.117786 0.452413 -0.177243
v -0.133270 0.438153 -0.200544
v -0.148228 0.422164 -0.223053
v -0.162602 0.404508 -0.244682
v -0.176334 0.385256 -0.265346
v -0.189370 0.364484 -0.284962
v -0.201658 0.342273 -0.303454
v -0.213151 0.318712 -0.320748
v -0.223802 0.293892 -0.336776
v -0.233571 0.267913 -0.351475
v -0.242417 0.240877 -0.364787
v -0.250307 0.212889 -0.376660
v -0.257209 0.184062 -0.387046
v -0.263096 0.154508 -0.395904
v -0.267944 0.124345 -0.403200
v -0.271735 0.093690 -0.408905
v -0.274454 0.062666 -0.412996
v -0.276089 0.031395 -0.415457
v -0.276635 -0.000000 -0.416278
v -0.276089 -0.031396 -0.415457
v -0.274454 -0.062667 -0.412996
v -0.271735 -0.093691 -0.408905
v -0.267944 -0.124345 -0.403200
v -0.263096 -0.154509 -0.395904
v -0.257209 -0.184063 -0.387046
v -0.250307 -0.212890 -0.376660
v -0.242417 -0.240877 -0.364787
v -0.233571 -0.267914 -0.351475
v -0.223802 -0.293893 -0.336776
v -0.213151 -0.318712 -0.320748
v -0.201658 -0.342274 -0.303454
v -0.189370 -0.364485 -0.284962
v -0.176334 -0.385257 -0.265346
v -0.162602 -0.404509 -0.244682
v -0.148228 -0.422164 -0.223053
v -0.133270 -0.438154 -0.200543
v -0.117786 -0.452413 -0.177243
v -0.101836 -0.464888 -0.153242
v -0.085485 -0.475529 -0.128637
v -0.068796 -0.484291 -0.103524
v -0.051836 -0.491143 -0.078003
v -0.034671 -0.496058 -0.052174
v -0.017370 -0.499014 -0.026138
v -0.015122 0.499014 -0.027500
v -0.030183 0.496058 -0.054891
v -0.045126 0.491143 -0.082066
v -0.059890 0.484291 -0.108917
v -0.074419 0.475529 -0.135338
v -0.088653 0.464888 -0.161224
v -0.102538 0.452413 -0.186475
v -0.116018 0.438153 -0.210989
v -0.129040 0.422164 -0.234672
v -0.141553 0.404508 -0.257427
v -0.153507 0.385256 -0.279167
v -0.164855 0.364484 -0.299805
v -0.175553 0.342273 -0.319260
v -0.185558 0.318712 -0.337455
v -0.194831 0.293892 -0.354318
v -0.203334 0.267913 -0.369783
v -0.211036 0.240877 -0.383788
v -0.217904 0.212889 -0.396279
v -0.223912 0.184062 -0.407206
v -0.229037 0.154508 -0.416526
v -0.233258 0.124345 -0.424202
v -0.236558 0.093690 -0.430204
v -0.238925 0.062666 -0.434508
v -0.240349 0.031395 -0.437097
v -0.240824 -0.000000 -0.437961
v -0.240349 -0.031396 -0.437097
v -0.238925 -0.062667 -0.434508
v -0.236558 -0.093691 -0.430204
v -0.233258 -0.124345 -0.424202
v -0.229037 -0.154509 -0.416526
v -0.223912 -0.184063 -0.407206
v -0.217904 -0.212890 -0.396279
v -0.211036 -0.240877 -0.383788
v -0.203334 -0.267914 -0.369783
v -0.194831 -0.293893 -0.354318
v -0.185558 -0.318712 -0.337455
v -0.175553 -0.342274 -0.319260
v -0.164855 -0.364485 -0.299805
v -0.153507 -0.385257 -0.279167
v -0.141553 -0.404509 -0.257427
v -0.129040 -0.422164 -0.234671
v -0.116018 -0.438154 -0.210989
v -0.102538 -0.452413 -0.186475
v -0.088653 -0.464888 -0.161224
v -0.074419 -0.475529 -0.135338
v -0.059890 -0.484291 -0.108917
v -0.045126 -0.491143 -0.082066
v -0.030183 -0.496058 -0.054891
v -0.015122 -0.499014 -0.027500
v -0.012767 0.499014 -0.028668
v -0.025483 0.496058 -0.057224
v -0.038099 0.491143 -0.085553
v -0.050564 0.484291 -0.113545
v -0.062831 0.475529 -0.141089
v -0.074849 0.464888 -0.168076
v -0.086571 0.452413 -0.194399
v -0.097952 0.438153 -0.219956
v -0.108946 0.422164 -0.244644
v -0.119511 0.404508 -0.268367
v -0.129604 0.385256 -0.291030
v -0.139185 0.364484 -0.312545
v -0.148216 0.342273 -0.332827
v -0.156664 0.318712 -0.351795
v -0.164492 0.293892 -0.369375
v -0.171672 0.267913 -0.385497
v -0.178174 0.240877 -0.400097
v -0.183973 0.212889 -0.413119
v -0.189046 0.184062 -0.424511
v -0.193373 0.154508 -0.434226
v -0.196936 0.124345 -0.442228
v -0.199722 0.093690 -0.448485
v -0.201721 0.062666 -0.452972
v -0.202922 0.031395 -0.455672
v -0.203324 -0.000000 -0.456572
v -0.202922 -0.031396 -0.455672
v -0.201721 -0.062667 -0.452972
v -0.199722 -0.093691 -0.448485
v -0.196936 -0.124345 -0.442228
v -0.193373 -0.154509 -0.434226
v -0.189046 -0.184063 -0.424511
v -0.183973 -0.212890 -0.413119
v -0.178174 -0.240877 -0.400097
v -0.171672 -0.267914 -0.385497
v -0.164492 -0.293893 -0.369375
v -0.156664 -0.318712 -0.351795
v -0.148216 -0.342274 -0.332827
v -0.139185 -0.364485 -0.312545
v -0.129604 -0.385257 -0.291030
v -0.119511 -0.404509 -0.268367
v -0.108946 -0.422164 -0.244644
v -0.097952 -0.438154 -0.219955
v -0.086571 -0.452413 -0.194399
v -0.074849 -0.464888 -0.168076
v -0.062831 -0.475529 -0.141089
v -0.050564 -0.484291 -0.113545
v -0.038099 -0.491143 -0.085553
v -0.025483 -0.496058 -0.057224
v -0.012767 -0.499014 -0.028668
v -0.010323 0.499014 -0.029636
v -0.020604 0.496058 -0.059155
v -0.030805 0.491143 -0.088441
v -0.040884 0.484291 -0.117377
v -0.050801 0.475529 -0.145851
v -0.060519 0.464888 -0.173748
v -0.069997 0.452413 -0.200960
v -0.079199 0.438153 -0.227379
v -0.088089 0.422164 -0.252900
v -0.096630 0.404508 -0.277424
v -0.104791 0.385256 -0.300853
v -0.112538 0.364484 -0.323093
v -0.119841 0.342273 -0.344060
v -0.126670 0.318712 -0.363668
v -0.133000 0.293892 -0.381841
v -0.138805 0.267913 -0.398507
v -0.144062 0.240877 -0.413600
v -0.148751 0.212889 -0.427062
v -0.152853 0.184062 -0.438837
v -0.156351 0.154508 -0.448880
v -0.159233 0.124345 -0.457153
v -0.161486 0.093690 -0.463621
v -0.163101 0.062666 -0.468259
v -0.164073 0.031395 -0.471050
v -0.164397 -0.000000 -0.471981
v -0.164073 -0.031396 -0.471050
v -0.163101 -0.062667 -0.468259
v -0.161486 -0.093691 -0.463621
v -0.159233 -0.124345 -0.457153
v -0.156351 -0.154509 -0.448880
v -0.152853 -0.184063 -0.438837
v -0.148751 -0.212890 -0.427062
v -0.144062 -0.240877 -0.413600
v -0.138805 -0.267914 -0.398507
v -0.133000 -0.293893 -0.381841
v -0.126670 -0.318712 -0.363668
v -0.119841 -0.342274 -0.344059
v -0.112538 -0.364485 -0.323093
v -0.104791 -0.385257 -0.300852
v -0.096630 -0.404509 -0.277424
v -0.088089 -0.422164 -0.252900
v -0.079199 -0.438154 -0.227379
v -0.069997 -0.452414 -0.200960
v -0.060519 -0.464888 -0.173748
v -0.050801 -0.475529 -0.145850
v -0.040884 -0.484291 -0.117377
v -0.030805 -0.491143 -0.088441
v -0.020604 -0.496058 -0.059155
v -0.010323 -0.499014 -0.029636
v -0.007806 0.499014 -0.030396
v -0.015581 0.496058 -0.060671
v -0.023295 0.491143 -0.090707
v -0.030917 0.484291 -0.120386
v -0.038416 0.475529 -0.149589
v -0.045764 0.464888 -0.178201
v -0.052932 0.452413 -0.206111
v -0.059890 0.438153 -0.233207
v -0.066613 0.422164 -0.259383
v -0.073072 0.404508 -0.284535
v -0.079243 0.385256 -0.308564
v -0.085101 0.364484 -0.331375
v -0.090624 0.342273 -0.352879
v -0.095788 0.318712 -0.372989
v -0.100575 0.293892 -0.391628
v -0.104965 0.267913 -0.408722
v -0.108941 0.240877 -0.424202
v -0.112486 0.212889 -0.438008
v -0.115588 0.184062 -0.450085
v -0.118233 0.154508 -0.460387
v -0.120412 0.124345 -0.468871
v -0.122116 0.093690 -0.475505
v -0.123337 0.062666 -0.480262
v -0.124072 0.031395 -0.483124
v -0.124318 -0.000000 -0.484079
v -0.124072 -0.031396 -0.483124
v -0.123337 -0.062667 -0.480262
v -0.122116 -0.093691 -0.475505
v -0.120412 -0.124345 -0.468871
v -0.118233 -0.154509 -0.460387
v -0.115588 -0.184063 -0.450085
v -0.112486 -0.212890 -0.438008
v -0.108941 -0.240877 -0.424202
v -0.104965 -0.267914 -0.408722
v -0.100575 -0.293893 -0.391628
v -0.095788 -0.318712 -0.372989
v -0.090624 -0.342274 -0.352879
v -0.085101 -0.364485 -0.331375
v -0.079243 -0.385257 -0.308564
v -0.073072 -0.404509 -0.284535
v -0.066613 -0.422164 -0.259383
v -0.059890 -0.438154 -0.233207
v -0.052932 -0.452414 -0.206111
v -0.045764 -0.464888 -0.178201
v -0.038416 -0.475529 -0.149589
v -0.030917 -0.484291 -0.120386
v -0.023295 -0.491143 -0.090707
v -0.015581 -0.496058 -0.060671
v -0.007806 -0.499014 -0.030396
v -0.005234 0.499014 -0.030942
v -0.010449 0.496058 -0.061762
v -0.015621 0.491143 -0.092338
v -0.020732 0.484291 -0.122550
v -0.025761 0.475529 -0.152278
v -0.030689 0.464888 -0.181405
v -0.035496 0.452413 -0.209816
v -0.040162 0.438153 -0.237400
v -0.044670 0.422164 -0.264046
v -0.049001 0.404508 -0.289650
v -0.053139 0.385256 -0.314111
v -0.057068 0.364484 -0.337332
v -0.060771 0.342273 -0.359223
v -0.064235 0.318712 -0.379695
v -0.067445 0.293892 -0.398669
v -0.070389 0.267913 -0.416069
v -0.073054 0.240877 -0.431828
v -0.075432 0.212889 -0.445882
v -0.077512 0.184062 -0.458177
v -0.079286 0.154508 -0.468663
v -0.080747 0.124345 -0.477301
v -0.081890 0.093690 -0.484053
v -0.082709 0.062666 -0.488896
v -0.083202 0.031395 -0.491810
v -0.083366 -0.000000 -0.492782
v -0.083202 -0.031396 -0.491810
v -0.082709 -0.062667 -0.488896
v -0.081890 -0.093691 -0.484053
v -0.080747 -0.124345 -0.477301
v -0.079286 -0.154509 -0.468663
v -0.077512 -0.184063 -0.458177
v -0.075432 -0.212890 -0.445882
v -0.073054 -0.240877 -0.431828
v -0.070389 -0.267914 -0.416069
v -0.067445 -0.293893 -0.398669
v -0.064235 -0.318712 -0.379695
v -0.060771 -0.342274 -0.359223
v -0.057068 -0.364485 -0.337332
v -0.053139 -0.385257 -0.314111
v -0.049001 -0.404509 -0.289650
v -0.044670 -0.422164 -0.264046
v -0.040162 -0.438154 -0.237400
v -0.035496 -0.452414 -0.209816
v -0.030689 -0.464888 -0.181405
v -0.025761 -0.475529 -0.152278
v -0.020732 -0.484291 -0.122550
v -0.015621 -0.491143 -0.092338
v -0.010449 -0.496058 -0.061762
v -0.005234 -0.499014 -0.030942
v -0.002626 0.499014 -0.031271
v -0.005243 0.496058 -0.062420
v -0.007838 0.491143 -0.093321
v -0.010403 0.484291 -0.123855
v -0.012926 0.475529 -0.153899
v -0.015399 0.464888 -0.183337
v -0.017810 0.452413 -0.212050
v -0.020152 0.438153 -0.239927
v -0.022414 0.422164 -0.266857
v -0.024587 0.404508 -0.292734
v -0.026663 0.385256 -0.317455
v -0.028635 0.364484 -0.340924
v -0.030493 0.342273 -0.363047
v -0.032230 0.318712 -0.383737
v -0.033841 0.293892 -0.402913
v -0.035318 0.267913 -0.420499
v -0.036656 0.240877 -0.436425
v -0.037849 0.212889 -0.450629
v -0.038892 0.184062 -0.463055
v -0.039782 0.154508 -0.473653
v -0.040516 0.124345 -0.482382
v -0.041089 0.093690 -0.489206
v -0.041500 0.062666 -0.494101
v -0.041747 0.031395 -0.497045
v -0.041830 -0.000000 -0.498028
v -0.041747 -0.031396 -0.497045
v -0.041500 -0.062667 -0.494101
v -0.041089 -0.093691 -0.489206
v -0.040516 -0.124345 -0.482382
v -0.039782 -0.154509 -0.473653
v -0.038892 -0.184063 -0.463055
v -0.037849 -0.212890 -0.450629
v -0.036656 -0.240877 -0.436425
v -0.035318 -0.267914 -0.420499
v -0.033841 -0.293893 -0.402913
v -0.032230 -0.318712 -0.383737
v -0.030493 -0.342274 -0.363047
v -0.028635 -0.364485 -0.340924
v -0.026663 -0.385257 -0.317455
v -0.024587 -0.404509 -0.292733
v -0.022414 -0.422164 -0.266857
v -0.020152 -0.438154 -0.239927
v -0.017810 -0.452414 -0.212050
v -0.015399 -0.464888 -0.183337
v -0.012926 -0.475529 -0.153899
v -0.010403 -0.484291 -0.123855
v -0.007838 -0.491143 -0.093321
v -0.005243 -0.496058 -0.062420
v -0.002626 -0.499014 -0.031271
v 0.000000 0.496058 -0.062639
v 0.000000 0.491143 -0.093649
v 0.000000 0.475529 -0.154441
v 0.000000 0.464888 -0.183982
v 0.000000 0.452413 -0.212796
v 0.000000 0.438153 -0.240771
v 0.000000 0.422164 -0.267796
v 0.000000 0.404508 -0.293764
v 0.000000 0.364484 -0.342124
v 0.000000 0.293892 -0.404331
v 0.000000 0.267913 -0.421979
v 0.000000 0.240877 -0.437961
v 0.000000 0.212889 -0.452216
v 0.000000 0.154508 -0.475320
v 0.000000 0.124345 -0.484080
v 0.000000 0.093690 -0.490928
v 0.000000 0.062666 -0.495840
v 0.000000 0.031395 -0.498795
v 0.000000 -0.000000 -0.499781
v 0.000000 -0.031396 -0.498795
v 0.000000 -0.062667 -0.495840
v 0.000000 -0.093691 -0.490928
v 0.000000 -0.124345 -0.484080
v 0.000000 -0.154509 -0.475320
v 0.000000 -0.212890 -0.452215
v 0.000000 -0.240877 -0.437961
v 0.000000 -0.267914 -0.421979
v 0.000000 -0.293893 -0.404331
v 0.000000 -0.364485 -0.342124
v 0.000000 -0.404509 -0.293764
v 0.000000 -0.422164 -0.267796
v 0.000000 -0.438154 -0.240771
v 0.000000 -0.452414 -0.212796
v 0.000000 -0.464888 -0.183982
v 0.000000 -0.491143 -0.093649
v 0.000000 -0.496058 -0.062639
v 0.000000 -0.500000 0.000000
vn 0.0394 -0.3383 -0.9402
vn 0.0373 0.4535 -0.8905
vn 0.0142 -0.9407 -0.3388
vn 0.0142 -0.9407 -0.3389
vn 0.0117 0.9602 -0.2791
vn 0.0384 -0.3967 -0.9171
vn 0.0384 0.3967 -0.9171
vn 0.0117 -0.9602 -0.2791
vn 0.0142 0.9407 -0.3388
vn 0.0373 -0.4535 -0.8905
vn 0.0394 0.3383 -0.9402
vn 0.0394 0.3384 -0.9402
vn 0.0091 -0.9759 -0.2182
vn 0.0167 0.9176 -0.3972
vn 0.0166 0.9176 -0.3972
vn 0.0361 -0.5085 -0.8603
vn 0.0360 -0.5085 -0.8603
vn 0.0402 0.2787 -0.9595
vn -0.0000 -0.9877 -0.1565
vn 0.0066 -0.9877 -0.1564
vn 0.0196 -0.9877 -0.1553
vn 0.0190 0.8908 -0.4541
vn 0.0346 -0.5616 -0.8267
vn 0.0409 0.2179 -0.9751
vn -0.0000 -0.9956 -0.0941
vn 0.0079 -0.9956 -0.0938
vn 0.0213 0.8604 -0.5091
vn 0.0331 -0.6124 -0.7899
vn 0.0414 0.1562 -0.9869
vn -0.0038 -0.9995 -0.0305
vn -0.0000 -0.9995 -0.0314
vn 0.0026 -0.9995 -0.0313
vn 0.0235 0.8267 -0.5621
vn 0.0314 -0.6608 -0.7499
vn 0.0417 0.0940 -0.9947
vn 0.0257 0.7898 -0.6129
vn 0.0296 -0.7066 -0.7070
vn 0.0418 0.0314 -0.9986
vn 0.0277 0.7497 -0.6612
vn 0.0277 -0.7497 -0.6612
vn 0.0418 -0.0314 -0.9986
vn 0.0296 0.7066 -0.7070
vn 0.0257 -0.7898 -0.6129
vn 0.0417 -0.0940 -0.9947
vn 0.0314 0.6608 -0.7499
vn 0.0235 -0.8267 -0.5621
vn 0.0236 -0.8267 -0.5621
vn -0.0000 0.9995 -0.0314
vn 0.0064 0.9995 -0.0300
vn 0.0026 0.9995 -0.0313
vn 0.0414 -0.1562 -0.9869
vn 0.0331 0.6124 -0.7899
vn 0.0213 -0.8604 -0.5091
vn 0.0038 0.9956 -0.0941
vn 0.0039 0.9956 -0.0941
vn -0.0039 0.9956 -0.0941
vn 0.0409 -0.2179 -0.9751
vn 0.0346 0.5616 -0.8267
vn 0.0190 -0.8908 -0.4541
vn 0.0066 0.9877 -0.1564
vn 0.0131 0.9877 -0.1560
vn -0.0066 0.9877 -0.1564
vn 0.0402 -0.2787 -0.9595
vn 0.0402 -0.2787 -0.9596
vn 0.0361 0.5085 -0.8603
vn 0.0167 -0.9176 -0.3972
vn 0.0166 -0.9176 -0.3972
vn 0.0091 0.9759 -0.2182
vn 0.0261 -0.9877 -0.1543
vn 0.0569 0.8908 -0.4509
vn 0.1037 -0.5616 -0.8209
vn 0.1223 0.2179 -0.9683
vn 0.0118 -0.9956 -0.0933
vn 0.0639 0.8604 -0.5055
vn 0.0991 -0.6124 -0.7843
vn 0.1238 0.1562 -0.9799
vn 0.0052 -0.9995 -0.0310
vn 0.0705 0.8267 -0.5582
vn 0.0940 -0.6608 -0.7446
vn 0.0941 -0.6608 -0.7446
vn 0.1248 0.0940 -0.9877
vn 0.0769 0.7898 -0.6086
vn 0.0887 -0.7066 -0.7020
vn 0.1253 0.0314 -0.9916
vn 0.1252 0.0314 -0.9916
vn 0.0829 0.7497 -0.6566
vn 0.0829 -0.7497 -0.6566
vn 0.1253 -0.0314 -0.9916
vn 0.1252 -0.0314 -0.9916
vn 0.0887 0.7066 -0.7020
vn 0.0769 -0.7898 -0.6086
vn 0.1248 -0.0940 -0.9877
vn 0.1247 -0.0940 -0.9877
vn 0.0940 0.6608 -0.7446
vn 0.0705 -0.8267 -0.5582
vn 0.0052 0.9995 -0.0310
vn 0.1238 -0.1562 -0.9799
vn 0.0991 0.6124 -0.7843
vn 0.0639 -0.8604 -0.5055
vn 0.0118 0.9956 -0.0933
vn 0.1223 -0.2179 -0.9683
vn 0.1037 0.5616 -0.8209
vn 0.0569 -0.8908 -0.4509
vn 0.0261 0.9877 -0.1543
vn 0.1203 -0.2787 -0.9528
vn 0.1203 -0.2786 -0.9528
vn 0.1079 0.5085 -0.8543
vn 0.1079 0.5085 -0.8542
vn 0.0498 -0.9176 -0.3944
vn 0.0274 0.9759 -0.2167
vn 0.1179 -0.3383 -0.9336
vn 0.1117 0.4535 -0.8842
vn 0.0425 -0.9407 -0.3365
vn 0.0350 0.9602 -0.2771
vn 0.1150 -0.3967 -0.9107
vn 0.1150 0.3967 -0.9107
vn 0.0350 -0.9602 -0.2771
vn 0.0425 0.9407 -0.3365
vn 0.1117 -0.4535 -0.8842
vn 0.1179 0.3383 -0.9336
vn 0.0274 -0.9759 -0.2167
vn 0.0498 0.9176 -0.3944
vn 0.1079 -0.5085 -0.8543
vn 0.1079 -0.5085 -0.8542
vn 0.1203 0.2787 -0.9528
vn 0.1560 0.6608 -0.7341
vn 0.1169 -0.8267 -0.5503
vn 0.0078 0.9995 -0.0304
vn 0.2053 -0.1562 -0.9661
vn 0.1643 0.6124 -0.7733
vn 0.1059 -0.8604 -0.4984
vn 0.0195 0.9956 -0.0920
vn 0.0196 0.9956 -0.0921
vn 0.2029 -0.2179 -0.9547
vn 0.1720 0.5616 -0.8093
vn 0.0945 -0.8908 -0.4445
vn 0.0326 0.9877 -0.1531
vn 0.1996 -0.2787 -0.9394
vn 0.1996 -0.2786 -0.9394
vn 0.1790 0.5085 -0.8422
vn 0.1790 0.5086 -0.8422
vn 0.0826 -0.9176 -0.3889
vn 0.0454 0.9759 -0.2136
vn 0.1956 -0.3383 -0.9205
vn 0.1853 0.4535 -0.8718
vn 0.0705 -0.9407 -0.3317
vn 0.0581 0.9602 -0.2732
vn 0.1908 -0.3967 -0.8979
vn 0.1908 0.3967 -0.8979
vn 0.0581 -0.9602 -0.2732
vn 0.0705 0.9407 -0.3317
vn 0.1853 -0.4535 -0.8718
vn 0.1956 0.3383 -0.9205
vn 0.0454 -0.9759 -0.2136
vn 0.0826 0.9176 -0.3889
vn 0.1790 -0.5086 -0.8422
vn 0.1790 -0.5085 -0.8422
vn 0.1996 0.2787 -0.9394
vn 0.1996 0.2786 -0.9394
vn 0.0389 -0.9877 -0.1516
vn 0.0945 0.8908 -0.4445
vn 0.1720 -0.5616 -0.8093
vn 0.2029 0.2179 -0.9547
vn 0.0196 -0.9956 -0.0920
vn 0.0196 -0.9956 -0.0921
vn 0.1059 0.8604 -0.4984
vn 0.1643 -0.6124 -0.7733
vn 0.2053 0.1562 -0.9661
vn 0.0065 -0.9995 -0.0308
vn 0.1169 0.8267 -0.5503
vn 0.1560 -0.6608 -0.7341
vn 0.2069 0.0940 -0.9738
vn 0.1275 0.7898 -0.6000
vn 0.1471 -0.7066 -0.6921
vn 0.2078 0.0314 -0.9777
vn 0.1376 0.7497 -0.6473
vn 0.1376 -0.7497 -0.6473
vn 0.2078 -0.0314 -0.9777
vn 0.1471 0.7066 -0.6921
vn 0.1275 -0.7898 -0.6000
vn 0.2069 -0.0940 -0.9738
vn 0.0631 -0.9759 -0.2091
vn 0.1149 0.9176 -0.3806
vn 0.2488 -0.5086 -0.8243
vn 0.2775 0.2787 -0.9194
vn 0.0515 -0.9877 -0.1478
vn 0.1313 0.8908 -0.4351
vn 0.2391 -0.5616 -0.7921
vn 0.2820 0.2179 -0.9343
vn 0.0272 -0.9956 -0.0902
vn 0.0310 -0.9956 -0.0889
vn 0.1472 0.8604 -0.4878
vn 0.2284 -0.6124 -0.7568
vn 0.2854 0.1562 -0.9456
vn 0.0150 -0.9995 -0.0273
vn 0.0091 -0.9995 -0.0301
vn 0.0103 -0.9995 -0.0297
vn 0.1626 0.8267 -0.5386
vn 0.2169 -0.6608 -0.7185
vn 0.2877 0.0940 -0.9531
vn 0.1773 0.7898 -0.5872
vn 0.2045 -0.7066 -0.6774
vn 0.2888 0.0314 -0.9569
vn 0.1912 0.7497 -0.6336
vn 0.1912 -0.7497 -0.6336
vn 0.2888 -0.0314 -0.9569
vn 0.2045 0.7066 -0.6774
vn 0.1773 -0.7898 -0.5872
vn 0.2877 -0.0940 -0.9531
vn 0.2169 0.6608 -0.7185
vn 0.1626 -0.8267 -0.5386
vn 0.0103 0.9995 -0.0297
vn 0.2854 -0.1562 -0.9456
vn 0.2284 0.6124 -0.7568
vn 0.1472 -0.8604 -0.4878
vn 0.0272 0.9955 -0.0902
vn 0.0273 0.9955 -0.0903
vn 0.2820 -0.2179 -0.9343
vn 0.2391 0.5616 -0.7921
vn 0.1313 -0.8908 -0.4351
vn 0.0452 0.9877 -0.1499
vn 0.0453 0.9877 -0.1499
vn 0.2775 -0.2787 -0.9194
vn 0.2488 0.5086 -0.8243
vn 0.1149 -0.9176 -0.3806
vn 0.0631 0.9759 -0.2091
vn 0.2719 -0.3383 -0.9009
vn 0.2576 0.4535 -0.8532
vn 0.2575 0.4535 -0.8532
vn 0.0980 -0.9407 -0.3247
vn 0.0807 0.9602 -0.2674
vn 0.2653 -0.3967 -0.8788
vn 0.2653 0.3967 -0.8788
vn 0.0807 -0.9602 -0.2674
vn 0.0980 0.9407 -0.3247
vn 0.2576 -0.4535 -0.8532
vn 0.2719 0.3383 -0.9009
vn 0.2604 0.7066 -0.6579
vn 0.2258 -0.7898 -0.5703
vn 0.3664 -0.0940 -0.9257
vn 0.2762 0.6608 -0.6978
vn 0.2071 -0.8267 -0.5231
vn 0.0128 0.9995 -0.0287
vn 0.3635 -0.1562 -0.9184
vn 0.2910 0.6124 -0.7350
vn 0.1875 -0.8605 -0.4738
vn 0.0347 0.9955 -0.0877
vn 0.0383 0.9956 -0.0860
vn 0.3592 -0.2179 -0.9075
vn 0.3045 0.5616 -0.7693
vn 0.1673 -0.8908 -0.4225
vn 0.1673 -0.8908 -0.4226
vn 0.0576 0.9877 -0.1456
vn 0.0636 0.9877 -0.1430
vn 0.3535 -0.2787 -0.8930
vn 0.3169 0.5086 -0.8006
vn 0.1463 -0.9176 -0.3697
vn 0.0804 0.9759 -0.2031
vn 0.3463 -0.3383 -0.8750
vn 0.3280 0.4535 -0.8287
vn 0.1248 -0.9407 -0.3153
vn 0.1028 0.9602 -0.2597
vn 0.3378 -0.3967 -0.8535
vn 0.3378 0.3967 -0.8535
vn 0.3379 0.3967 -0.8535
vn 0.1028 -0.9602 -0.2597
vn 0.1248 0.9407 -0.3153
vn 0.3280 -0.4535 -0.8287
vn 0.3463 0.3383 -0.8750
vn 0.0804 -0.9759 -0.2031
vn 0.1463 0.9176 -0.3697
vn 0.3169 -0.5086 -0.8006
vn 0.3535 0.2787 -0.8930
vn 0.0576 -0.9877 -0.1456
vn 0.1673 0.8908 -0.4225
vn 0.3045 -0.5616 -0.7693
vn 0.3592 0.2179 -0.9075
vn 0.0347 -0.9955 -0.0877
vn 0.0419 -0.9955 -0.0845
vn 0.1875 0.8605 -0.4738
vn 0.2910 -0.6124 -0.7350
vn 0.3635 0.1562 -0.9184
vn 0.0128 -0.9995 -0.0287
vn 0.2071 0.8267 -0.5231
vn 0.2762 -0.6608 -0.6978
vn 0.3664 0.0940 -0.9257
vn 0.2258 0.7898 -0.5703
vn 0.2604 -0.7066 -0.6579
vn 0.3679 0.0314 -0.9293
vn 0.2436 0.7497 -0.6153
vn 0.2436 -0.7497 -0.6153
vn 0.3679 -0.0314 -0.9293
vn 0.1242 -0.9602 -0.2502
vn 0.1508 0.9407 -0.3038
vn 0.3962 -0.4535 -0.7983
vn 0.4183 0.3384 -0.8429
vn 0.0971 -0.9759 -0.1956
vn 0.1767 0.9176 -0.3561
vn 0.3828 -0.5086 -0.7713
vn 0.4269 0.2787 -0.8603
vn 0.0696 -0.9877 -0.1402
vn 0.2020 0.8908 -0.4071
vn 0.3678 -0.5616 -0.7412
vn 0.4339 0.2179 -0.8742
vn 0.0453 -0.9956 -0.0825
vn 0.2265 0.8605 -0.4564
vn 0.3514 -0.6124 -0.7081
vn 0.4391 0.1562 -0.8848
vn 0.0151 -0.9995 -0.0275
vn 0.2501 0.8267 -0.5039
vn 0.2501 0.8268 -0.5039
vn 0.3337 -0.6608 -0.6723
vn 0.4426 0.0940 -0.8918
vn 0.2727 0.7898 -0.5494
vn 0.3146 -0.7067 -0.6338
vn 0.4443 0.0314 -0.8953
vn 0.2942 0.7497 -0.5928
vn 0.2942 -0.7497 -0.5928
vn 0.4443 -0.0314 -0.8953
vn 0.3146 0.7067 -0.6338
vn 0.2727 -0.7898 -0.5494
vn 0.4426 -0.0940 -0.8918
vn 0.3337 0.6608 -0.6723
vn 0.3336 0.6608 -0.6723
vn 0.2501 -0.8267 -0.5039
vn 0.0151 0.9995 -0.0275
vn 0.4391 -0.1562 -0.8848
vn 0.4391 -0.1562 -0.8847
vn 0.3514 0.6124 -0.7081
vn 0.2265 -0.8605 -0.4564
vn 0.0453 0.9956 -0.0825
vn 0.4339 -0.2179 -0.8742
vn 0.3678 0.5616 -0.7412
vn 0.2020 -0.8908 -0.4071
vn 0.0754 0.9877 -0.1372
vn 0.4269 -0.2787 -0.8603
vn 0.3828 0.5086 -0.7713
vn 0.1767 -0.9176 -0.3561
vn 0.1768 -0.9176 -0.3561
vn 0.0971 0.9759 -0.1956
vn 0.4183 -0.3384 -0.8429
vn 0.3962 0.4535 -0.7983
vn 0.1508 -0.9407 -0.3038
vn 0.1242 0.9602 -0.2502
vn 0.4081 -0.3967 -0.8222
vn 0.4081 0.3967 -0.8222
vn 0.3428 0.7497 -0.5661
vn 0.3428 -0.7497 -0.5661
vn 0.5177 -0.0314 -0.8550
vn 0.3665 0.7067 -0.6053
vn 0.3177 -0.7898 -0.5247
vn 0.5156 -0.0940 -0.8516
vn 0.3887 0.6609 -0.6420
vn 0.2914 -0.8267 -0.4812
vn 0.0163 0.9995 -0.0269
vn 0.5116 -0.1563 -0.8449
vn 0.4095 0.6124 -0.6762
vn 0.2639 -0.8605 -0.4358
vn 0.0521 0.9956 -0.0784
vn 0.5055 -0.2179 -0.8349
vn 0.4285 0.5616 -0.7078
vn 0.2354 -0.8908 -0.3887
vn 0.0811 0.9877 -0.1339
vn 0.4974 -0.2787 -0.8215
vn 0.4460 0.5086 -0.7365
vn 0.2059 -0.9176 -0.3401
vn 0.1131 0.9759 -0.1868
vn 0.4874 -0.3384 -0.8050
vn 0.4616 0.4535 -0.7624
vn 0.1756 -0.9407 -0.2901
vn 0.1757 -0.9407 -0.2901
vn 0.1447 0.9602 -0.2389
vn 0.4754 -0.3967 -0.7852
vn 0.4754 0.3967 -0.7852
vn 0.1447 -0.9602 -0.2389
vn 0.1757 0.9407 -0.2901
vn 0.1756 0.9407 -0.2901
vn 0.4616 -0.4535 -0.7624
vn 0.4874 0.3384 -0.8050
vn 0.1131 -0.9759 -0.1868
vn 0.2059 0.9176 -0.3401
vn 0.4460 -0.5086 -0.7365
vn 0.4974 0.2787 -0.8215
vn 0.0811 -0.9877 -0.1339
vn 0.2354 0.8908 -0.3887
vn 0.4285 -0.5616 -0.7078
vn 0.4286 -0.5616 -0.7078
vn 0.5055 0.2179 -0.8349
vn 0.0488 -0.9955 -0.0807
vn 0.2639 0.8605 -0.4358
vn 0.4095 -0.6124 -0.6762
vn 0.4094 -0.6124 -0.6762
vn 0.5116 0.1563 -0.8449
vn 0.5116 0.1562 -0.8449
vn 0.0174 -0.9995 -0.0262
vn 0.2914 0.8267 -0.4812
vn 0.3887 -0.6609 -0.6420
vn 0.3887 -0.6608 -0.6420
vn 0.5156 0.0940 -0.8516
vn 0.3177 0.7898 -0.5247
vn 0.3665 -0.7067 -0.6053
vn 0.5177 0.0314 -0.8550
vn 0.1993 -0.9407 -0.2744
vn 0.1641 0.9602 -0.2260
vn 0.5395 -0.3967 -0.7427
vn 0.5395 0.3967 -0.7427
vn 0.1641 -0.9602 -0.2260
vn 0.1993 0.9407 -0.2744
vn 0.5238 -0.4535 -0.7211
vn 0.5530 0.3384 -0.7614
vn 0.1284 -0.9759 -0.1767
vn 0.2337 0.9176 -0.3217
vn 0.2336 0.9176 -0.3217
vn 0.5060 -0.5086 -0.6966
vn 0.5644 0.2787 -0.7770
vn 0.0920 -0.9877 -0.1267
vn 0.2671 0.8908 -0.3677
vn 0.4863 -0.5616 -0.6694
vn 0.5736 0.2179 -0.7896
vn 0.0554 -0.9955 -0.0763
vn 0.0555 -0.9955 -0.0762
vn 0.2994 0.8605 -0.4122
vn 0.4646 -0.6124 -0.6396
vn 0.5805 0.1563 -0.7991
vn 0.0195 -0.9995 -0.0246
vn 0.3306 0.8268 -0.4552
vn 0.4411 -0.6609 -0.6072
vn 0.5851 0.0940 -0.8055
vn 0.3605 0.7898 -0.4963
vn 0.4158 -0.7067 -0.5725
vn 0.5874 0.0314 -0.8087
vn 0.3889 0.7497 -0.5354
vn 0.3889 -0.7497 -0.5354
vn 0.5874 -0.0314 -0.8087
vn 0.4158 0.7067 -0.5725
vn 0.3605 -0.7898 -0.4963
vn 0.5851 -0.0940 -0.8055
vn 0.4411 0.6609 -0.6072
vn 0.3306 -0.8268 -0.4552
vn 0.0185 0.9995 -0.0254
vn 0.0231 0.9995 -0.0208
vn 0.0195 0.9995 -0.0246
vn 0.5805 -0.1563 -0.7991
vn 0.5805 -0.1562 -0.7991
vn 0.4646 0.6124 -0.6396
vn 0.2994 -0.8605 -0.4122
vn 0.0585 0.9956 -0.0738
vn 0.5736 -0.2179 -0.7896
vn 0.4863 0.5616 -0.6694
vn 0.2671 -0.8908 -0.3677
vn 0.0920 0.9877 -0.1267
vn 0.0972 0.9877 -0.1227
vn 0.5644 -0.2787 -0.7770
vn 0.5060 0.5086 -0.6966
vn 0.2337 -0.9176 -0.3217
vn 0.2336 -0.9176 -0.3217
vn 0.1284 0.9759 -0.1767
vn 0.5530 -0.3384 -0.7614
vn 0.5238 0.4535 -0.7211
vn 0.4007 0.7898 -0.4644
vn 0.4623 -0.7067 -0.5357
vn 0.6530 0.0314 -0.7567
vn 0.4324 0.7497 -0.5010
vn 0.4324 -0.7497 -0.5010
vn 0.6530 -0.0314 -0.7567
vn 0.4623 0.7067 -0.5357
vn 0.4007 -0.7898 -0.4644
vn 0.4008 -0.7898 -0.4644
vn 0.6504 -0.0940 -0.7537
vn 0.4903 0.6609 -0.5682
vn 0.3675 -0.8268 -0.4259
vn 0.0215 0.9995 -0.0229
vn 0.6453 -0.1562 -0.7478
vn 0.5165 0.6124 -0.5985
vn 0.3329 -0.8605 -0.3857
vn 0.0616 0.9956 -0.0713
vn 0.6376 -0.2179 -0.7389
vn 0.5406 0.5616 -0.6264
vn 0.2969 -0.8908 -0.3440
vn 0.1023 0.9877 -0.1185
vn 0.1119 0.9877 -0.1095
vn 0.6275 -0.2787 -0.7271
vn 0.5625 0.5086 -0.6518
vn 0.2597 -0.9176 -0.3010
vn 0.1427 0.9759 -0.1653
vn 0.6148 -0.3384 -0.7124
vn 0.5823 0.4535 -0.6747
vn 0.2216 -0.9407 -0.2567
vn 0.1825 0.9602 -0.2114
vn 0.5997 -0.3967 -0.6949
vn 0.5997 0.3967 -0.6949
vn 0.5997 0.3968 -0.6949
vn 0.1825 -0.9602 -0.2114
vn 0.2216 0.9407 -0.2567
vn 0.5823 -0.4535 -0.6747
vn 0.5823 -0.4536 -0.6747
vn 0.6148 0.3384 -0.7124
vn 0.1427 -0.9759 -0.1653
vn 0.2597 0.9176 -0.3010
vn 0.5625 -0.5086 -0.6518
vn 0.6275 0.2787 -0.7271
vn 0.1023 -0.9877 -0.1185
vn 0.2969 0.8908 -0.3440
vn 0.5406 -0.5616 -0.6264
vn 0.6376 0.2179 -0.7389
vn 0.0616 -0.9956 -0.0713
vn 0.3329 0.8605 -0.3857
vn 0.5165 -0.6124 -0.5985
vn 0.6453 0.1562 -0.7478
vn 0.0205 -0.9995 -0.0238
vn 0.3675 0.8268 -0.4259
vn 0.4903 -0.6609 -0.5682
vn 0.6504 0.0940 -0.7537
vn 0.2840 -0.9176 -0.2782
vn 0.1560 0.9759 -0.1528
vn 0.6723 -0.3384 -0.6585
vn 0.6367 0.4536 -0.6236
vn 0.2423 -0.9407 -0.2373
vn 0.1995 0.9602 -0.1954
vn 0.6558 -0.3967 -0.6423
vn 0.6558 0.3967 -0.6423
vn 0.1995 -0.9602 -0.1954
vn 0.2423 0.9407 -0.2373
vn 0.6367 -0.4536 -0.6236
vn 0.6723 0.3384 -0.6585
vn 0.1560 -0.9759 -0.1528
vn 0.2840 0.9176 -0.2782
vn 0.6151 -0.5086 -0.6025
vn 0.6861 0.2787 -0.6720
vn 0.1119 -0.9877 -0.1095
vn 0.3246 0.8908 -0.3180
vn 0.5911 -0.5616 -0.5790
vn 0.6972 0.2179 -0.6829
vn 0.0673 -0.9956 -0.0659
vn 0.0699 -0.9956 -0.0630
vn 0.3640 0.8605 -0.3565
vn 0.5647 -0.6124 -0.5532
vn 0.7056 0.1562 -0.6911
vn 0.0263 -0.9995 -0.0167
vn 0.0225 -0.9995 -0.0220
vn 0.0233 -0.9995 -0.0210
vn 0.4019 0.8268 -0.3936
vn 0.5362 -0.6609 -0.5252
vn 0.7112 0.0940 -0.6966
vn 0.4382 0.7898 -0.4292
vn 0.5055 -0.7067 -0.4951
vn 0.7140 0.0314 -0.6994
vn 0.4728 0.7497 -0.4631
vn 0.4728 -0.7497 -0.4631
vn 0.4728 -0.7497 -0.4630
vn 0.7140 -0.0314 -0.6994
vn 0.5055 0.7067 -0.4951
vn 0.4382 -0.7898 -0.4292
vn 0.7112 -0.0940 -0.6966
vn 0.5362 0.6609 -0.5252
vn 0.4019 -0.8268 -0.3936
vn 0.0233 0.9995 -0.0210
vn 0.7056 -0.1562 -0.6911
vn 0.5647 0.6124 -0.5532
vn 0.3640 -0.8605 -0.3565
vn 0.0673 0.9955 -0.0659
vn 0.0673 0.9956 -0.0659
vn 0.6972 -0.2179 -0.6829
vn 0.5911 0.5616 -0.5790
vn 0.3246 -0.8908 -0.3180
vn 0.1205 0.9877 -0.0998
vn 0.6861 -0.2787 -0.6720
vn 0.6151 0.5086 -0.6025
vn 0.4334 0.8268 -0.3586
vn 0.5782 -0.6609 -0.4784
vn 0.5782 -0.6609 -0.4785
vn 0.7670 0.0940 -0.6347
vn 0.4726 0.7898 -0.3910
vn 0.5451 -0.7067 -0.4511
vn 0.7701 0.0314 -0.6372
vn 0.5098 0.7497 -0.4219
vn 0.5098 -0.7497 -0.4219
vn 0.7701 -0.0314 -0.6372
vn 0.5451 0.7067 -0.4511
vn 0.4726 -0.7898 -0.3910
vn 0.7670 -0.0940 -0.6347
vn 0.5782 0.6609 -0.4784
vn 0.4334 -0.8268 -0.3586
vn 0.0250 0.9995 -0.0190
vn 0.7610 -0.1563 -0.6297
vn 0.6090 0.6124 -0.5040
vn 0.3925 -0.8605 -0.3248
vn 0.0726 0.9956 -0.0601
vn 0.0726 0.9956 -0.0600
vn 0.7519 -0.2179 -0.6222
vn 0.6375 0.5616 -0.5275
vn 0.3501 -0.8908 -0.2897
vn 0.1246 0.9877 -0.0946
vn 0.7399 -0.2787 -0.6122
vn 0.6634 0.5086 -0.5489
vn 0.3063 -0.9176 -0.2534
vn 0.1683 0.9759 -0.1392
vn 0.7250 -0.3384 -0.5999
vn 0.6866 0.4536 -0.5682
vn 0.2613 -0.9407 -0.2162
vn 0.2152 0.9602 -0.1780
vn 0.7072 -0.3968 -0.5852
vn 0.7072 0.3968 -0.5852
vn 0.2152 -0.9602 -0.1780
vn 0.2613 0.9407 -0.2162
vn 0.6866 -0.4536 -0.5682
vn 0.7250 0.3384 -0.5999
vn 0.1683 -0.9759 -0.1392
vn 0.3063 0.9176 -0.2534
vn 0.6634 -0.5086 -0.5489
vn 0.7399 0.2787 -0.6122
vn 0.1205 -0.9877 -0.0998
vn 0.1206 -0.9877 -0.0998
vn 0.3501 0.8908 -0.2897
vn 0.6375 -0.5616 -0.5275
vn 0.7519 0.2179 -0.6222
vn 0.0750 -0.9956 -0.0569
vn 0.3925 0.8605 -0.3248
vn 0.6090 -0.6124 -0.5040
vn 0.6090 -0.6125 -0.5040
vn 0.7610 0.1563 -0.6297
vn 0.0250 -0.9995 -0.0190
vn 0.3731 -0.8908 -0.2594
vn 0.1287 0.9876 -0.0895
vn 0.7886 -0.2787 -0.5482
vn 0.7070 0.5086 -0.4915
vn 0.3264 -0.9176 -0.2269
vn 0.1793 0.9759 -0.1246
vn 0.1793 0.9759 -0.1247
vn 0.7727 -0.3384 -0.5371
vn 0.7318 0.4536 -0.5087
vn 0.2784 -0.9407 -0.1936
vn 0.2293 0.9602 -0.1594
vn 0.7537 -0.3968 -0.5239
vn 0.7537 -0.3968 -0.5240
vn 0.7537 0.3968 -0.5239
vn 0.2293 -0.9602 -0.1594
vn 0.2784 0.9407 -0.1936
vn 0.7318 -0.4536 -0.5087
vn 0.7727 0.3384 -0.5371
vn 0.7726 0.3384 -0.5371
vn 0.1793 -0.9759 -0.1246
vn 0.1793 -0.9759 -0.1247
vn 0.3264 0.9176 -0.2269
vn 0.7070 -0.5086 -0.4915
vn 0.7886 0.2787 -0.5482
vn 0.1286 -0.9877 -0.0894
vn 0.1287 -0.9876 -0.0894
vn 0.3731 0.8908 -0.2594
vn 0.6794 -0.5616 -0.4723
vn 0.8014 0.2179 -0.5571
vn 0.0773 -0.9956 -0.0538
vn 0.4183 0.8605 -0.2908
vn 0.6491 -0.6125 -0.4512
vn 0.8110 0.1563 -0.5638
vn 0.0265 -0.9995 -0.0168
vn 0.4619 0.8268 -0.3211
vn 0.6162 -0.6609 -0.4284
vn 0.8175 0.0940 -0.5683
vn 0.5036 0.7898 -0.3501
vn 0.5809 -0.7067 -0.4039
vn 0.8207 0.0314 -0.5705
vn 0.5433 0.7497 -0.3777
vn 0.5433 -0.7497 -0.3777
vn 0.8207 -0.0314 -0.5705
vn 0.5809 0.7067 -0.4039
vn 0.5036 -0.7898 -0.3501
vn 0.8175 -0.0940 -0.5683
vn 0.6162 0.6609 -0.4284
vn 0.4619 -0.8268 -0.3211
vn 0.0265 0.9995 -0.0168
vn 0.8110 -0.1563 -0.5638
vn 0.6491 0.6125 -0.4512
vn 0.4183 -0.8605 -0.2908
vn 0.0773 0.9956 -0.0538
vn 0.8014 -0.2179 -0.5571
vn 0.6794 0.5616 -0.4723
vn 0.4412 0.8605 -0.2548
vn 0.6846 -0.6125 -0.3953
vn 0.8553 0.1563 -0.4939
vn 0.0278 -0.9995 -0.0146
vn 0.4871 0.8268 -0.2813
vn 0.6499 -0.6609 -0.3753
vn 0.8621 0.0940 -0.4979
vn 0.5311 0.7898 -0.3067
vn 0.6127 -0.7067 -0.3538
vn 0.8656 0.0314 -0.4998
vn 0.5731 0.7497 -0.3309
vn 0.5731 -0.7497 -0.3309
vn 0.5730 -0.7497 -0.3309
vn 0.8656 -0.0314 -0.4998
vn 0.8655 -0.0314 -0.4998
vn 0.6127 0.7067 -0.3538
vn 0.5311 -0.7898 -0.3067
vn 0.5312 -0.7898 -0.3067
vn 0.8621 -0.0940 -0.4979
vn 0.6499 0.6609 -0.3753
vn 0.4871 -0.8268 -0.2813
vn 0.0272 0.9995 -0.0157
vn 0.8553 -0.1563 -0.4939
vn 0.6846 0.6125 -0.3953
vn 0.4412 -0.8605 -0.2548
vn 0.0816 0.9955 -0.0471
vn 0.0834 0.9956 -0.0436
vn 0.8452 -0.2179 -0.4881
vn 0.7165 0.5616 -0.4138
vn 0.3935 -0.8908 -0.2272
vn 0.1357 0.9877 -0.0784
vn 0.1387 0.9877 -0.0725
vn 0.8317 -0.2787 -0.4803
vn 0.7456 0.5086 -0.4306
vn 0.3443 -0.9176 -0.1988
vn 0.1891 0.9759 -0.1092
vn 0.8149 -0.3384 -0.4706
vn 0.7718 0.4536 -0.4457
vn 0.2937 -0.9408 -0.1696
vn 0.2419 0.9602 -0.1397
vn 0.7949 -0.3968 -0.4590
vn 0.7949 0.3968 -0.4590
vn 0.2419 -0.9602 -0.1397
vn 0.2418 -0.9602 -0.1397
vn 0.2937 0.9408 -0.1696
vn 0.7718 -0.4536 -0.4457
vn 0.8149 0.3384 -0.4706
vn 0.1891 -0.9759 -0.1092
vn 0.3443 0.9176 -0.1988
vn 0.7456 -0.5086 -0.4306
vn 0.8317 0.2787 -0.4803
vn 0.1357 -0.9877 -0.0784
vn 0.1357 -0.9877 -0.0783
vn 0.3935 0.8908 -0.2272
vn 0.7165 -0.5616 -0.4138
vn 0.8452 0.2179 -0.4881
vn 0.0816 -0.9955 -0.0471
vn 0.0816 -0.9956 -0.0471
vn 0.4610 -0.8605 -0.2170
vn 0.0868 0.9956 -0.0365
vn 0.8831 -0.2179 -0.4156
vn 0.8830 -0.2179 -0.4156
vn 0.7486 0.5616 -0.3523
vn 0.4111 -0.8908 -0.1935
vn 0.1443 0.9877 -0.0607
vn 0.1443 0.9877 -0.0606
vn 0.8689 -0.2787 -0.4090
vn 0.7790 0.5086 -0.3667
vn 0.3597 -0.9176 -0.1693
vn 0.1976 0.9759 -0.0930
vn 0.8514 -0.3384 -0.4007
vn 0.8064 0.4536 -0.3795
vn 0.3068 -0.9408 -0.1444
vn 0.2527 0.9602 -0.1189
vn 0.8305 -0.3968 -0.3909
vn 0.8305 0.3968 -0.3909
vn 0.2527 -0.9602 -0.1189
vn 0.3068 0.9408 -0.1444
vn 0.8064 -0.4536 -0.3795
vn 0.8514 0.3384 -0.4007
vn 0.1976 -0.9759 -0.0930
vn 0.3597 0.9176 -0.1693
vn 0.7790 -0.5086 -0.3667
vn 0.8689 0.2787 -0.4090
vn 0.1418 -0.9876 -0.0667
vn 0.1417 -0.9877 -0.0667
vn 0.4111 0.8908 -0.1935
vn 0.7486 -0.5616 -0.3523
vn 0.8831 0.2179 -0.4156
vn 0.0852 -0.9956 -0.0402
vn 0.0852 -0.9956 -0.0401
vn 0.4610 0.8605 -0.2170
vn 0.7152 -0.6125 -0.3366
vn 0.8937 0.1563 -0.4206
vn 0.0290 -0.9995 -0.0122
vn 0.5090 0.8268 -0.2396
vn 0.6790 -0.6609 -0.3196
vn 0.9008 0.0940 -0.4240
vn 0.5549 0.7898 -0.2612
vn 0.6402 -0.7067 -0.3013
vn 0.6401 -0.7067 -0.3013
vn 0.9043 0.0314 -0.4256
vn 0.5987 0.7497 -0.2818
vn 0.5987 -0.7497 -0.2818
vn 0.9043 -0.0314 -0.4256
vn 0.6402 0.7067 -0.3013
vn 0.5549 -0.7898 -0.2612
vn 0.9008 -0.0940 -0.4240
vn 0.6790 0.6609 -0.3196
vn 0.5090 -0.8268 -0.2396
vn 0.5090 -0.8268 -0.2395
vn 0.0284 0.9995 -0.0134
vn 0.0303 0.9995 -0.0071
vn 0.0290 0.9995 -0.0122
vn 0.8937 -0.1563 -0.4206
vn 0.7152 0.6125 -0.3366
vn 0.4259 0.8908 -0.1584
vn 0.7755 -0.5617 -0.2885
vn 0.9147 0.2179 -0.3403
vn 0.0883 -0.9956 -0.0328
vn 0.4775 0.8605 -0.1776
vn 0.7409 -0.6125 -0.2756
vn 0.9257 0.1563 -0.3444
vn 0.0295 -0.9995 -0.0110
vn 0.5272 0.8268 -0.1961
vn 0.7034 -0.6609 -0.2616
vn 0.9331 0.0940 -0.3471
vn 0.5749 0.7898 -0.2138
vn 0.6631 -0.7067 -0.2467
vn 0.9368 0.0314 -0.3485
vn 0.6202 0.7497 -0.2307
vn 0.6202 -0.7497 -0.2307
vn 0.9368 -0.0314 -0.3485
vn 0.6631 0.7067 -0.2467
vn 0.5749 -0.7898 -0.2138
vn 0.9331 -0.0940 -0.3471
vn 0.7034 0.6609 -0.2616
vn 0.5272 -0.8268 -0.1961
vn 0.0299 0.9995 -0.0097
vn 0.9257 -0.1563 -0.3444
vn 0.7409 0.6125 -0.2756
vn 0.4775 -0.8605 -0.1776
vn 0.0895 0.9956 -0.0291
vn 0.9147 -0.2179 -0.3403
vn 0.7755 0.5617 -0.2885
vn 0.4259 -0.8908 -0.1584
vn 0.1467 0.9877 -0.0546
vn 0.9001 -0.2787 -0.3348
vn 0.8070 0.5086 -0.3002
vn 0.3726 -0.9176 -0.1386
vn 0.2047 0.9759 -0.0761
vn 0.8820 -0.3384 -0.3281
vn 0.8353 0.4536 -0.3107
vn 0.3178 -0.9408 -0.1182
vn 0.2617 0.9602 -0.0974
vn 0.8603 -0.3968 -0.3200
vn 0.8603 0.3968 -0.3200
vn 0.2617 -0.9602 -0.0974
vn 0.3178 0.9408 -0.1182
vn 0.8353 -0.4536 -0.3107
vn 0.8820 0.3384 -0.3281
vn 0.2047 -0.9759 -0.0761
vn 0.3726 0.9176 -0.1386
vn 0.8070 -0.5086 -0.3002
vn 0.9001 0.2787 -0.3348
vn 0.1468 -0.9877 -0.0546
vn 0.5418 -0.8268 -0.1513
vn 0.0306 0.9995 -0.0072
vn 0.9513 -0.1563 -0.2657
vn 0.7614 0.6125 -0.2126
vn 0.4907 -0.8605 -0.1370
vn 0.0916 0.9956 -0.0215
vn 0.9400 -0.2179 -0.2625
vn 0.7969 0.5617 -0.2225
vn 0.4376 -0.8908 -0.1222
vn 0.1508 0.9877 -0.0421
vn 0.1523 0.9877 -0.0357
vn 0.9250 -0.2787 -0.2583
vn 0.8293 0.5086 -0.2316
vn 0.3829 -0.9176 -0.1069
vn 0.2103 0.9759 -0.0587
vn 0.9063 -0.3384 -0.2531
vn 0.8584 0.4536 -0.2397
vn 0.3266 -0.9408 -0.0912
vn 0.2690 0.9602 -0.0751
vn 0.8841 -0.3968 -0.2469
vn 0.8841 0.3968 -0.2469
vn 0.2690 -0.9602 -0.0751
vn 0.3266 0.9408 -0.0912
vn 0.8584 -0.4536 -0.2397
vn 0.9063 0.3384 -0.2531
vn 0.2103 -0.9759 -0.0587
vn 0.3829 0.9176 -0.1069
vn 0.8293 -0.5086 -0.2316
vn 0.9250 0.2787 -0.2583
vn 0.1508 -0.9877 -0.0421
vn 0.4376 0.8908 -0.1222
vn 0.7969 -0.5617 -0.2225
vn 0.9400 0.2179 -0.2625
vn 0.0907 -0.9956 -0.0253
vn 0.0906 -0.9956 -0.0253
vn 0.4907 0.8605 -0.1370
vn 0.7614 -0.6125 -0.2126
vn 0.9513 0.1563 -0.2657
vn 0.0311 -0.9995 -0.0020
vn 0.0303 -0.9995 -0.0085
vn 0.0306 -0.9995 -0.0072
vn 0.5418 0.8268 -0.1513
vn 0.7228 -0.6609 -0.2019
vn 0.9589 0.0940 -0.2678
vn 0.5907 0.7898 -0.1650
vn 0.6814 -0.7067 -0.1903
vn 0.9627 0.0314 -0.2688
vn 0.6373 0.7498 -0.1780
vn 0.6373 -0.7498 -0.1780
vn 0.9627 -0.0314 -0.2688
vn 0.6814 0.7067 -0.1903
vn 0.5907 -0.7898 -0.1650
vn 0.9589 -0.0940 -0.2678
vn 0.7228 0.6609 -0.2019
vn 0.3905 0.9176 -0.0745
vn 0.8457 -0.5086 -0.1614
vn 0.9434 0.2787 -0.1800
vn 0.1538 -0.9877 -0.0293
vn 0.1548 -0.9877 -0.0229
vn 0.4463 0.8908 -0.0852
vn 0.8127 -0.5617 -0.1551
vn 0.9587 0.2179 -0.1829
vn 0.0924 -0.9956 -0.0176
vn 0.0931 -0.9956 -0.0137
vn 0.5004 0.8605 -0.0955
vn 0.7765 -0.6125 -0.1482
vn 0.9702 0.1563 -0.1851
vn 0.0311 -0.9995 -0.0046
vn 0.5525 0.8268 -0.1054
vn 0.7372 -0.6609 -0.1407
vn 0.9779 0.0940 -0.1866
vn 0.6025 0.7898 -0.1150
vn 0.6025 0.7898 -0.1149
vn 0.6950 -0.7067 -0.1326
vn 0.9818 0.0314 -0.1873
vn 0.6500 0.7498 -0.1240
vn 0.6500 -0.7498 -0.1240
vn 0.9818 -0.0314 -0.1873
vn 0.6950 0.7067 -0.1326
vn 0.6025 -0.7898 -0.1150
vn 0.9779 -0.0940 -0.1866
vn 0.7372 0.6609 -0.1407
vn 0.5525 -0.8268 -0.1054
vn 0.0311 0.9995 -0.0046
vn 0.9702 -0.1563 -0.1851
vn 0.7765 0.6125 -0.1482
vn 0.5004 -0.8605 -0.0955
vn 0.0925 0.9956 -0.0177
vn 0.9587 -0.2179 -0.1829
vn 0.8127 0.5617 -0.1551
vn 0.4463 -0.8908 -0.0852
vn 0.1538 0.9877 -0.0293
vn 0.1557 0.9877 -0.0164
vn 0.9434 -0.2787 -0.1800
vn 0.8457 0.5086 -0.1614
vn 0.3905 -0.9176 -0.0745
vn 0.2145 0.9759 -0.0409
vn 0.9243 -0.3384 -0.1764
vn 0.8754 0.4536 -0.1670
vn 0.3331 -0.9408 -0.0636
vn 0.2743 0.9602 -0.0523
vn 0.9016 -0.3968 -0.1720
vn 0.9016 0.3968 -0.1720
vn 0.2743 -0.9602 -0.0523
vn 0.3331 0.9408 -0.0636
vn 0.8754 -0.4536 -0.1670
vn 0.9243 0.3384 -0.1764
vn 0.2145 -0.9759 -0.0409
vn 0.7464 -0.6609 -0.0785
vn 0.9901 0.0940 -0.1041
vn 0.6100 0.7898 -0.0641
vn 0.7036 -0.7067 -0.0740
vn 0.9940 0.0314 -0.1045
vn 0.6581 0.7498 -0.0692
vn 0.6581 -0.7498 -0.0692
vn 0.9940 -0.0314 -0.1045
vn 0.7036 0.7067 -0.0740
vn 0.6100 -0.7898 -0.0641
vn 0.9901 -0.0940 -0.1041
vn 0.7464 0.6609 -0.0785
vn 0.5594 -0.8268 -0.0588
vn 0.0314 0.9995 -0.0020
vn 0.9823 -0.1563 -0.1033
vn 0.7862 0.6125 -0.0826
vn 0.7862 0.6125 -0.0827
vn 0.5067 -0.8605 -0.0533
vn 0.0937 0.9956 -0.0098
vn 0.0939 0.9956 -0.0059
vn 0.9706 -0.2179 -0.1020
vn 0.8228 0.5617 -0.0865
vn 0.4519 -0.8908 -0.0475
vn 0.1557 0.9877 -0.0163
vn 0.1565 0.9877 -0.0033
vn 0.9551 -0.2787 -0.1004
vn 0.8563 0.5086 -0.0900
vn 0.3953 -0.9176 -0.0416
vn 0.2172 0.9759 -0.0228
vn 0.9358 -0.3384 -0.0984
vn 0.8863 0.4536 -0.0932
vn 0.3372 -0.9408 -0.0355
vn 0.3372 -0.9408 -0.0354
vn 0.2777 0.9602 -0.0292
vn 0.9129 -0.3968 -0.0960
vn 0.9129 0.3968 -0.0960
vn 0.2777 -0.9602 -0.0292
vn 0.3372 0.9408 -0.0354
vn 0.3372 0.9408 -0.0355
vn 0.8863 -0.4536 -0.0932
vn 0.9358 0.3384 -0.0984
vn 0.2172 -0.9759 -0.0228
vn 0.3953 0.9176 -0.0416
vn 0.8563 -0.5086 -0.0900
vn 0.9551 0.2787 -0.1004
vn 0.1562 -0.9877 -0.0098
vn 0.4519 0.8908 -0.0475
vn 0.8228 -0.5617 -0.0865
vn 0.9706 0.2179 -0.1020
vn 0.0939 -0.9956 -0.0059
vn 0.5067 0.8605 -0.0533
vn 0.7862 -0.6125 -0.0826
vn 0.7861 -0.6125 -0.0826
vn 0.9823 0.1563 -0.1033
vn 0.0314 -0.9995 -0.0020
vn 0.5594 0.8268 -0.0588
vn 0.1564 0.9877 0.0033
vn 0.9602 -0.2787 -0.0201
vn 0.8608 0.5086 -0.0180
vn 0.3974 -0.9176 -0.0083
vn 0.2183 0.9759 -0.0046
vn 0.9408 -0.3384 -0.0197
vn 0.8910 0.4536 -0.0187
vn 0.3390 -0.9408 -0.0071
vn 0.2792 0.9602 -0.0059
vn 0.2792 0.9602 -0.0058
vn 0.9177 -0.3968 -0.0192
vn 0.9177 0.3968 -0.0192
vn 0.2792 -0.9602 -0.0059
vn 0.2792 -0.9602 -0.0058
vn 0.3390 0.9408 -0.0071
vn 0.8910 -0.4536 -0.0187
vn 0.9408 0.3384 -0.0197
vn 0.2183 -0.9759 -0.0046
vn 0.3974 0.9176 -0.0083
vn 0.8608 -0.5086 -0.0180
vn 0.9602 0.2787 -0.0201
vn 0.1564 -0.9877 0.0033
vn 0.4543 0.8908 -0.0095
vn 0.8272 -0.5617 -0.0173
vn 0.9758 0.2179 -0.0204
vn 0.0942 -0.9955 -0.0020
vn 0.5093 0.8605 -0.0107
vn 0.7903 -0.6125 -0.0166
vn 0.9875 0.1563 -0.0207
vn 0.0314 -0.9995 0.0007
vn 0.5624 0.8268 -0.0118
vn 0.7503 -0.6609 -0.0157
vn 0.9954 0.0940 -0.0209
vn 0.9954 0.0940 -0.0208
vn 0.6132 0.7898 -0.0128
vn 0.7073 -0.7067 -0.0148
vn 0.9993 0.0314 -0.0209
vn 0.6616 0.7498 -0.0139
vn 0.6616 -0.7498 -0.0139
vn 0.9993 -0.0314 -0.0209
vn 0.7073 0.7067 -0.0148
vn 0.6132 -0.7898 -0.0128
vn 0.6132 -0.7898 -0.0129
vn 0.9954 -0.0940 -0.0209
vn 0.9954 -0.0940 -0.0208
vn 0.7503 0.6609 -0.0157
vn 0.5624 -0.8268 -0.0118
vn 0.0314 0.9995 -0.0006
vn 0.9875 -0.1563 -0.0207
vn 0.7903 0.6125 -0.0166
vn 0.5093 -0.8605 -0.0107
vn 0.0941 0.9956 0.0020
vn 0.9758 -0.2179 -0.0204
vn 0.8272 0.5617 -0.0173
vn 0.4543 -0.8908 -0.0095
vn 0.7889 -0.6125 0.0496
vn 0.9858 0.1563 0.0620
vn 0.0312 -0.9995 0.0033
vn 0.5614 0.8268 0.0353
vn 0.7490 -0.6609 0.0471
vn 0.9936 0.0940 0.0625
vn 0.6121 0.7898 0.0385
vn 0.7061 -0.7067 0.0444
vn 0.9975 0.0314 0.0628
vn 0.6604 0.7498 0.0416
vn 0.6604 -0.7498 0.0416
vn 0.9975 -0.0314 0.0628
vn 0.7061 0.7067 0.0444
vn 0.6121 -0.7898 0.0385
vn 0.9936 -0.0940 0.0625
vn 0.7490 0.6609 0.0471
vn 0.5614 -0.8268 0.0353
vn 0.0314 0.9995 0.0020
vn 0.0300 0.9995 0.0084
vn 0.0312 0.9995 0.0033
vn 0.9858 -0.1563 0.0620
vn 0.7889 0.6125 0.0496
vn 0.7889 0.6125 0.0497
vn 0.5085 -0.8605 0.0320
vn 0.0940 0.9956 0.0059
vn 0.9740 -0.2179 0.0613
vn 0.8257 0.5617 0.0520
vn 0.4535 -0.8908 0.0285
vn 0.1563 0.9877 0.0098
vn 0.9585 -0.2787 0.0603
vn 0.8593 0.5086 0.0541
vn 0.3967 -0.9176 0.0250
vn 0.2179 0.9759 0.0137
vn 0.9391 -0.3384 0.0591
vn 0.8894 0.4536 0.0560
vn 0.3384 -0.9408 0.0213
vn 0.2787 0.9602 0.0175
vn 0.9161 -0.3968 0.0577
vn 0.9161 -0.3968 0.0576
vn 0.9161 0.3968 0.0577
vn 0.9161 0.3968 0.0576
vn 0.2787 -0.9602 0.0175
vn 0.3384 0.9408 0.0213
vn 0.8894 -0.4536 0.0560
vn 0.9391 0.3384 0.0591
vn 0.2179 -0.9759 0.0137
vn 0.3967 0.9176 0.0250
vn 0.8593 -0.5086 0.0541
vn 0.9585 0.2787 0.0603
vn 0.1563 -0.9877 0.0098
vn 0.1550 -0.9877 0.0229
vn 0.4535 0.8908 0.0285
vn 0.8257 -0.5617 0.0520
vn 0.9740 0.2179 0.0613
vn 0.0940 -0.9956 0.0059
vn 0.0936 -0.9956 0.0098
vn 0.5085 0.8605 0.0320
vn 0.0932 0.9955 0.0138
vn 0.9655 -0.2179 0.1426
vn 0.8185 0.5617 0.1209
vn 0.4495 -0.8908 0.0664
vn 0.1550 0.9877 0.0229
vn 0.1549 0.9877 0.0229
vn 0.9501 -0.2787 0.1403
vn 0.8518 0.5086 0.1258
vn 0.8517 0.5086 0.1258
vn 0.3932 -0.9176 0.0581
vn 0.2160 0.9759 0.0319
vn 0.9309 -0.3384 0.1375
vn 0.8816 0.4536 0.1302
vn 0.3354 -0.9408 0.0495
vn 0.3354 -0.9408 0.0496
vn 0.2763 0.9602 0.0408
vn 0.9081 -0.3968 0.1341
vn 0.9081 0.3968 0.1341
vn 0.2763 -0.9602 0.0408
vn 0.3354 0.9408 0.0495
vn 0.8816 -0.4536 0.1302
vn 0.9309 0.3384 0.1375
vn 0.2160 -0.9759 0.0319
vn 0.3932 0.9176 0.0581
vn 0.8518 -0.5086 0.1258
vn 0.8517 -0.5086 0.1258
vn 0.9501 0.2787 0.1403
vn 0.1537 -0.9877 0.0293
vn 0.4495 0.8908 0.0664
vn 0.8185 -0.5617 0.1209
vn 0.9655 0.2179 0.1426
vn 0.0925 -0.9956 0.0176
vn 0.5040 0.8605 0.0744
vn 0.7820 -0.6125 0.1155
vn 0.9771 0.1563 0.1443
vn 0.0311 -0.9995 0.0046
vn 0.5565 0.8268 0.0822
vn 0.7424 -0.6609 0.1097
vn 0.7424 -0.6609 0.1096
vn 0.9849 0.0940 0.1455
vn 0.6067 0.7898 0.0896
vn 0.6999 -0.7067 0.1034
vn 0.9888 0.0314 0.1460
vn 0.6546 0.7498 0.0967
vn 0.6546 -0.7498 0.0967
vn 0.9888 -0.0314 0.1460
vn 0.6999 0.7067 0.1034
vn 0.6067 -0.7898 0.0896
vn 0.9849 -0.0940 0.1455
vn 0.7424 0.6609 0.1097
vn 0.5565 -0.8268 0.0822
vn 0.0309 0.9995 0.0059
vn 0.9771 -0.1563 0.1443
vn 0.7820 0.6125 0.1155
vn 0.5040 -0.8605 0.0744
vn 0.8055 -0.5617 0.1890
vn 0.9502 0.2179 0.2229
vn 0.0907 -0.9956 0.0253
vn 0.4960 0.8605 0.1164
vn 0.7696 -0.6125 0.1805
vn 0.9616 0.1563 0.2256
vn 0.0282 -0.9995 0.0133
vn 0.0306 -0.9995 0.0072
vn 0.0303 -0.9995 0.0085
vn 0.5476 0.8268 0.1285
vn 0.7306 -0.6609 0.1714
vn 0.9693 0.0940 0.2274
vn 0.5971 0.7898 0.1401
vn 0.6888 -0.7067 0.1616
vn 0.9731 0.0314 0.2283
vn 0.6442 0.7497 0.1511
vn 0.6442 -0.7497 0.1511
vn 0.6442 -0.7498 0.1511
vn 0.9731 -0.0314 0.2283
vn 0.6888 0.7067 0.1616
vn 0.5971 -0.7898 0.1401
vn 0.9693 -0.0940 0.2274
vn 0.7306 0.6609 0.1714
vn 0.5476 -0.8268 0.1285
vn 0.0303 0.9995 0.0085
vn 0.9616 -0.1563 0.2256
vn 0.7696 0.6125 0.1805
vn 0.4960 -0.8605 0.1164
vn 0.0917 0.9956 0.0215
vn 0.9502 -0.2179 0.2229
vn 0.8055 0.5617 0.1890
vn 0.4424 -0.8908 0.1038
vn 0.1524 0.9877 0.0358
vn 0.1507 0.9877 0.0421
vn 0.9350 -0.2787 0.2194
vn 0.8382 0.5086 0.1966
vn 0.8382 0.5086 0.1967
vn 0.3870 -0.9176 0.0908
vn 0.2126 0.9759 0.0499
vn 0.9161 -0.3384 0.2149
vn 0.8677 0.4536 0.2035
vn 0.3301 -0.9408 0.0774
vn 0.2719 0.9602 0.0638
vn 0.8936 -0.3968 0.2097
vn 0.8937 -0.3968 0.2096
vn 0.8936 0.3968 0.2097
vn 0.8937 0.3968 0.2096
vn 0.2719 -0.9602 0.0638
vn 0.3301 0.9408 0.0774
vn 0.8677 -0.4536 0.2035
vn 0.8677 -0.4536 0.2036
vn 0.9161 0.3384 0.2149
vn 0.2126 -0.9759 0.0499
vn 0.3870 0.9176 0.0908
vn 0.8382 -0.5086 0.1966
vn 0.8382 -0.5086 0.1967
vn 0.9350 0.2787 0.2194
vn 0.9350 0.2787 0.2193
vn 0.1524 -0.9877 0.0358
vn 0.4424 0.8908 0.1038
vn 0.0294 0.9995 0.0110
vn 0.9394 -0.1563 0.3053
vn 0.7518 0.6125 0.2443
vn 0.4845 -0.8605 0.1575
vn 0.0896 0.9955 0.0291
vn 0.0896 0.9956 0.0291
vn 0.9282 -0.2179 0.3016
vn 0.7869 0.5617 0.2557
vn 0.4321 -0.8908 0.1404
vn 0.1467 0.9877 0.0546
vn 0.9134 -0.2787 0.2968
vn 0.8188 0.5086 0.2661
vn 0.3781 -0.9176 0.1229
vn 0.2077 0.9759 0.0675
vn 0.8949 -0.3384 0.2908
vn 0.8476 0.4536 0.2755
vn 0.3225 -0.9408 0.1048
vn 0.2656 0.9602 0.0863
vn 0.8730 -0.3968 0.2837
vn 0.8730 0.3968 0.2837
vn 0.2656 -0.9602 0.0863
vn 0.3225 0.9408 0.1048
vn 0.8476 -0.4536 0.2755
vn 0.8949 0.3384 0.2908
vn 0.2077 -0.9759 0.0675
vn 0.3781 0.9176 0.1229
vn 0.8188 -0.5086 0.2661
vn 0.9134 0.2787 0.2968
vn 0.1489 -0.9877 0.0484
vn 0.4321 0.8908 0.1404
vn 0.7869 -0.5617 0.2557
vn 0.9282 0.2179 0.3016
vn 0.9282 0.2179 0.3017
vn 0.0882 -0.9956 0.0328
vn 0.4845 0.8605 0.1575
vn 0.7518 -0.6125 0.2443
vn 0.9394 0.1563 0.3053
vn 0.0294 -0.9995 0.0110
vn 0.5350 0.8268 0.1739
vn 0.7137 -0.6609 0.2320
vn 0.9468 0.0940 0.3077
vn 0.5833 0.7898 0.1896
vn 0.6729 -0.7067 0.2187
vn 0.9506 0.0314 0.3089
vn 0.6293 0.7497 0.2045
vn 0.6293 -0.7497 0.2045
vn 0.6293 -0.7498 0.2045
vn 0.9506 -0.0314 0.3089
vn 0.6729 0.7067 0.2187
vn 0.5833 -0.7898 0.1896
vn 0.9468 -0.0940 0.3077
vn 0.7137 0.6609 0.2320
vn 0.5350 -0.8268 0.1739
vn 0.7937 -0.5086 0.3337
vn 0.8853 0.2787 0.3722
vn 0.1443 -0.9877 0.0607
vn 0.4189 0.8908 0.1761
vn 0.7627 -0.5617 0.3207
vn 0.7627 -0.5616 0.3207
vn 0.8997 0.2179 0.3783
vn 0.0868 -0.9956 0.0365
vn 0.4696 0.8605 0.1975
vn 0.7287 -0.6125 0.3064
vn 0.9105 0.1563 0.3828
vn 0.0284 -0.9995 0.0134
vn 0.5185 0.8268 0.2180
vn 0.6918 -0.6609 0.2909
vn 0.9178 0.0940 0.3859
vn 0.5654 0.7898 0.2377
vn 0.6522 -0.7067 0.2742
vn 0.9214 0.0314 0.3874
vn 0.6100 0.7497 0.2565
vn 0.6100 -0.7497 0.2565
vn 0.9214 -0.0314 0.3874
vn 0.6522 0.7067 0.2742
vn 0.5654 -0.7898 0.2377
vn 0.9178 -0.0940 0.3859
vn 0.6918 0.6609 0.2909
vn 0.5185 -0.8268 0.2180
vn 0.0284 0.9995 0.0134
vn 0.9105 -0.1563 0.3828
vn 0.7287 0.6125 0.3064
vn 0.4696 -0.8605 0.1975
vn 0.0868 0.9956 0.0365
vn 0.8997 -0.2179 0.3783
vn 0.7627 0.5617 0.3207
vn 0.4189 -0.8908 0.1761
vn 0.1443 0.9877 0.0607
vn 0.8853 -0.2787 0.3722
vn 0.7937 0.5086 0.3337
vn 0.3664 -0.9176 0.1541
vn 0.2013 0.9759 0.0846
vn 0.8674 -0.3384 0.3647
vn 0.8216 0.4536 0.3454
vn 0.3126 -0.9408 0.1314
vn 0.2574 0.9602 0.1082
vn 0.2574 0.9602 0.1083
vn 0.8462 -0.3968 0.3558
vn 0.8462 0.3968 0.3558
vn 0.2574 -0.9602 0.1082
vn 0.2574 -0.9602 0.1083
vn 0.3126 0.9408 0.1314
vn 0.8216 -0.4536 0.3454
vn 0.8215 -0.4536 0.3454
vn 0.8674 0.3384 0.3647
vn 0.2013 -0.9759 0.0846
vn 0.3664 0.9176 0.1541
vn 0.3665 0.9176 0.1541
vn 0.8822 -0.0940 0.4613
vn 0.6650 0.6609 0.3478
vn 0.6651 0.6609 0.3478
vn 0.4985 -0.8268 0.2607
vn 0.0279 0.9995 0.0146
vn 0.8753 -0.1563 0.4577
vn 0.7005 0.6125 0.3663
vn 0.4515 -0.8605 0.2361
vn 0.0835 0.9956 0.0436
vn 0.8649 -0.2179 0.4522
vn 0.7332 0.5617 0.3834
vn 0.4027 -0.8908 0.2106
vn 0.1388 0.9877 0.0725
vn 0.1388 0.9877 0.0726
vn 0.8511 -0.2787 0.4450
vn 0.7630 0.5086 0.3990
vn 0.3523 -0.9176 0.1842
vn 0.1935 0.9759 0.1012
vn 0.8339 -0.3384 0.4360
vn 0.7898 0.4536 0.4130
vn 0.3005 -0.9408 0.1571
vn 0.2475 0.9602 0.1294
vn 0.8134 -0.3968 0.4253
vn 0.8134 0.3968 0.4253
vn 0.2475 -0.9602 0.1294
vn 0.3005 0.9408 0.1571
vn 0.7898 -0.4536 0.4130
vn 0.8339 0.3384 0.4360
vn 0.1935 -0.9759 0.1012
vn 0.3523 0.9176 0.1842
vn 0.7630 -0.5086 0.3990
vn 0.8511 0.2787 0.4450
vn 0.1388 -0.9877 0.0725
vn 0.1388 -0.9877 0.0726
vn 0.4027 0.8908 0.2106
vn 0.7332 -0.5617 0.3834
vn 0.8649 0.2179 0.4522
vn 0.0835 -0.9956 0.0436
vn 0.0815 -0.9956 0.0471
vn 0.4515 0.8605 0.2361
vn 0.7005 -0.6125 0.3663
vn 0.8753 0.1563 0.4577
vn 0.0272 -0.9995 0.0157
vn 0.4985 0.8268 0.2607
vn 0.6650 -0.6609 0.3478
vn 0.8822 0.0940 0.4613
vn 0.5435 0.7898 0.2842
vn 0.6270 -0.7067 0.3279
vn 0.6270 -0.7067 0.3278
vn 0.8857 0.0314 0.4631
vn 0.8857 0.0314 0.4632
vn 0.5864 0.7497 0.3066
vn 0.5864 -0.7497 0.3066
vn 0.8857 -0.0314 0.4631
vn 0.6270 0.7067 0.3279
vn 0.5435 -0.7898 0.2842
vn 0.7524 -0.4536 0.4776
vn 0.7945 0.3384 0.5043
vn 0.1844 -0.9759 0.1170
vn 0.3356 0.9176 0.2130
vn 0.7269 -0.5086 0.4614
vn 0.8108 0.2787 0.5147
vn 0.1322 -0.9877 0.0840
vn 0.1322 -0.9877 0.0839
vn 0.3836 0.8908 0.2435
vn 0.6985 -0.5616 0.4434
vn 0.6985 -0.5617 0.4434
vn 0.8240 0.2179 0.5230
vn 0.0773 -0.9956 0.0537
vn 0.4301 0.8605 0.2730
vn 0.6674 -0.6125 0.4236
vn 0.8339 0.1563 0.5293
vn 0.0258 -0.9995 0.0179
vn 0.4749 0.8268 0.3015
vn 0.6336 -0.6609 0.4022
vn 0.8405 0.0940 0.5335
vn 0.5178 0.7898 0.3287
vn 0.5973 -0.7067 0.3792
vn 0.8439 0.0314 0.5356
vn 0.5587 0.7497 0.3546
vn 0.5587 -0.7497 0.3546
vn 0.8439 -0.0314 0.5356
vn 0.8439 -0.0314 0.5357
vn 0.5973 0.7067 0.3792
vn 0.5178 -0.7898 0.3287
vn 0.8405 -0.0940 0.5335
vn 0.6336 0.6609 0.4022
vn 0.4749 -0.8268 0.3015
vn 0.0265 0.9995 0.0168
vn 0.0222 0.9995 0.0218
vn 0.0258 0.9995 0.0179
vn 0.8339 -0.1563 0.5293
vn 0.6674 0.6125 0.4236
vn 0.4301 -0.8605 0.2730
vn 0.0795 0.9956 0.0505
vn 0.8240 -0.2179 0.5230
vn 0.6985 0.5616 0.4434
vn 0.3836 -0.8908 0.2435
vn 0.1322 0.9877 0.0840
vn 0.1322 0.9877 0.0839
vn 0.8108 -0.2787 0.5147
vn 0.7269 0.5086 0.4614
vn 0.3356 -0.9176 0.2130
vn 0.1844 0.9759 0.1170
vn 0.7945 -0.3384 0.5043
vn 0.7524 0.4536 0.4776
vn 0.2863 -0.9408 0.1817
vn 0.2863 -0.9407 0.1817
vn 0.2358 0.9602 0.1497
vn 0.7750 -0.3968 0.4919
vn 0.7750 0.3968 0.4919
vn 0.2358 -0.9602 0.1497
vn 0.2863 0.9408 0.1817
vn 0.2863 0.9407 0.1817
vn 0.7961 -0.0314 0.6044
vn 0.5635 0.7067 0.4278
vn 0.4885 -0.7898 0.3709
vn 0.7929 -0.0940 0.6020
vn 0.5977 0.6609 0.4538
vn 0.5978 0.6609 0.4538
vn 0.4480 -0.8268 0.3402
vn 0.0242 0.9995 0.0200
vn 0.7867 -0.1563 0.5972
vn 0.7867 -0.1563 0.5973
vn 0.6296 0.6125 0.4780
vn 0.4058 -0.8605 0.3081
vn 0.0749 0.9956 0.0568
vn 0.0725 0.9956 0.0600
vn 0.7773 -0.2179 0.5902
vn 0.6590 0.5616 0.5003
vn 0.3619 -0.8908 0.2748
vn 0.1247 0.9877 0.0947
vn 0.1206 0.9877 0.0998
vn 0.7649 -0.2787 0.5807
vn 0.6858 0.5086 0.5206
vn 0.3166 -0.9176 0.2404
vn 0.1739 0.9759 0.1321
vn 0.7495 -0.3384 0.5690
vn 0.7098 0.4536 0.5389
vn 0.2701 -0.9407 0.2050
vn 0.2224 0.9602 0.1689
vn 0.7311 -0.3968 0.5551
vn 0.7311 0.3968 0.5551
vn 0.2224 -0.9602 0.1689
vn 0.2701 0.9407 0.2050
vn 0.7098 -0.4536 0.5389
vn 0.7495 0.3384 0.5690
vn 0.1739 -0.9759 0.1321
vn 0.3166 0.9176 0.2404
vn 0.6858 -0.5086 0.5206
vn 0.7649 0.2787 0.5807
vn 0.1247 -0.9877 0.0947
vn 0.1206 -0.9877 0.0998
vn 0.3619 0.8908 0.2748
vn 0.6590 -0.5616 0.5003
vn 0.7773 0.2179 0.5902
vn 0.0749 -0.9956 0.0569
vn 0.4058 0.8605 0.3081
vn 0.6296 -0.6125 0.4780
vn 0.6296 -0.6124 0.4780
vn 0.7867 0.1563 0.5972
vn 0.7867 0.1563 0.5973
vn 0.0250 -0.9995 0.0190
vn 0.4480 0.8268 0.3402
vn 0.5977 -0.6609 0.4538
vn 0.7929 0.0940 0.6020
vn 0.4885 0.7898 0.3709
vn 0.5635 -0.7067 0.4278
vn 0.7961 0.0314 0.6044
vn 0.5271 0.7497 0.4001
vn 0.5271 -0.7497 0.4001
vn 0.6821 -0.3968 0.6143
vn 0.6821 0.3968 0.6143
vn 0.2075 -0.9602 0.1869
vn 0.2520 0.9407 0.2269
vn 0.6622 -0.4536 0.5964
vn 0.6992 0.3384 0.6297
vn 0.1623 -0.9759 0.1462
vn 0.1623 -0.9759 0.1461
vn 0.2954 0.9176 0.2660
vn 0.6398 -0.5086 0.5762
vn 0.7136 0.2787 0.6427
vn 0.1164 -0.9876 0.1049
vn 0.1072 -0.9877 0.1142
vn 0.3377 0.8908 0.3041
vn 0.6148 -0.5616 0.5537
vn 0.7252 0.2179 0.6531
vn 0.0700 -0.9956 0.0630
vn 0.0673 -0.9956 0.0659
vn 0.3786 0.8605 0.3410
vn 0.5874 -0.6124 0.5290
vn 0.7339 0.1563 0.6610
vn 0.0183 -0.9995 0.0252
vn 0.0234 -0.9995 0.0210
vn 0.0224 -0.9995 0.0220
vn 0.4180 0.8268 0.3765
vn 0.5577 -0.6609 0.5022
vn 0.7398 0.0940 0.6663
vn 0.7398 0.0940 0.6662
vn 0.4558 0.7898 0.4105
vn 0.5257 -0.7067 0.4735
vn 0.7427 0.0314 0.6689
vn 0.4917 0.7497 0.4429
vn 0.4917 -0.7497 0.4429
vn 0.7427 -0.0314 0.6689
vn 0.5257 0.7067 0.4735
vn 0.4558 -0.7898 0.4105
vn 0.7398 -0.0940 0.6663
vn 0.7398 -0.0940 0.6662
vn 0.5577 0.6609 0.5022
vn 0.4180 -0.8268 0.3765
vn 0.0224 0.9995 0.0220
vn 0.7339 -0.1563 0.6610
vn 0.5874 0.6124 0.5290
vn 0.3786 -0.8605 0.3410
vn 0.0673 0.9956 0.0659
vn 0.7252 -0.2179 0.6531
vn 0.6148 0.5616 0.5537
vn 0.3377 -0.8908 0.3041
vn 0.1118 0.9877 0.1095
vn 0.7136 -0.2787 0.6427
vn 0.6398 0.5086 0.5762
vn 0.2954 -0.9176 0.2660
vn 0.1623 0.9759 0.1462
vn 0.1623 0.9759 0.1461
vn 0.6992 -0.3384 0.6297
vn 0.6622 0.4536 0.5964
vn 0.2520 -0.9407 0.2269
vn 0.2075 0.9602 0.1869
vn 0.6841 0.0314 0.7287
vn 0.4530 0.7497 0.4824
vn 0.4529 0.7497 0.4824
vn 0.4530 -0.7497 0.4824
vn 0.6841 -0.0314 0.7287
vn 0.4843 0.7067 0.5158
vn 0.4198 -0.7898 0.4472
vn 0.6814 -0.0940 0.7258
vn 0.5137 0.6609 0.5472
vn 0.3850 -0.8268 0.4101
vn 0.0205 0.9995 0.0238
vn 0.6761 -0.1562 0.7201
vn 0.5411 0.6124 0.5763
vn 0.3487 -0.8605 0.3715
vn 0.3487 -0.8605 0.3714
vn 0.0645 0.9955 0.0687
vn 0.6680 -0.2179 0.7115
vn 0.5663 0.5616 0.6032
vn 0.3110 -0.8908 0.3313
vn 0.1072 0.9877 0.1142
vn 0.6574 -0.2787 0.7002
vn 0.5893 0.5086 0.6277
vn 0.2721 -0.9176 0.2898
vn 0.1495 0.9759 0.1592
vn 0.6441 -0.3384 0.6860
vn 0.6100 0.4536 0.6497
vn 0.2321 -0.9407 0.2472
vn 0.1912 0.9602 0.2036
vn 0.6283 -0.3967 0.6692
vn 0.6283 0.3967 0.6692
vn 0.1912 -0.9602 0.2036
vn 0.2321 0.9407 0.2472
vn 0.6100 -0.4536 0.6497
vn 0.6441 0.3384 0.6860
vn 0.1495 -0.9759 0.1592
vn 0.2721 0.9176 0.2898
vn 0.5893 -0.5086 0.6277
vn 0.6574 0.2787 0.7002
vn 0.1022 -0.9877 0.1185
vn 0.3110 0.8908 0.3313
vn 0.5663 -0.5616 0.6032
vn 0.6680 0.2179 0.7115
vn 0.0615 -0.9956 0.0713
vn 0.3487 0.8605 0.3715
vn 0.3487 0.8605 0.3714
vn 0.5411 -0.6124 0.5763
vn 0.6761 0.1562 0.7201
vn 0.6761 0.1563 0.7201
vn 0.0205 -0.9995 0.0238
vn 0.3850 0.8268 0.4101
vn 0.5137 -0.6609 0.5472
vn 0.6814 0.0940 0.7258
vn 0.4198 0.7898 0.4472
vn 0.4843 -0.7067 0.5158
vn 0.5844 -0.3384 0.7375
vn 0.5535 0.4535 0.6985
vn 0.2106 -0.9407 0.2658
vn 0.1735 0.9602 0.2189
vn 0.5701 -0.3967 0.7194
vn 0.5701 0.3967 0.7194
vn 0.1735 -0.9602 0.2189
vn 0.2106 0.9407 0.2658
vn 0.5535 -0.4535 0.6985
vn 0.5844 0.3384 0.7375
vn 0.1356 -0.9759 0.1712
vn 0.2469 0.9176 0.3116
vn 0.5347 -0.5086 0.6748
vn 0.5348 -0.5086 0.6748
vn 0.5965 0.2787 0.7527
vn 0.0973 -0.9877 0.1227
vn 0.2822 0.8908 0.3562
vn 0.5139 -0.5616 0.6485
vn 0.6061 0.2179 0.7649
vn 0.0585 -0.9956 0.0738
vn 0.3164 0.8605 0.3993
vn 0.4910 -0.6124 0.6196
vn 0.6134 0.1562 0.7741
vn 0.0185 -0.9995 0.0254
vn 0.3494 0.8268 0.4409
vn 0.4661 -0.6609 0.5882
vn 0.4661 -0.6608 0.5882
vn 0.6183 0.0940 0.7803
vn 0.3809 0.7898 0.4807
vn 0.3810 0.7898 0.4807
vn 0.4394 -0.7067 0.5545
vn 0.6208 0.0314 0.7834
vn 0.4110 0.7497 0.5187
vn 0.4110 -0.7497 0.5187
vn 0.6208 -0.0314 0.7834
vn 0.4394 0.7067 0.5545
vn 0.3809 -0.7898 0.4807
vn 0.6183 -0.0940 0.7803
vn 0.4661 0.6609 0.5882
vn 0.3494 -0.8268 0.4409
vn 0.0185 0.9995 0.0254
vn 0.6134 -0.1562 0.7741
vn 0.6134 -0.1563 0.7741
vn 0.4910 0.6124 0.6196
vn 0.3164 -0.8605 0.3993
vn 0.0585 0.9956 0.0738
vn 0.0553 0.9956 0.0762
vn 0.6061 -0.2179 0.7649
vn 0.5139 0.5616 0.6485
vn 0.2822 -0.8908 0.3562
vn 0.0973 0.9877 0.1227
vn 0.5965 -0.2787 0.7527
vn 0.5347 0.5086 0.6748
vn 0.5348 0.5086 0.6748
vn 0.2469 -0.9176 0.3116
vn 0.1356 0.9759 0.1712
vn 0.5509 0.0940 0.8293
vn 0.3394 0.7898 0.5109
vn 0.3915 -0.7067 0.5894
vn 0.5530 0.0314 0.8326
vn 0.3662 0.7497 0.5512
vn 0.3662 -0.7497 0.5512
vn 0.5530 -0.0314 0.8326
vn 0.3915 0.7067 0.5894
vn 0.3394 -0.7898 0.5109
vn 0.5509 -0.0940 0.8293
vn 0.4153 0.6608 0.6252
vn 0.3113 -0.8268 0.4686
vn 0.0174 0.9995 0.0262
vn 0.5465 -0.1563 0.8227
vn 0.4374 0.6124 0.6585
vn 0.2819 -0.8605 0.4244
vn 0.0488 0.9956 0.0805
vn 0.5400 -0.2179 0.8130
vn 0.4578 0.5616 0.6892
vn 0.2514 -0.8908 0.3785
vn 0.0866 0.9877 0.1304
vn 0.5314 -0.2787 0.8000
vn 0.4764 0.5086 0.7172
vn 0.2200 -0.9176 0.3312
vn 0.1208 0.9759 0.1819
vn 0.5207 -0.3384 0.7838
vn 0.4931 0.4535 0.7424
vn 0.1876 -0.9407 0.2825
vn 0.1545 0.9602 0.2327
vn 0.5079 -0.3967 0.7646
vn 0.5079 0.3967 0.7646
vn 0.1545 -0.9602 0.2327
vn 0.1876 0.9407 0.2825
vn 0.4931 -0.4535 0.7424
vn 0.5207 0.3384 0.7838
vn 0.1208 -0.9759 0.1819
vn 0.2200 0.9176 0.3312
vn 0.4764 -0.5086 0.7172
vn 0.5314 0.2787 0.8000
vn 0.0866 -0.9877 0.1304
vn 0.0811 -0.9877 0.1339
vn 0.2514 0.8908 0.3785
vn 0.4578 -0.5616 0.6892
vn 0.5400 0.2179 0.8130
vn 0.0521 -0.9955 0.0785
vn 0.0488 -0.9956 0.0805
vn 0.2819 0.8605 0.4244
vn 0.4374 -0.6124 0.6585
vn 0.5465 0.1563 0.8227
vn 0.0163 -0.9995 0.0269
vn 0.3113 0.8268 0.4686
vn 0.4153 -0.6608 0.6252
vn 0.4153 -0.6609 0.6252
vn 0.4626 -0.2787 0.8416
vn 0.4147 0.5086 0.7546
vn 0.1915 -0.9176 0.3484
vn 0.1052 0.9759 0.1914
vn 0.4533 -0.3384 0.8247
vn 0.4293 0.4535 0.7810
vn 0.1634 -0.9407 0.2972
vn 0.1345 0.9602 0.2448
vn 0.4421 -0.3967 0.8044
vn 0.4421 0.3967 0.8044
vn 0.1345 -0.9602 0.2448
vn 0.1634 0.9407 0.2972
vn 0.4293 -0.4535 0.7810
vn 0.4533 0.3384 0.8247
vn 0.1052 -0.9759 0.1914
vn 0.1915 0.9176 0.3484
vn 0.4147 -0.5086 0.7546
vn 0.4626 0.2787 0.8416
vn 0.0754 -0.9877 0.1372
vn 0.0637 -0.9877 0.1430
vn 0.2189 0.8908 0.3982
vn 0.3985 -0.5616 0.7251
vn 0.4701 0.2179 0.8553
vn 0.0453 -0.9956 0.0825
vn 0.0383 -0.9956 0.0860
vn 0.2454 0.8605 0.4465
vn 0.3808 -0.6124 0.6928
vn 0.4758 0.1563 0.8656
vn 0.0140 -0.9995 0.0281
vn 0.2710 0.8268 0.4930
vn 0.3615 -0.6608 0.6577
vn 0.4795 0.0940 0.8725
vn 0.2954 0.7898 0.5376
vn 0.2955 0.7898 0.5376
vn 0.3408 -0.7067 0.6201
vn 0.4814 0.0314 0.8759
vn 0.3188 0.7497 0.5799
vn 0.3188 -0.7497 0.5799
vn 0.4814 -0.0314 0.8759
vn 0.3408 0.7067 0.6201
vn 0.2954 -0.7898 0.5376
vn 0.4795 -0.0940 0.8725
vn 0.3615 0.6608 0.6577
vn 0.2710 -0.8268 0.4930
vn 0.0151 0.9995 0.0276
vn 0.0090 0.9995 0.0298
vn 0.0140 0.9995 0.0282
vn 0.4758 -0.1563 0.8656
vn 0.3808 0.6124 0.6928
vn 0.2454 -0.8605 0.4465
vn 0.0453 0.9956 0.0824
vn 0.4701 -0.2179 0.8553
vn 0.3985 0.5616 0.7251
vn 0.2189 -0.8908 0.3982
vn 0.0754 0.9877 0.1372
vn 0.4017 0.1562 0.9024
vn 0.0128 -0.9995 0.0287
vn 0.2288 0.8267 0.5140
vn 0.3052 -0.6608 0.6857
vn 0.4049 0.0940 0.9095
vn 0.2494 0.7898 0.5604
vn 0.2877 -0.7066 0.6464
vn 0.2877 -0.7067 0.6464
vn 0.4065 0.0314 0.9131
vn 0.2691 0.7497 0.6046
vn 0.2691 -0.7497 0.6046
vn 0.4065 -0.0314 0.9131
vn 0.2877 0.7066 0.6464
vn 0.2494 -0.7898 0.5604
vn 0.4049 -0.0940 0.9095
vn 0.3052 0.6608 0.6857
vn 0.2288 -0.8267 0.5140
vn 0.0116 0.9995 0.0292
vn 0.4017 -0.1562 0.9024
vn 0.3215 0.6124 0.7222
vn 0.2072 -0.8605 0.4655
vn 0.2072 -0.8604 0.4655
vn 0.0383 0.9956 0.0859
vn 0.0383 0.9956 0.0860
vn 0.3969 -0.2179 0.8916
vn 0.3365 0.5616 0.7559
vn 0.1848 -0.8908 0.4152
vn 0.0637 0.9877 0.1430
vn 0.0637 0.9877 0.1431
vn 0.3906 -0.2787 0.8774
vn 0.3905 -0.2787 0.8774
vn 0.3501 0.5086 0.7866
vn 0.1617 -0.9176 0.3632
vn 0.0888 0.9759 0.1995
vn 0.3827 -0.3383 0.8597
vn 0.3827 -0.3384 0.8597
vn 0.3624 0.4535 0.8142
vn 0.1379 -0.9407 0.3098
vn 0.1136 0.9602 0.2552
vn 0.3733 -0.3967 0.8386
vn 0.3733 0.3967 0.8386
vn 0.1136 -0.9602 0.2552
vn 0.1379 0.9407 0.3098
vn 0.3624 -0.4535 0.8142
vn 0.3827 0.3383 0.8597
vn 0.0888 -0.9759 0.1995
vn 0.1617 0.9176 0.3632
vn 0.3501 -0.5086 0.7866
vn 0.3906 0.2787 0.8774
vn 0.0576 -0.9877 0.1455
vn 0.1848 0.8908 0.4152
vn 0.3365 -0.5616 0.7559
vn 0.3969 0.2179 0.8916
vn 0.0347 -0.9956 0.0875
vn 0.2072 0.8605 0.4655
vn 0.3215 -0.6124 0.7222
vn 0.1307 0.9176 0.3755
vn 0.2831 -0.5085 0.8132
vn 0.2831 -0.5086 0.8132
vn 0.3158 0.2787 0.9070
vn 0.0452 -0.9877 0.1498
vn 0.1494 0.8908 0.4292
vn 0.2721 -0.5616 0.7814
vn 0.3209 0.2179 0.9217
vn 0.0310 -0.9955 0.0890
vn 0.1675 0.8605 0.4812
vn 0.2599 -0.6124 0.7466
vn 0.3248 0.1562 0.9328
vn 0.0039 -0.9995 0.0309
vn 0.0103 -0.9995 0.0297
vn 0.0091 -0.9995 0.0301
vn 0.1850 0.8267 0.5313
vn 0.2468 -0.6608 0.7088
vn 0.3273 0.0940 0.9402
vn 0.2017 0.7898 0.5793
vn 0.2326 -0.7066 0.6682
vn 0.3286 0.0314 0.9439
vn 0.2176 0.7497 0.6250
vn 0.2176 -0.7497 0.6250
vn 0.3286 -0.0314 0.9439
vn 0.2326 0.7066 0.6682
vn 0.2327 0.7066 0.6682
vn 0.2017 -0.7898 0.5793
vn 0.3273 -0.0940 0.9402
vn 0.2468 0.6608 0.7088
vn 0.1850 -0.8267 0.5313
vn 0.0091 0.9995 0.0301
vn 0.3248 -0.1562 0.9328
vn 0.2599 0.6124 0.7466
vn 0.1675 -0.8605 0.4812
vn 0.0310 0.9955 0.0890
vn 0.3209 -0.2179 0.9217
vn 0.2721 0.5616 0.7814
vn 0.1494 -0.8908 0.4292
vn 0.0515 0.9877 0.1479
vn 0.0516 0.9876 0.1480
vn 0.3158 -0.2787 0.9070
vn 0.2831 0.5085 0.8132
vn 0.1307 -0.9176 0.3755
vn 0.0718 0.9759 0.2063
vn 0.3094 -0.3383 0.8887
vn 0.2930 0.4535 0.8417
vn 0.1115 -0.9407 0.3203
vn 0.0918 0.9602 0.2638
vn 0.3018 -0.3967 0.8669
vn 0.3018 0.3967 0.8669
vn 0.0918 -0.9602 0.2638
vn 0.1115 0.9407 0.3203
vn 0.2930 -0.4535 0.8417
vn 0.3094 0.3383 0.8887
vn 0.0718 -0.9759 0.2063
vn 0.1525 -0.7898 0.5941
vn 0.2475 -0.0940 0.9643
vn 0.1866 0.6608 0.7270
vn 0.1399 -0.8267 0.5449
vn 0.0065 0.9995 0.0307
vn 0.2456 -0.1562 0.9567
vn 0.1966 0.6124 0.7657
vn 0.1267 -0.8605 0.4935
vn 0.1267 -0.8604 0.4935
vn 0.0234 0.9956 0.0912
vn 0.2427 -0.2179 0.9453
vn 0.2057 0.5616 0.8014
vn 0.1130 -0.8908 0.4402
vn 0.0389 0.9876 0.1518
vn 0.2388 -0.2787 0.9302
vn 0.2388 -0.2786 0.9302
vn 0.2141 0.5085 0.8340
vn 0.0988 -0.9176 0.3851
vn 0.0989 -0.9176 0.3851
vn 0.0543 0.9759 0.2116
vn 0.2340 -0.3383 0.9115
vn 0.2216 0.4535 0.8633
vn 0.0843 -0.9407 0.3285
vn 0.0694 0.9602 0.2705
vn 0.2282 -0.3967 0.8891
vn 0.2282 0.3967 0.8891
vn 0.0694 -0.9602 0.2705
vn 0.0843 0.9407 0.3285
vn 0.2216 -0.4535 0.8633
vn 0.2340 0.3383 0.9115
vn 0.0543 -0.9759 0.2116
vn 0.0988 0.9176 0.3851
vn 0.0989 0.9176 0.3851
vn 0.2141 -0.5085 0.8340
vn 0.2388 0.2787 0.9302
vn 0.0389 -0.9876 0.1518
vn 0.0261 -0.9876 0.1545
vn 0.1130 0.8908 0.4402
vn 0.2057 -0.5616 0.8014
vn 0.2427 0.2179 0.9453
vn 0.0234 -0.9956 0.0912
vn 0.1267 0.8605 0.4935
vn 0.1267 0.8604 0.4935
vn 0.1966 -0.6124 0.7657
vn 0.2456 0.1562 0.9567
vn 0.0065 -0.9995 0.0307
vn 0.1399 0.8267 0.5449
vn 0.1866 -0.6608 0.7270
vn 0.2475 0.0940 0.9643
vn 0.1525 0.7898 0.5941
vn 0.1759 -0.7066 0.6853
vn 0.2485 0.0314 0.9681
vn 0.1645 0.7497 0.6410
vn 0.1646 0.7497 0.6410
vn 0.1645 -0.7497 0.6410
vn 0.2485 -0.0314 0.9681
vn 0.1759 0.7066 0.6853
vn 0.0565 0.9407 0.3344
vn 0.0566 0.9407 0.3344
vn 0.1486 -0.4535 0.8788
vn 0.1569 0.3383 0.9279
vn 0.0364 -0.9759 0.2154
vn 0.0663 0.9176 0.3920
vn 0.1436 -0.5085 0.8490
vn 0.1601 0.2787 0.9469
vn 0.1601 0.2786 0.9469
vn 0.0196 -0.9877 0.1553
vn 0.0758 0.8908 0.4481
vn 0.1380 -0.5616 0.8158
vn 0.1627 0.2179 0.9623
vn 0.0157 -0.9956 0.0929
vn 0.0118 -0.9956 0.0934
vn 0.0850 0.8604 0.5024
vn 0.0850 0.8605 0.5024
vn 0.1318 -0.6124 0.7795
vn 0.1647 0.1562 0.9739
vn 0.0039 -0.9995 0.0312
vn 0.0938 0.8267 0.5547
vn 0.1251 -0.6608 0.7400
vn 0.1660 0.0940 0.9816
vn 0.1023 0.7898 0.6048
vn 0.1180 -0.7066 0.6977
vn 0.1667 0.0314 0.9855
vn 0.1103 0.7497 0.6525
vn 0.1103 -0.7497 0.6525
vn 0.1667 -0.0314 0.9855
vn 0.1666 -0.0314 0.9855
vn 0.1180 0.7066 0.6977
vn 0.1023 -0.7898 0.6048
vn 0.1660 -0.0940 0.9816
vn 0.1251 0.6608 0.7400
vn 0.0938 -0.8267 0.5547
vn 0.0039 0.9995 0.0312
vn 0.1647 -0.1562 0.9739
vn 0.1318 0.6124 0.7795
vn 0.0850 -0.8604 0.5024
vn 0.0850 -0.8605 0.5024
vn 0.0157 0.9955 0.0929
vn 0.0157 0.9955 0.0930
vn 0.1627 -0.2179 0.9623
vn 0.1380 0.5616 0.8158
vn 0.1379 0.5616 0.8158
vn 0.0758 -0.8908 0.4481
vn 0.0261 0.9876 0.1545
vn 0.0196 0.9877 0.1553
vn 0.1601 -0.2787 0.9469
vn 0.1436 0.5085 0.8490
vn 0.1436 0.5086 0.8490
vn 0.0663 -0.9176 0.3920
vn 0.0364 0.9759 0.2154
vn 0.1569 -0.3383 0.9279
vn 0.1486 0.4535 0.8788
vn 0.0565 -0.9407 0.3344
vn 0.0466 0.9602 0.2754
vn 0.1531 -0.3967 0.9051
vn 0.1531 0.3967 0.9051
vn 0.0466 -0.9602 0.2754
vn 0.0554 -0.7497 0.6595
vn 0.0836 -0.0314 0.9960
vn 0.0592 0.7066 0.7051
vn 0.0513 -0.7898 0.6113
vn 0.0833 -0.0940 0.9921
vn 0.0628 0.6608 0.7479
vn 0.0471 -0.8267 0.5606
vn 0.0026 0.9995 0.0313
vn 0.0826 -0.1562 0.9843
vn 0.0661 0.6124 0.7878
vn 0.0426 -0.8604 0.5078
vn 0.0079 0.9955 0.0940
vn 0.0816 -0.2179 0.9726
vn 0.0817 -0.2179 0.9726
vn 0.0692 0.5616 0.8245
vn 0.0380 -0.8908 0.4529
vn 0.0066 0.9877 0.1564
vn 0.0803 -0.2787 0.9570
vn 0.0720 0.5086 0.8580
vn 0.0333 -0.9176 0.3962
vn 0.0183 0.9759 0.2176
vn 0.0787 -0.3383 0.9377
vn 0.0746 0.4535 0.8881
vn 0.0284 -0.9407 0.3380
vn 0.0234 0.9602 0.2783
vn 0.0768 -0.3967 0.9147
vn 0.0768 0.3967 0.9147
vn 0.0234 -0.9602 0.2783
vn 0.0284 0.9407 0.3380
vn 0.0746 -0.4535 0.8881
vn 0.0787 0.3383 0.9377
vn 0.0183 -0.9759 0.2176
vn 0.0183 -0.9759 0.2177
vn 0.0333 0.9176 0.3962
vn 0.0720 -0.5086 0.8580
vn 0.0803 0.2787 0.9570
vn 0.0066 -0.9877 0.1564
vn 0.0380 0.8908 0.4529
vn 0.0692 -0.5616 0.8245
vn 0.0816 0.2179 0.9726
vn 0.0817 0.2179 0.9726
vn 0.0039 -0.9956 0.0941
vn 0.0426 0.8604 0.5078
vn 0.0661 -0.6124 0.7878
vn 0.0826 0.1562 0.9843
vn 0.0013 -0.9995 0.0314
vn 0.0471 0.8267 0.5606
vn 0.0628 -0.6608 0.7479
vn 0.0833 0.0940 0.9921
vn 0.0513 0.7898 0.6113
vn 0.0592 -0.7066 0.7051
vn 0.0836 0.0314 0.9960
vn 0.0554 0.7497 0.6595
vn -0.0000 0.9602 0.2793
vn -0.0000 -0.3967 0.9179
vn -0.0000 0.3967 0.9179
vn -0.0000 -0.9602 0.2793
vn -0.0000 0.9407 0.3391
vn -0.0000 -0.4535 0.8912
vn -0.0000 0.3383 0.9410
vn -0.0000 -0.9759 0.2184
vn -0.0000 0.9176 0.3976
vn -0.0000 -0.5085 0.8610
vn -0.0000 0.2787 0.9604
vn -0.0000 -0.9877 0.1567
vn -0.0131 -0.9877 0.1560
vn -0.0000 0.8908 0.4545
vn -0.0000 -0.5616 0.8274
vn -0.0000 0.2179 0.9760
vn -0.0000 -0.9955 0.0943
vn -0.0000 0.8604 0.5095
vn -0.0000 -0.6124 0.7905
vn -0.0000 0.1562 0.9877
vn -0.0013 -0.9995 0.0314
vn -0.0000 0.8267 0.5626
vn -0.0000 -0.6608 0.7505
vn -0.0000 0.0940 0.9956
vn -0.0000 0.7898 0.6134
vn -0.0000 -0.7066 0.7076
vn -0.0000 0.0314 0.9995
vn -0.0000 0.7497 0.6618
vn -0.0000 -0.7497 0.6618
vn -0.0000 -0.0314 0.9995
vn -0.0000 0.7066 0.7076
vn -0.0000 -0.7898 0.6134
vn -0.0000 -0.0940 0.9956
vn -0.0000 0.6608 0.7505
vn -0.0000 -0.8267 0.5626
vn -0.0000 0.9995 0.0314
vn -0.0065 0.9995 0.0304
vn -0.0013 0.9995 0.0314
vn -0.0000 -0.1562 0.9877
vn -0.0000 0.6124 0.7905
vn -0.0000 -0.8604 0.5095
vn -0.0000 0.9955 0.0943
vn -0.0039 0.9956 0.0941
vn -0.0000 -0.2179 0.9760
vn -0.0000 0.5616 0.8274
vn -0.0000 -0.8908 0.4545
vn -0.0066 0.9877 0.1564
vn -0.0000 -0.2787 0.9604
vn -0.0000 0.5085 0.8610
vn -0.0000 -0.9176 0.3976
vn -0.0000 0.9759 0.2184
vn -0.0000 -0.3383 0.9410
vn -0.0000 0.4535 0.8912
vn -0.0000 -0.9407 0.3391
vn -0.0592 -0.7066 0.7051
vn -0.0836 0.0314 0.9960
vn -0.0554 0.7497 0.6595
vn -0.0554 -0.7497 0.6595
vn -0.0836 -0.0314 0.9960
vn -0.0592 0.7066 0.7051
vn -0.0513 -0.7898 0.6113
vn -0.0833 -0.0940 0.9921
vn -0.0628 0.6608 0.7479
vn -0.0471 -0.8267 0.5606
vn -0.0039 0.9995 0.0312
vn -0.0826 -0.1562 0.9843
vn -0.0661 0.6124 0.7878
vn -0.0426 -0.8604 0.5078
vn -0.0118 0.9956 0.0934
vn -0.0816 -0.2179 0.9726
vn -0.0692 0.5616 0.8245
vn -0.0380 -0.8908 0.4529
vn -0.0196 0.9877 0.1553
vn -0.0803 -0.2787 0.9570
vn -0.0720 0.5086 0.8580
vn -0.0333 -0.9176 0.3962
vn -0.0183 0.9759 0.2176
vn -0.0787 -0.3383 0.9377
vn -0.0746 0.4535 0.8881
vn -0.0284 -0.9407 0.3380
vn -0.0234 0.9602 0.2783
vn -0.0768 -0.3967 0.9147
vn -0.0768 0.3967 0.9147
vn -0.0234 -0.9602 0.2783
vn -0.0284 0.9407 0.3380
vn -0.0746 -0.4535 0.8881
vn -0.0787 0.3383 0.9377
vn -0.0183 -0.9759 0.2176
vn -0.0333 0.9176 0.3962
vn -0.0720 -0.5086 0.8580
vn -0.0720 -0.5085 0.8580
vn -0.0803 0.2787 0.9570
vn -0.0196 -0.9877 0.1553
vn -0.0380 0.8908 0.4529
vn -0.0692 -0.5616 0.8245
vn -0.0816 0.2179 0.9726
vn -0.0817 0.2179 0.9726
vn -0.0079 -0.9955 0.0940
vn -0.0426 0.8604 0.5078
vn -0.0661 -0.6124 0.7878
vn -0.0826 0.1562 0.9843
vn -0.0026 -0.9995 0.0313
vn -0.0471 0.8267 0.5606
vn -0.0628 -0.6608 0.7479
vn -0.0833 0.0940 0.9921
vn -0.0513 0.7898 0.6113
vn -0.0364 0.9759 0.2154
vn -0.1569 -0.3383 0.9279
vn -0.1486 0.4535 0.8788
vn -0.0565 -0.9407 0.3344
vn -0.0466 0.9602 0.2754
vn -0.1531 -0.3967 0.9051
vn -0.1531 0.3967 0.9051
vn -0.1530 0.3967 0.9051
vn -0.0466 -0.9602 0.2754
vn -0.0565 0.9407 0.3344
vn -0.1486 -0.4535 0.8788
vn -0.1569 0.3383 0.9279
vn -0.0364 -0.9759 0.2154
vn -0.0663 0.9176 0.3920
vn -0.1436 -0.5085 0.8490
vn -0.1436 -0.5086 0.8490
vn -0.1601 0.2787 0.9469
vn -0.0325 -0.9877 0.1531
vn -0.0758 0.8908 0.4481
vn -0.1380 -0.5616 0.8158
vn -0.1627 0.2179 0.9623
vn -0.0157 -0.9955 0.0930
vn -0.0157 -0.9955 0.0929
vn -0.0850 0.8604 0.5024
vn -0.0850 0.8605 0.5024
vn -0.1318 -0.6124 0.7795
vn -0.1647 0.1562 0.9739
vn -0.0115 -0.9995 0.0289
vn -0.0052 -0.9995 0.0310
vn -0.0065 -0.9995 0.0307
vn -0.0938 0.8267 0.5547
vn -0.1251 -0.6608 0.7400
vn -0.1660 0.0940 0.9816
vn -0.1023 0.7898 0.6048
vn -0.1180 -0.7066 0.6977
vn -0.1667 0.0314 0.9855
vn -0.1103 0.7497 0.6525
vn -0.1103 -0.7497 0.6525
vn -0.1667 -0.0314 0.9855
vn -0.1666 -0.0314 0.9855
vn -0.1180 0.7066 0.6977
vn -0.1023 -0.7898 0.6048
vn -0.1660 -0.0940 0.9816
vn -0.1251 0.6608 0.7400
vn -0.0938 -0.8267 0.5547
vn -0.0065 0.9995 0.0307
vn -0.1647 -0.1562 0.9739
vn -0.1318 0.6124 0.7795
vn -0.0850 -0.8605 0.5024
vn -0.0850 -0.8604 0.5024
vn -0.0157 0.9955 0.0929
vn -0.1627 -0.2179 0.9623
vn -0.1380 0.5616 0.8158
vn -0.0758 -0.8908 0.4481
vn -0.0262 0.9876 0.1545
vn -0.1601 -0.2787 0.9469
vn -0.1436 0.5086 0.8490
vn -0.1436 0.5085 0.8490
vn -0.0663 -0.9176 0.3920
vn -0.1866 -0.6608 0.7270
vn -0.2475 0.0940 0.9643
vn -0.1525 0.7898 0.5941
vn -0.1759 -0.7066 0.6853
vn -0.2485 0.0314 0.9681
vn -0.1645 0.7497 0.6410
vn -0.1645 -0.7497 0.6410
vn -0.2485 -0.0314 0.9681
vn -0.1759 0.7066 0.6853
vn -0.1525 -0.7898 0.5941
vn -0.2475 -0.0940 0.9643
vn -0.1866 0.6608 0.7270
vn -0.1399 -0.8267 0.5449
vn -0.0091 0.9995 0.0301
vn -0.2456 -0.1562 0.9567
vn -0.1966 0.6124 0.7657
vn -0.1267 -0.8605 0.4935
vn -0.0234 0.9956 0.0912
vn -0.2427 -0.2179 0.9453
vn -0.2057 0.5616 0.8014
vn -0.1130 -0.8908 0.4402
vn -0.0389 0.9876 0.1518
vn -0.2388 -0.2787 0.9302
vn -0.2141 0.5086 0.8340
vn -0.0988 -0.9176 0.3851
vn -0.0543 0.9759 0.2116
vn -0.2340 -0.3383 0.9115
vn -0.2216 0.4535 0.8633
vn -0.0843 -0.9407 0.3285
vn -0.0694 0.9602 0.2705
vn -0.2282 -0.3967 0.8891
vn -0.2282 0.3967 0.8891
vn -0.0694 -0.9602 0.2705
vn -0.0843 0.9407 0.3285
vn -0.2216 -0.4535 0.8633
vn -0.2340 0.3383 0.9115
vn -0.0543 -0.9759 0.2116
vn -0.0988 0.9176 0.3851
vn -0.0989 0.9176 0.3851
vn -0.2141 -0.5085 0.8340
vn -0.2141 -0.5086 0.8340
vn -0.2388 0.2787 0.9302
vn -0.0389 -0.9876 0.1518
vn -0.0515 -0.9876 0.1480
vn -0.1130 0.8908 0.4402
vn -0.2057 -0.5616 0.8014
vn -0.2427 0.2179 0.9453
vn -0.0234 -0.9956 0.0912
vn -0.1267 0.8605 0.4935
vn -0.1966 -0.6124 0.7657
vn -0.2456 0.1562 0.9567
vn -0.0091 -0.9995 0.0301
vn -0.1399 0.8267 0.5449
vn -0.0515 0.9876 0.1480
vn -0.0515 0.9877 0.1480
vn -0.3158 -0.2787 0.9070
vn -0.2831 0.5086 0.8132
vn -0.1307 -0.9176 0.3755
vn -0.0718 0.9759 0.2063
vn -0.3094 -0.3383 0.8887
vn -0.2930 0.4535 0.8417
vn -0.1115 -0.9407 0.3203
vn -0.0918 0.9602 0.2638
vn -0.3018 -0.3967 0.8669
vn -0.3018 0.3967 0.8669
vn -0.0918 -0.9602 0.2638
vn -0.1115 0.9407 0.3203
vn -0.2930 -0.4535 0.8417
vn -0.2931 -0.4535 0.8417
vn -0.3094 0.3383 0.8887
vn -0.0718 -0.9759 0.2063
vn -0.1307 0.9176 0.3755
vn -0.2831 -0.5086 0.8132
vn -0.3158 0.2787 0.9070
vn -0.0515 -0.9877 0.1480
vn -0.0637 -0.9877 0.1430
vn -0.1494 0.8908 0.4292
vn -0.2721 -0.5616 0.7814
vn -0.3209 0.2179 0.9217
vn -0.0310 -0.9955 0.0890
vn -0.1675 0.8605 0.4812
vn -0.2599 -0.6124 0.7466
vn -0.3248 0.1562 0.9328
vn -0.0116 -0.9995 0.0292
vn -0.1850 0.8267 0.5313
vn -0.2468 -0.6608 0.7088
vn -0.3274 0.0940 0.9402
vn -0.2017 0.7898 0.5793
vn -0.2326 -0.7066 0.6682
vn -0.3286 0.0314 0.9439
vn -0.2176 0.7497 0.6250
vn -0.2176 -0.7497 0.6250
vn -0.3286 -0.0314 0.9439
vn -0.2326 0.7066 0.6682
vn -0.2327 0.7066 0.6682
vn -0.2017 -0.7898 0.5793
vn -0.3274 -0.0940 0.9402
vn -0.3273 -0.0940 0.9402
vn -0.2468 0.6608 0.7088
vn -0.1850 -0.8267 0.5313
vn -0.0116 0.9995 0.0292
vn -0.3248 -0.1562 0.9328
vn -0.2599 0.6124 0.7466
vn -0.1675 -0.8605 0.4812
vn -0.0310 0.9955 0.0890
vn -0.3209 -0.2179 0.9217
vn -0.2721 0.5616 0.7814
vn -0.1494 -0.8908 0.4292
vn -0.3215 -0.6124 0.7222
vn -0.4017 0.1562 0.9024
vn -0.0140 -0.9995 0.0281
vn -0.2288 0.8267 0.5140
vn -0.3052 -0.6608 0.6857
vn -0.4049 0.0940 0.9095
vn -0.2494 0.7898 0.5604
vn -0.2495 0.7898 0.5604
vn -0.2877 -0.7066 0.6464
vn -0.4065 0.0314 0.9131
vn -0.2691 0.7497 0.6046
vn -0.2691 -0.7497 0.6046
vn -0.4065 -0.0314 0.9131
vn -0.2877 0.7066 0.6464
vn -0.2494 -0.7898 0.5604
vn -0.4049 -0.0940 0.9095
vn -0.3052 0.6608 0.6857
vn -0.2288 -0.8267 0.5140
vn -0.0128 0.9995 0.0287
vn -0.4017 -0.1562 0.9024
vn -0.3215 0.6124 0.7222
vn -0.2072 -0.8605 0.4655
vn -0.0383 0.9956 0.0860
vn -0.0383 0.9956 0.0859
vn -0.3969 -0.2179 0.8916
vn -0.3365 0.5616 0.7559
vn -0.1848 -0.8908 0.4152
vn -0.0637 0.9877 0.1430
vn -0.3905 -0.2787 0.8774
vn -0.3501 0.5086 0.7866
vn -0.1617 -0.9176 0.3632
vn -0.0888 0.9759 0.1995
vn -0.3827 -0.3383 0.8597
vn -0.3624 0.4535 0.8142
vn -0.1379 -0.9407 0.3098
vn -0.1136 0.9602 0.2552
vn -0.3733 -0.3967 0.8386
vn -0.3733 0.3967 0.8386
vn -0.1136 -0.9602 0.2552
vn -0.1379 0.9407 0.3098
vn -0.3624 -0.4535 0.8142
vn -0.3827 0.3383 0.8597
vn -0.0888 -0.9759 0.1995
vn -0.1617 0.9176 0.3632
vn -0.3501 -0.5086 0.7866
vn -0.3905 0.2787 0.8774
vn -0.0696 -0.9877 0.1402
vn -0.1848 0.8908 0.4152
vn -0.3365 -0.5616 0.7559
vn -0.3969 0.2179 0.8916
vn -0.0383 -0.9956 0.0860
vn -0.0383 -0.9956 0.0859
vn -0.2072 0.8605 0.4655
vn -0.0453 0.9956 0.0825
vn -0.0454 0.9956 0.0825
vn -0.4701 -0.2179 0.8553
vn -0.3985 0.5616 0.7251
vn -0.2189 -0.8908 0.3982
vn -0.0754 0.9877 0.1372
vn -0.4626 -0.2787 0.8416
vn -0.4147 0.5086 0.7546
vn -0.1915 -0.9176 0.3484
vn -0.1052 0.9759 0.1914
vn -0.4533 -0.3384 0.8247
vn -0.4293 0.4535 0.7810
vn -0.1633 -0.9407 0.2972
vn -0.1634 -0.9407 0.2972
vn -0.1345 0.9602 0.2448
vn -0.4421 -0.3967 0.8044
vn -0.4421 0.3967 0.8044
vn -0.1345 -0.9602 0.2448
vn -0.1633 0.9407 0.2972
vn -0.4293 -0.4535 0.7810
vn -0.4533 0.3384 0.8247
vn -0.4533 0.3383 0.8247
vn -0.1052 -0.9759 0.1914
vn -0.1915 0.9176 0.3484
vn -0.4147 -0.5086 0.7546
vn -0.4626 0.2787 0.8416
vn -0.0811 -0.9877 0.1339
vn -0.2189 0.8908 0.3982
vn -0.3985 -0.5616 0.7251
vn -0.4701 0.2179 0.8553
vn -0.0453 -0.9956 0.0824
vn -0.0488 -0.9956 0.0805
vn -0.2454 0.8605 0.4465
vn -0.3808 -0.6124 0.6928
vn -0.4758 0.1563 0.8656
vn -0.0163 -0.9995 0.0269
vn -0.2710 0.8268 0.4930
vn -0.2710 0.8267 0.4930
vn -0.3615 -0.6608 0.6577
vn -0.4795 0.0940 0.8725
vn -0.2954 0.7898 0.5376
vn -0.2955 0.7898 0.5376
vn -0.3408 -0.7067 0.6201
vn -0.4814 0.0314 0.8759
vn -0.3188 0.7497 0.5800
vn -0.3188 0.7497 0.5799
vn -0.3188 -0.7497 0.5800
vn -0.3188 -0.7497 0.5799
vn -0.4814 -0.0314 0.8759
vn -0.3408 0.7067 0.6201
vn -0.2954 -0.7898 0.5376
vn -0.4795 -0.0940 0.8725
vn -0.3615 0.6608 0.6577
vn -0.2710 -0.8268 0.4930
vn -0.0151 0.9995 0.0276
vn -0.0203 0.9995 0.0236
vn -0.0163 0.9995 0.0269
vn -0.4758 -0.1563 0.8656
vn -0.3808 0.6124 0.6928
vn -0.2454 -0.8605 0.4465
vn -0.4578 -0.5616 0.6892
vn -0.5400 0.2179 0.8130
vn -0.0553 -0.9956 0.0762
vn -0.2819 0.8605 0.4244
vn -0.4374 -0.6124 0.6585
vn -0.5465 0.1563 0.8227
vn -0.0174 -0.9995 0.0262
vn -0.3113 0.8268 0.4686
vn -0.4153 -0.6608 0.6252
vn -0.5509 0.0940 0.8293
vn -0.3394 0.7898 0.5109
vn -0.3915 -0.7067 0.5894
vn -0.5530 0.0314 0.8326
vn -0.3662 0.7497 0.5512
vn -0.3662 -0.7497 0.5512
vn -0.5530 -0.0314 0.8326
vn -0.3915 0.7067 0.5894
vn -0.3394 -0.7898 0.5109
vn -0.5509 -0.0940 0.8293
vn -0.4153 0.6608 0.6252
vn -0.3113 -0.8268 0.4686
vn -0.0185 0.9995 0.0254
vn -0.5465 -0.1563 0.8227
vn -0.5465 -0.1562 0.8227
vn -0.4374 0.6124 0.6585
vn -0.2819 -0.8605 0.4244
vn -0.0521 0.9955 0.0785
vn -0.5400 -0.2179 0.8130
vn -0.4578 0.5616 0.6892
vn -0.2514 -0.8908 0.3785
vn -0.0866 0.9877 0.1304
vn -0.5314 -0.2787 0.8000
vn -0.4764 0.5086 0.7172
vn -0.2200 -0.9176 0.3312
vn -0.2200 -0.9176 0.3311
vn -0.1208 0.9759 0.1819
vn -0.5207 -0.3384 0.7838
vn -0.4931 0.4535 0.7424
vn -0.1876 -0.9407 0.2825
vn -0.1545 0.9602 0.2327
vn -0.5079 -0.3967 0.7646
vn -0.5079 0.3967 0.7646
vn -0.1545 -0.9602 0.2327
vn -0.1876 0.9407 0.2825
vn -0.4931 -0.4535 0.7424
vn -0.5207 0.3384 0.7838
vn -0.1208 -0.9759 0.1819
vn -0.2200 0.9176 0.3312
vn -0.4764 -0.5086 0.7172
vn -0.5314 0.2787 0.8000
vn -0.0920 -0.9877 0.1266
vn -0.2514 0.8908 0.3785
vn -0.0205 0.9995 0.0238
vn -0.6134 -0.1562 0.7741
vn -0.4910 0.6124 0.6196
vn -0.3164 -0.8605 0.3993
vn -0.0585 0.9956 0.0738
vn -0.6061 -0.2179 0.7649
vn -0.5139 0.5616 0.6485
vn -0.2822 -0.8908 0.3562
vn -0.0973 0.9877 0.1227
vn -0.1022 0.9877 0.1185
vn -0.5965 -0.2787 0.7527
vn -0.5348 0.5086 0.6748
vn -0.5347 0.5086 0.6748
vn -0.2469 -0.9176 0.3116
vn -0.1356 0.9759 0.1712
vn -0.5844 -0.3384 0.7375
vn -0.5535 0.4535 0.6985
vn -0.2106 -0.9407 0.2658
vn -0.1735 0.9602 0.2189
vn -0.5701 -0.3967 0.7194
vn -0.5701 0.3967 0.7194
vn -0.1735 -0.9602 0.2189
vn -0.2106 0.9407 0.2658
vn -0.5535 -0.4535 0.6985
vn -0.5844 0.3384 0.7375
vn -0.1356 -0.9759 0.1712
vn -0.2469 0.9176 0.3116
vn -0.5348 -0.5086 0.6748
vn -0.5347 -0.5086 0.6748
vn -0.5965 0.2787 0.7527
vn -0.1022 -0.9877 0.1185
vn -0.2822 0.8908 0.3562
vn -0.5139 -0.5616 0.6485
vn -0.6061 0.2179 0.7649
vn -0.0585 -0.9956 0.0738
vn -0.3164 0.8605 0.3993
vn -0.4910 -0.6124 0.6196
vn -0.6134 0.1562 0.7741
vn -0.0240 -0.9995 0.0198
vn -0.0195 -0.9995 0.0247
vn -0.0205 -0.9995 0.0238
vn -0.3494 0.8268 0.4409
vn -0.4661 -0.6609 0.5882
vn -0.6183 0.0940 0.7803
vn -0.3809 0.7898 0.4807
vn -0.3810 0.7898 0.4807
vn -0.4394 -0.7067 0.5545
vn -0.6208 0.0314 0.7834
vn -0.4110 0.7497 0.5187
vn -0.4110 -0.7497 0.5187
vn -0.6208 -0.0314 0.7834
vn -0.4394 0.7067 0.5545
vn -0.3809 -0.7898 0.4807
vn -0.6183 -0.0940 0.7803
vn -0.4661 0.6609 0.5882
vn -0.3494 -0.8268 0.4409
vn -0.5893 -0.5086 0.6277
vn -0.6574 0.2787 0.7002
vn -0.1072 -0.9877 0.1142
vn -0.1164 -0.9876 0.1049
vn -0.3110 0.8908 0.3313
vn -0.5663 -0.5616 0.6032
vn -0.6680 0.2179 0.7115
vn -0.0645 -0.9955 0.0687
vn -0.0673 -0.9956 0.0659
vn -0.3487 0.8605 0.3715
vn -0.5411 -0.6124 0.5763
vn -0.6761 0.1563 0.7201
vn -0.6761 0.1562 0.7201
vn -0.0224 -0.9995 0.0220
vn -0.3850 0.8268 0.4101
vn -0.5137 -0.6609 0.5472
vn -0.6814 0.0940 0.7258
vn -0.4198 0.7898 0.4472
vn -0.4843 -0.7067 0.5158
vn -0.6841 0.0314 0.7287
vn -0.4530 0.7497 0.4824
vn -0.4529 0.7497 0.4825
vn -0.4530 -0.7497 0.4824
vn -0.6841 -0.0314 0.7287
vn -0.4843 0.7067 0.5158
vn -0.4198 -0.7898 0.4472
vn -0.6814 -0.0940 0.7258
vn -0.5137 0.6609 0.5472
vn -0.3850 -0.8268 0.4101
vn -0.0224 0.9995 0.0220
vn -0.6761 -0.1563 0.7201
vn -0.5411 0.6124 0.5763
vn -0.3487 -0.8605 0.3715
vn -0.0645 0.9955 0.0688
vn -0.0645 0.9955 0.0687
vn -0.6680 -0.2179 0.7115
vn -0.5663 0.5616 0.6032
vn -0.3110 -0.8908 0.3313
vn -0.1118 0.9877 0.1095
vn -0.6574 -0.2787 0.7002
vn -0.6573 -0.2787 0.7002
vn -0.5893 0.5086 0.6277
vn -0.2721 -0.9176 0.2898
vn -0.1495 0.9759 0.1592
vn -0.6441 -0.3384 0.6860
vn -0.6100 0.4535 0.6497
vn -0.2321 -0.9407 0.2472
vn -0.1912 0.9602 0.2036
vn -0.6283 -0.3968 0.6692
vn -0.6283 0.3968 0.6692
vn -0.6283 0.3967 0.6692
vn -0.1912 -0.9602 0.2036
vn -0.2321 0.9407 0.2472
vn -0.6100 -0.4535 0.6497
vn -0.6100 -0.4536 0.6497
vn -0.6441 0.3384 0.6860
vn -0.1495 -0.9759 0.1592
vn -0.2721 0.9176 0.2898
vn -0.7398 -0.0940 0.6662
vn -0.5577 0.6609 0.5022
vn -0.4180 -0.8268 0.3765
vn -0.0242 0.9995 0.0200
vn -0.7339 -0.1563 0.6610
vn -0.7339 -0.1562 0.6610
vn -0.5874 0.6124 0.5290
vn -0.5874 0.6125 0.5290
vn -0.3786 -0.8605 0.3410
vn -0.0700 0.9956 0.0631
vn -0.0725 0.9956 0.0600
vn -0.7252 -0.2179 0.6531
vn -0.6148 0.5616 0.5537
vn -0.3377 -0.8908 0.3041
vn -0.1165 0.9876 0.1049
vn -0.7136 -0.2787 0.6427
vn -0.6398 0.5086 0.5762
vn -0.2954 -0.9176 0.2660
vn -0.1623 0.9759 0.1461
vn -0.1623 0.9759 0.1462
vn -0.6992 -0.3384 0.6297
vn -0.6622 0.4536 0.5964
vn -0.2520 -0.9407 0.2269
vn -0.2075 0.9602 0.1869
vn -0.6821 -0.3968 0.6143
vn -0.6821 0.3968 0.6143
vn -0.2075 -0.9602 0.1869
vn -0.2520 0.9407 0.2269
vn -0.6622 -0.4536 0.5964
vn -0.6992 0.3384 0.6297
vn -0.1623 -0.9759 0.1462
vn -0.1623 -0.9759 0.1461
vn -0.2954 0.9176 0.2660
vn -0.6398 -0.5086 0.5762
vn -0.7136 0.2787 0.6427
vn -0.1206 -0.9877 0.0998
vn -0.3377 0.8908 0.3041
vn -0.6148 -0.5616 0.5537
vn -0.7252 0.2179 0.6531
vn -0.0700 -0.9956 0.0630
vn -0.0750 -0.9956 0.0569
vn -0.3786 0.8605 0.3410
vn -0.5874 -0.6124 0.5290
vn -0.7339 0.1563 0.6610
vn -0.0242 -0.9995 0.0200
vn -0.4180 0.8268 0.3765
vn -0.5577 -0.6609 0.5022
vn -0.7398 0.0940 0.6662
vn -0.4558 0.7898 0.4105
vn -0.5257 -0.7067 0.4735
vn -0.7427 0.0314 0.6689
vn -0.4917 0.7497 0.4429
vn -0.4917 -0.7497 0.4429
vn -0.7427 -0.0314 0.6689
vn -0.5257 0.7067 0.4735
vn -0.5258 0.7067 0.4735
vn -0.4558 -0.7898 0.4105
vn -0.7098 -0.4536 0.5389
vn -0.7495 0.3384 0.5690
vn -0.1739 -0.9759 0.1321
vn -0.3166 0.9176 0.2404
vn -0.6858 -0.5086 0.5206
vn -0.7649 0.2787 0.5807
vn -0.1247 -0.9877 0.0947
vn -0.3619 0.8908 0.2748
vn -0.6590 -0.5616 0.5003
vn -0.7773 0.2179 0.5902
vn -0.0773 -0.9956 0.0537
vn -0.4058 0.8605 0.3081
vn -0.6296 -0.6125 0.4780
vn -0.7867 0.1563 0.5973
vn -0.0258 -0.9995 0.0179
vn -0.4480 0.8268 0.3402
vn -0.5977 -0.6609 0.4538
vn -0.7929 0.0940 0.6020
vn -0.4885 0.7898 0.3709
vn -0.5635 -0.7067 0.4278
vn -0.7961 0.0314 0.6044
vn -0.5271 0.7497 0.4001
vn -0.5271 -0.7497 0.4001
vn -0.5271 -0.7497 0.4002
vn -0.7961 -0.0314 0.6044
vn -0.5635 0.7067 0.4278
vn -0.4885 -0.7898 0.3709
vn -0.7929 -0.0940 0.6020
vn -0.5977 0.6609 0.4538
vn -0.4480 -0.8268 0.3402
vn -0.0250 0.9995 0.0190
vn -0.7867 -0.1563 0.5973
vn -0.6296 0.6125 0.4780
vn -0.6296 0.6124 0.4780
vn -0.4058 -0.8605 0.3081
vn -0.0773 0.9956 0.0537
vn -0.7773 -0.2179 0.5902
vn -0.6590 0.5616 0.5003
vn -0.3619 -0.8908 0.2748
vn -0.1248 0.9877 0.0948
vn -0.1285 0.9877 0.0893
vn -0.7649 -0.2787 0.5807
vn -0.6858 0.5086 0.5206
vn -0.3166 -0.9176 0.2404
vn -0.1739 0.9759 0.1321
vn -0.7495 -0.3384 0.5690
vn -0.7098 0.4536 0.5389
vn -0.2701 -0.9407 0.2050
vn -0.2224 0.9602 0.1689
vn -0.7311 -0.3968 0.5551
vn -0.7311 0.3968 0.5551
vn -0.2224 -0.9602 0.1689
vn -0.2701 0.9407 0.2050
vn -0.7750 0.3968 0.4919
vn -0.2358 -0.9602 0.1497
vn -0.5973 0.7067 0.3792
vn -0.7524 -0.4536 0.4776
vn -0.7945 0.3384 0.5043
vn -0.1844 -0.9759 0.1170
vn -0.6336 0.6609 0.4022
vn -0.7269 -0.5086 0.4614
vn -0.0265 0.9995 0.0168
vn -0.0292 0.9995 0.0109
vn -0.0272 0.9995 0.0157
vn -0.8108 0.2787 0.5147
vn -0.1322 -0.9877 0.0839
vn -0.1322 -0.9877 0.0840
vn -0.6674 0.6125 0.4236
vn -0.6985 -0.5616 0.4434
vn -0.0795 0.9956 0.0505
vn -0.8240 0.2179 0.5230
vn -0.0795 -0.9956 0.0505
vn -0.6985 0.5616 0.4434
vn -0.6674 -0.6125 0.4236
vn -0.1355 0.9877 0.0783
vn -0.8339 0.1563 0.5293
vn -0.0272 -0.9995 0.0157
vn -0.6336 -0.6609 0.4022
vn -0.1844 0.9759 0.1170
vn -0.8405 0.0940 0.5335
vn -0.5973 -0.7067 0.3792
vn -0.2358 0.9602 0.1497
vn -0.8439 0.0314 0.5356
vn -0.5587 -0.7497 0.3546
vn -0.2863 0.9407 0.1817
vn -0.2863 0.9408 0.1817
vn -0.8439 -0.0314 0.5356
vn -0.5178 -0.7898 0.3287
vn -0.3356 0.9176 0.2130
vn -0.8405 -0.0940 0.5335
vn -0.4749 -0.8268 0.3015
vn -0.3836 0.8908 0.2435
vn -0.8339 -0.1563 0.5293
vn -0.4301 -0.8605 0.2730
vn -0.4301 0.8605 0.2730
vn -0.8240 -0.2179 0.5230
vn -0.3836 -0.8908 0.2435
vn -0.4749 0.8268 0.3015
vn -0.8108 -0.2787 0.5147
vn -0.7269 0.5086 0.4614
vn -0.3356 -0.9176 0.2130
vn -0.5178 0.7898 0.3287
vn -0.7945 -0.3384 0.5043
vn -0.7524 0.4536 0.4776
vn -0.2863 -0.9407 0.1817
vn -0.2863 -0.9408 0.1817
vn -0.5587 0.7497 0.3546
vn -0.7750 -0.3968 0.4919
vn -0.8857 0.0314 0.4631
vn -0.5864 0.7497 0.3066
vn -0.5864 -0.7497 0.3066
vn -0.8857 -0.0314 0.4631
vn -0.6270 0.7067 0.3278
vn -0.5435 -0.7898 0.2842
vn -0.8822 -0.0940 0.4613
vn -0.6651 0.6609 0.3478
vn -0.4985 -0.8268 0.2607
vn -0.0284 0.9995 0.0134
vn -0.8753 -0.1563 0.4577
vn -0.7005 0.6125 0.3663
vn -0.4515 -0.8605 0.2361
vn -0.0835 0.9956 0.0436
vn -0.8649 -0.2179 0.4522
vn -0.7332 0.5616 0.3834
vn -0.4027 -0.8908 0.2106
vn -0.1388 0.9877 0.0725
vn -0.8510 -0.2787 0.4450
vn -0.7630 0.5086 0.3990
vn -0.3523 -0.9176 0.1842
vn -0.1935 0.9759 0.1012
vn -0.8339 -0.3384 0.4360
vn -0.7898 0.4536 0.4130
vn -0.3005 -0.9408 0.1571
vn -0.2475 0.9602 0.1294
vn -0.8134 -0.3968 0.4253
vn -0.8134 0.3968 0.4253
vn -0.2475 -0.9602 0.1294
vn -0.3005 0.9408 0.1571
vn -0.7898 -0.4536 0.4130
vn -0.8339 0.3384 0.4360
vn -0.1935 -0.9759 0.1012
vn -0.3523 0.9176 0.1842
vn -0.7630 -0.5086 0.3990
vn -0.8510 0.2787 0.4450
vn -0.1388 -0.9877 0.0726
vn -0.1416 -0.9877 0.0666
vn -0.4027 0.8908 0.2106
vn -0.7332 -0.5616 0.3834
vn -0.7332 -0.5617 0.3834
vn -0.8649 0.2179 0.4522
vn -0.0835 -0.9956 0.0436
vn -0.4515 0.8605 0.2361
vn -0.7005 -0.6125 0.3663
vn -0.8753 0.1563 0.4577
vn -0.0279 -0.9995 0.0146
vn -0.4985 0.8268 0.2607
vn -0.6651 -0.6609 0.3478
vn -0.8822 0.0940 0.4613
vn -0.5435 0.7898 0.2842
vn -0.6270 -0.7067 0.3278
vn -0.8216 0.4536 0.3454
vn -0.3126 -0.9408 0.1314
vn -0.2574 0.9602 0.1082
vn -0.8462 -0.3968 0.3558
vn -0.8462 0.3968 0.3558
vn -0.2574 -0.9602 0.1082
vn -0.2574 -0.9602 0.1083
vn -0.3126 0.9408 0.1314
vn -0.8216 -0.4536 0.3454
vn -0.8674 0.3384 0.3647
vn -0.2013 -0.9759 0.0846
vn -0.3664 0.9176 0.1541
vn -0.7937 -0.5086 0.3337
vn -0.8853 0.2787 0.3722
vn -0.1467 -0.9877 0.0546
vn -0.4189 0.8908 0.1761
vn -0.7627 -0.5617 0.3207
vn -0.7627 -0.5616 0.3207
vn -0.8997 0.2179 0.3783
vn -0.0868 -0.9956 0.0365
vn -0.0882 -0.9956 0.0328
vn -0.4696 0.8605 0.1975
vn -0.7287 -0.6125 0.3064
vn -0.9105 0.1563 0.3828
vn -0.0306 -0.9995 0.0058
vn -0.0290 -0.9995 0.0122
vn -0.0294 -0.9995 0.0110
vn -0.5185 0.8268 0.2180
vn -0.6918 -0.6609 0.2909
vn -0.9177 0.0940 0.3859
vn -0.9178 0.0940 0.3859
vn -0.5654 0.7898 0.2377
vn -0.6522 -0.7067 0.2742
vn -0.9214 0.0314 0.3874
vn -0.6100 0.7497 0.2565
vn -0.6100 -0.7497 0.2565
vn -0.9214 -0.0314 0.3874
vn -0.6522 0.7067 0.2742
vn -0.5654 -0.7898 0.2377
vn -0.9177 -0.0940 0.3859
vn -0.6918 0.6609 0.2909
vn -0.5185 -0.8268 0.2180
vn -0.0294 0.9995 0.0110
vn -0.9105 -0.1563 0.3828
vn -0.7287 0.6125 0.3064
vn -0.4696 -0.8605 0.1975
vn -0.0868 0.9956 0.0365
vn -0.8997 -0.2179 0.3783
vn -0.7627 0.5617 0.3207
vn -0.4189 -0.8908 0.1761
vn -0.1443 0.9877 0.0607
vn -0.8853 -0.2787 0.3722
vn -0.7937 0.5086 0.3337
vn -0.3664 -0.9176 0.1541
vn -0.2013 0.9759 0.0846
vn -0.8674 -0.3384 0.3647
vn -0.9468 0.0940 0.3077
vn -0.5833 0.7898 0.1896
vn -0.6729 -0.7067 0.2187
vn -0.9506 0.0314 0.3089
vn -0.6293 0.7497 0.2045
vn -0.6293 0.7498 0.2045
vn -0.6293 -0.7497 0.2045
vn -0.9506 -0.0314 0.3089
vn -0.6729 0.7067 0.2187
vn -0.5833 -0.7898 0.1896
vn -0.9468 -0.0940 0.3077
vn -0.7137 0.6609 0.2320
vn -0.5350 -0.8268 0.1739
vn -0.0303 0.9995 0.0085
vn -0.9394 -0.1563 0.3053
vn -0.7518 0.6125 0.2443
vn -0.4845 -0.8605 0.1575
vn -0.0896 0.9956 0.0291
vn -0.9282 -0.2179 0.3016
vn -0.7869 0.5617 0.2557
vn -0.4321 -0.8908 0.1404
vn -0.4321 -0.8908 0.1405
vn -0.1489 0.9877 0.0484
vn -0.9134 -0.2787 0.2968
vn -0.8188 0.5086 0.2661
vn -0.3781 -0.9176 0.1229
vn -0.2077 0.9759 0.0675
vn -0.8949 -0.3384 0.2908
vn -0.8476 0.4536 0.2755
vn -0.3225 -0.9408 0.1048
vn -0.2656 0.9602 0.0863
vn -0.8730 -0.3968 0.2837
vn -0.8730 0.3968 0.2837
vn -0.2656 -0.9602 0.0863
vn -0.3225 0.9408 0.1048
vn -0.8476 -0.4536 0.2755
vn -0.8949 0.3384 0.2908
vn -0.2077 -0.9759 0.0675
vn -0.3781 0.9176 0.1229
vn -0.8188 -0.5086 0.2661
vn -0.9134 0.2787 0.2968
vn -0.1507 -0.9877 0.0421
vn -0.4321 0.8908 0.1404
vn -0.7869 -0.5617 0.2557
vn -0.9282 0.2179 0.3016
vn -0.9282 0.2179 0.3017
vn -0.0907 -0.9956 0.0253
vn -0.4845 0.8605 0.1575
vn -0.7518 -0.6125 0.2443
vn -0.9394 0.1563 0.3053
vn -0.0303 -0.9995 0.0085
vn -0.5350 0.8268 0.1739
vn -0.7137 -0.6609 0.2320
vn -0.8382 0.5086 0.1967
vn -0.8382 0.5086 0.1966
vn -0.3870 -0.9176 0.0908
vn -0.2126 0.9759 0.0499
vn -0.9161 -0.3384 0.2149
vn -0.8677 0.4536 0.2035
vn -0.3301 -0.9408 0.0774
vn -0.2719 0.9602 0.0638
vn -0.8937 -0.3968 0.2097
vn -0.8937 -0.3968 0.2096
vn -0.8936 -0.3968 0.2096
vn -0.8937 0.3968 0.2097
vn -0.8937 0.3968 0.2096
vn -0.2719 -0.9602 0.0638
vn -0.3301 0.9408 0.0774
vn -0.8677 -0.4536 0.2035
vn -0.8677 -0.4536 0.2036
vn -0.9161 0.3384 0.2149
vn -0.2126 -0.9759 0.0499
vn -0.3870 0.9176 0.0908
vn -0.8382 -0.5086 0.1967
vn -0.9350 0.2787 0.2194
vn -0.1537 -0.9877 0.0293
vn -0.4424 0.8908 0.1038
vn -0.8055 -0.5617 0.1890
vn -0.9502 0.2179 0.2229
vn -0.0925 -0.9956 0.0176
vn -0.4960 0.8605 0.1164
vn -0.7696 -0.6125 0.1805
vn -0.7696 -0.6125 0.1806
vn -0.9616 0.1563 0.2256
vn -0.0309 -0.9995 0.0059
vn -0.5476 0.8268 0.1285
vn -0.7306 -0.6609 0.1714
vn -0.9693 0.0940 0.2274
vn -0.5971 0.7898 0.1401
vn -0.6888 -0.7067 0.1616
vn -0.9731 0.0314 0.2283
vn -0.6442 0.7497 0.1511
vn -0.6442 0.7498 0.1511
vn -0.6442 -0.7497 0.1511
vn -0.9731 -0.0314 0.2283
vn -0.6888 0.7067 0.1616
vn -0.5971 -0.7898 0.1401
vn -0.9693 -0.0940 0.2274
vn -0.7306 0.6609 0.1714
vn -0.5476 -0.8268 0.1285
vn -0.0309 0.9995 0.0059
vn -0.9616 -0.1563 0.2256
vn -0.7696 0.6125 0.1805
vn -0.4960 -0.8605 0.1164
vn -0.0917 0.9956 0.0215
vn -0.9502 -0.2179 0.2229
vn -0.8055 0.5617 0.1890
vn -0.4424 -0.8908 0.1038
vn -0.1524 0.9877 0.0358
vn -0.9350 -0.2787 0.2194
vn -0.9771 0.1563 0.1443
vn -0.0312 -0.9995 0.0033
vn -0.5565 0.8268 0.0822
vn -0.7424 -0.6609 0.1097
vn -0.9849 0.0940 0.1455
vn -0.6067 0.7898 0.0896
vn -0.6999 -0.7067 0.1034
vn -0.9888 0.0314 0.1460
vn -0.6546 0.7497 0.0967
vn -0.6546 0.7498 0.0967
vn -0.6546 -0.7497 0.0967
vn -0.9888 -0.0314 0.1460
vn -0.6999 0.7067 0.1034
vn -0.6067 -0.7898 0.0896
vn -0.9849 -0.0940 0.1455
vn -0.7424 0.6609 0.1097
vn -0.7424 0.6609 0.1096
vn -0.5565 -0.8268 0.0822
vn -0.0311 0.9995 0.0046
vn -0.9771 -0.1563 0.1443
vn -0.7820 0.6125 0.1155
vn -0.5040 -0.8605 0.0744
vn -0.0932 0.9955 0.0138
vn -0.9655 -0.2179 0.1426
vn -0.8185 0.5617 0.1209
vn -0.4495 -0.8908 0.0664
vn -0.1549 0.9877 0.0229
vn -0.9501 -0.2787 0.1403
vn -0.8517 0.5086 0.1258
vn -0.3932 -0.9176 0.0581
vn -0.2160 0.9759 0.0319
vn -0.9309 -0.3384 0.1375
vn -0.8816 0.4536 0.1302
vn -0.3354 -0.9408 0.0495
vn -0.2763 0.9602 0.0408
vn -0.9081 -0.3968 0.1341
vn -0.9081 0.3968 0.1341
vn -0.2763 -0.9602 0.0408
vn -0.3354 0.9408 0.0495
vn -0.8816 -0.4536 0.1302
vn -0.9309 0.3384 0.1375
vn -0.2160 -0.9759 0.0319
vn -0.3932 0.9176 0.0581
vn -0.8517 -0.5086 0.1258
vn -0.9501 0.2787 0.1403
vn -0.1549 -0.9877 0.0229
vn -0.4495 0.8908 0.0664
vn -0.8185 -0.5617 0.1209
vn -0.9655 0.2179 0.1426
vn -0.0932 -0.9955 0.0138
vn -0.0940 -0.9956 0.0059
vn -0.5040 0.8605 0.0744
vn -0.7820 -0.6125 0.1155
vn -0.8257 0.5617 0.0520
vn -0.4535 -0.8908 0.0285
vn -0.1563 0.9877 0.0098
vn -0.1564 0.9877 0.0033
vn -0.9585 -0.2787 0.0603
vn -0.8593 0.5086 0.0541
vn -0.3967 -0.9176 0.0250
vn -0.2179 0.9759 0.0137
vn -0.9391 -0.3384 0.0591
vn -0.8894 0.4536 0.0560
vn -0.3384 -0.9408 0.0213
vn -0.2787 0.9602 0.0175
vn -0.9161 -0.3968 0.0576
vn -0.9161 0.3968 0.0576
vn -0.2787 -0.9602 0.0175
vn -0.3384 0.9408 0.0213
vn -0.8894 -0.4536 0.0560
vn -0.9391 0.3384 0.0591
vn -0.2179 -0.9759 0.0137
vn -0.3967 0.9176 0.0250
vn -0.8593 -0.5086 0.0541
vn -0.9585 0.2787 0.0603
vn -0.1563 -0.9877 0.0098
vn -0.1564 -0.9877 0.0033
vn -0.4535 0.8908 0.0285
vn -0.8257 -0.5617 0.0520
vn -0.9740 0.2179 0.0613
vn -0.0941 -0.9956 0.0020
vn -0.0941 -0.9956 0.0019
vn -0.5085 0.8605 0.0320
vn -0.7889 -0.6125 0.0496
vn -0.9858 0.1563 0.0620
vn -0.0314 -0.9995 0.0007
vn -0.5614 0.8268 0.0353
vn -0.7490 -0.6609 0.0471
vn -0.9936 0.0940 0.0625
vn -0.6121 0.7898 0.0385
vn -0.7061 -0.7067 0.0444
vn -0.9975 0.0314 0.0628
vn -0.6604 0.7497 0.0416
vn -0.6604 -0.7497 0.0416
vn -0.9975 -0.0314 0.0628
vn -0.7061 0.7067 0.0444
vn -0.6121 -0.7898 0.0385
vn -0.9936 -0.0940 0.0625
vn -0.7490 0.6609 0.0471
vn -0.5614 -0.8268 0.0353
vn -0.0314 0.9995 0.0019
vn -0.0308 0.9995 -0.0046
vn -0.0314 0.9995 0.0007
vn -0.9858 -0.1563 0.0620
vn -0.7889 0.6125 0.0496
vn -0.7889 0.6125 0.0497
vn -0.5085 -0.8605 0.0320
vn -0.0940 0.9956 0.0059
vn -0.9740 -0.2179 0.0613
vn -0.9758 0.2179 -0.0204
vn -0.0939 -0.9956 -0.0059
vn -0.5093 0.8605 -0.0107
vn -0.7903 -0.6125 -0.0166
vn -0.9875 0.1563 -0.0207
vn -0.0314 -0.9995 -0.0006
vn -0.5624 0.8268 -0.0118
vn -0.7503 -0.6609 -0.0157
vn -0.9954 0.0940 -0.0209
vn -0.6132 0.7898 -0.0128
vn -0.7073 -0.7067 -0.0148
vn -0.9993 0.0314 -0.0209
vn -0.6616 0.7498 -0.0139
vn -0.6616 -0.7498 -0.0139
vn -0.9993 -0.0314 -0.0209
vn -0.7073 0.7067 -0.0148
vn -0.6132 -0.7898 -0.0128
vn -0.9954 -0.0940 -0.0209
vn -0.7503 0.6609 -0.0157
vn -0.5624 -0.8268 -0.0118
vn -0.0314 0.9995 -0.0020
vn -0.9875 -0.1563 -0.0207
vn -0.7903 0.6125 -0.0166
vn -0.5093 -0.8605 -0.0107
vn -0.0942 0.9955 -0.0020
vn -0.0943 0.9955 -0.0020
vn -0.9758 -0.2179 -0.0204
vn -0.8272 0.5617 -0.0173
vn -0.4543 -0.8908 -0.0095
vn -0.1565 0.9877 -0.0033
vn -0.1557 0.9877 -0.0164
vn -0.9602 -0.2787 -0.0201
vn -0.8608 0.5086 -0.0180
vn -0.3974 -0.9176 -0.0083
vn -0.2183 0.9759 -0.0046
vn -0.9408 -0.3384 -0.0197
vn -0.8910 0.4536 -0.0187
vn -0.3390 -0.9408 -0.0071
vn -0.2792 0.9602 -0.0059
vn -0.9177 -0.3968 -0.0192
vn -0.9177 0.3968 -0.0192
vn -0.2792 -0.9602 -0.0058
vn -0.3390 0.9408 -0.0071
vn -0.8910 -0.4536 -0.0187
vn -0.9408 0.3384 -0.0197
vn -0.2183 -0.9759 -0.0046
vn -0.3974 0.9176 -0.0083
vn -0.8608 -0.5086 -0.0180
vn -0.9602 0.2787 -0.0201
vn -0.1562 -0.9877 -0.0098
vn -0.4543 0.8908 -0.0095
vn -0.8272 -0.5617 -0.0173
vn -0.7862 0.6125 -0.0826
vn -0.7861 0.6125 -0.0827
vn -0.5067 -0.8605 -0.0533
vn -0.0938 0.9955 -0.0098
vn -0.0937 0.9956 -0.0099
vn -0.9706 -0.2179 -0.1020
vn -0.8228 0.5617 -0.0865
vn -0.4519 -0.8908 -0.0475
vn -0.1548 0.9877 -0.0229
vn -0.9551 -0.2787 -0.1004
vn -0.8563 0.5086 -0.0900
vn -0.3953 -0.9176 -0.0416
vn -0.2172 0.9759 -0.0228
vn -0.9358 -0.3384 -0.0984
vn -0.8863 0.4536 -0.0932
vn -0.3372 -0.9408 -0.0354
vn -0.2777 0.9602 -0.0292
vn -0.9129 -0.3968 -0.0960
vn -0.9129 0.3968 -0.0960
vn -0.2777 -0.9602 -0.0292
vn -0.3372 0.9408 -0.0354
vn -0.8863 -0.4536 -0.0932
vn -0.9358 0.3384 -0.0984
vn -0.2172 -0.9759 -0.0228
vn -0.3953 0.9176 -0.0416
vn -0.8563 -0.5086 -0.0900
vn -0.9551 0.2787 -0.1004
vn -0.1548 -0.9877 -0.0229
vn -0.4519 0.8908 -0.0475
vn -0.8228 -0.5617 -0.0865
vn -0.9706 0.2179 -0.1020
vn -0.0931 -0.9956 -0.0138
vn -0.5067 0.8605 -0.0533
vn -0.7862 -0.6125 -0.0826
vn -0.9823 0.1563 -0.1033
vn -0.0296 -0.9995 -0.0096
vn -0.0313 -0.9995 -0.0033
vn -0.0311 -0.9995 -0.0046
vn -0.5594 0.8268 -0.0588
vn -0.7464 -0.6609 -0.0785
vn -0.9901 0.0940 -0.1041
vn -0.6100 0.7898 -0.0641
vn -0.7036 -0.7067 -0.0740
vn -0.9940 0.0314 -0.1045
vn -0.6581 0.7498 -0.0692
vn -0.6581 -0.7498 -0.0692
vn -0.9940 -0.0314 -0.1045
vn -0.7036 0.7067 -0.0740
vn -0.6100 -0.7898 -0.0641
vn -0.9901 -0.0940 -0.1041
vn -0.7464 0.6609 -0.0785
vn -0.5594 -0.8268 -0.0588
vn -0.0311 0.9995 -0.0046
vn -0.9823 -0.1563 -0.1033
vn -0.9434 0.2787 -0.1800
vn -0.1538 -0.9877 -0.0293
vn -0.1508 -0.9877 -0.0421
vn -0.4463 0.8908 -0.0852
vn -0.8127 -0.5617 -0.1551
vn -0.9587 0.2179 -0.1829
vn -0.0924 -0.9956 -0.0176
vn -0.5004 0.8605 -0.0955
vn -0.7765 -0.6125 -0.1482
vn -0.9702 0.1563 -0.1851
vn -0.0306 -0.9995 -0.0072
vn -0.5525 0.8268 -0.1054
vn -0.7372 -0.6609 -0.1407
vn -0.9779 0.0940 -0.1866
vn -0.6025 0.7898 -0.1149
vn -0.6950 -0.7067 -0.1326
vn -0.9818 0.0314 -0.1873
vn -0.6500 0.7498 -0.1240
vn -0.6500 -0.7498 -0.1240
vn -0.9818 -0.0314 -0.1873
vn -0.6950 0.7067 -0.1326
vn -0.6025 -0.7898 -0.1149
vn -0.9779 -0.0940 -0.1866
vn -0.7372 0.6609 -0.1407
vn -0.5525 -0.8268 -0.1054
vn -0.0306 0.9995 -0.0072
vn -0.9702 -0.1563 -0.1851
vn -0.7765 0.6125 -0.1482
vn -0.5004 -0.8605 -0.0955
vn -0.0925 0.9956 -0.0176
vn -0.0916 0.9956 -0.0215
vn -0.9587 -0.2179 -0.1829
vn -0.8127 0.5617 -0.1551
vn -0.4463 -0.8908 -0.0852
vn -0.1538 0.9877 -0.0293
vn -0.9434 -0.2787 -0.1800
vn -0.8457 0.5086 -0.1614
vn -0.3905 -0.9176 -0.0745
vn -0.2145 0.9759 -0.0409
vn -0.9243 -0.3384 -0.1764
vn -0.8754 0.4536 -0.1670
vn -0.3331 -0.9408 -0.0635
vn -0.3331 -0.9408 -0.0636
vn -0.2743 0.9602 -0.0523
vn -0.9016 -0.3968 -0.1720
vn -0.9016 0.3968 -0.1720
vn -0.2743 -0.9602 -0.0523
vn -0.3331 0.9408 -0.0635
vn -0.3331 0.9408 -0.0636
vn -0.8754 -0.4536 -0.1670
vn -0.9243 0.3384 -0.1764
vn -0.2145 -0.9759 -0.0409
vn -0.3905 0.9176 -0.0745
vn -0.8457 -0.5086 -0.1614
vn -0.7228 0.6609 -0.2019
vn -0.5418 -0.8268 -0.1513
vn -0.0299 0.9995 -0.0097
vn -0.9513 -0.1563 -0.2657
vn -0.7614 0.6125 -0.2126
vn -0.4907 -0.8605 -0.1370
vn -0.0895 0.9956 -0.0291
vn -0.9400 -0.2179 -0.2625
vn -0.7969 0.5617 -0.2225
vn -0.4376 -0.8908 -0.1222
vn -0.1508 0.9877 -0.0421
vn -0.1488 0.9877 -0.0484
vn -0.9250 -0.2787 -0.2583
vn -0.8293 0.5086 -0.2316
vn -0.3829 -0.9176 -0.1069
vn -0.2103 0.9759 -0.0587
vn -0.9063 -0.3384 -0.2531
vn -0.8584 0.4536 -0.2397
vn -0.3266 -0.9408 -0.0912
vn -0.2690 0.9602 -0.0751
vn -0.8841 -0.3968 -0.2469
vn -0.8841 0.3968 -0.2469
vn -0.2690 -0.9602 -0.0751
vn -0.3266 0.9408 -0.0912
vn -0.8584 -0.4536 -0.2397
vn -0.9063 0.3384 -0.2531
vn -0.2103 -0.9759 -0.0587
vn -0.3829 0.9176 -0.1069
vn -0.8293 -0.5086 -0.2316
vn -0.9250 0.2787 -0.2583
vn -0.1468 -0.9877 -0.0546
vn -0.4376 0.8908 -0.1222
vn -0.7969 -0.5617 -0.2225
vn -0.9400 0.2179 -0.2625
vn -0.0906 -0.9956 -0.0253
vn -0.0895 -0.9956 -0.0291
vn -0.4907 0.8605 -0.1370
vn -0.7614 -0.6125 -0.2126
vn -0.9513 0.1563 -0.2657
vn -0.0299 -0.9995 -0.0097
vn -0.5418 0.8268 -0.1513
vn -0.7228 -0.6609 -0.2019
vn -0.9589 0.0940 -0.2678
vn -0.5907 0.7898 -0.1650
vn -0.6814 -0.7067 -0.1903
vn -0.9627 0.0314 -0.2688
vn -0.6373 0.7497 -0.1780
vn -0.6373 -0.7497 -0.1780
vn -0.9627 -0.0314 -0.2688
vn -0.6814 0.7067 -0.1903
vn -0.5907 -0.7898 -0.1650
vn -0.9589 -0.0940 -0.2678
vn -0.8820 0.3384 -0.3281
vn -0.2047 -0.9759 -0.0761
vn -0.3726 0.9176 -0.1386
vn -0.8070 -0.5086 -0.3002
vn -0.9001 0.2787 -0.3348
vn -0.1418 -0.9876 -0.0667
vn -0.4259 0.8908 -0.1584
vn -0.7755 -0.5617 -0.2885
vn -0.9147 0.2179 -0.3403
vn -0.0883 -0.9956 -0.0328
vn -0.0852 -0.9956 -0.0401
vn -0.4775 0.8605 -0.1776
vn -0.7409 -0.6125 -0.2756
vn -0.9257 0.1563 -0.3444
vn -0.0290 -0.9995 -0.0122
vn -0.5272 0.8268 -0.1961
vn -0.7034 -0.6609 -0.2616
vn -0.9331 0.0940 -0.3471
vn -0.5749 0.7898 -0.2138
vn -0.6631 -0.7067 -0.2467
vn -0.9368 0.0314 -0.3485
vn -0.6202 0.7497 -0.2307
vn -0.6202 -0.7497 -0.2307
vn -0.9368 -0.0314 -0.3485
vn -0.6631 0.7067 -0.2467
vn -0.5749 -0.7898 -0.2138
vn -0.9331 -0.0940 -0.3471
vn -0.7034 0.6609 -0.2616
vn -0.5272 -0.8268 -0.1961
vn -0.0295 0.9995 -0.0110
vn -0.9257 -0.1563 -0.3444
vn -0.7409 0.6125 -0.2756
vn -0.4775 -0.8605 -0.1776
vn -0.0883 0.9956 -0.0328
vn -0.9147 -0.2179 -0.3403
vn -0.7755 0.5617 -0.2885
vn -0.4259 -0.8908 -0.1584
vn -0.1443 0.9877 -0.0607
vn -0.1443 0.9877 -0.0606
vn -0.9001 -0.2787 -0.3348
vn -0.8070 0.5086 -0.3002
vn -0.3726 -0.9176 -0.1386
vn -0.2047 0.9759 -0.0761
vn -0.8820 -0.3384 -0.3281
vn -0.8353 0.4536 -0.3107
vn -0.3178 -0.9408 -0.1182
vn -0.2617 0.9602 -0.0974
vn -0.8603 -0.3968 -0.3200
vn -0.8603 0.3968 -0.3200
vn -0.2617 -0.9602 -0.0974
vn -0.3178 0.9408 -0.1182
vn -0.8353 -0.4536 -0.3107
vn -0.6401 0.7067 -0.3013
vn -0.5550 -0.7898 -0.2612
vn -0.9008 -0.0940 -0.4240
vn -0.6790 0.6609 -0.3196
vn -0.5090 -0.8268 -0.2395
vn -0.0284 0.9995 -0.0134
vn -0.0248 0.9995 -0.0188
vn -0.0278 0.9995 -0.0146
vn -0.8937 -0.1563 -0.4206
vn -0.7152 0.6125 -0.3366
vn -0.4610 -0.8605 -0.2170
vn -0.0852 0.9956 -0.0401
vn -0.8830 -0.2179 -0.4156
vn -0.7486 0.5617 -0.3523
vn -0.4111 -0.8908 -0.1935
vn -0.1418 0.9876 -0.0667
vn -0.8689 -0.2787 -0.4090
vn -0.7790 0.5086 -0.3667
vn -0.3597 -0.9176 -0.1693
vn -0.1976 0.9759 -0.0930
vn -0.8514 -0.3384 -0.4007
vn -0.8064 0.4536 -0.3795
vn -0.3068 -0.9408 -0.1444
vn -0.2527 0.9602 -0.1189
vn -0.8305 -0.3968 -0.3909
vn -0.8305 0.3968 -0.3909
vn -0.2527 -0.9602 -0.1189
vn -0.3068 0.9408 -0.1444
vn -0.8064 -0.4536 -0.3795
vn -0.8514 0.3384 -0.4007
vn -0.1976 -0.9759 -0.0930
vn -0.3597 0.9176 -0.1693
vn -0.7790 -0.5086 -0.3667
vn -0.8689 0.2787 -0.4090
vn -0.1387 -0.9877 -0.0725
vn -0.4111 0.8908 -0.1935
vn -0.7486 -0.5617 -0.3523
vn -0.7486 -0.5616 -0.3523
vn -0.8830 0.2179 -0.4156
vn -0.0834 -0.9956 -0.0436
vn -0.4610 0.8605 -0.2170
vn -0.7152 -0.6125 -0.3366
vn -0.8937 0.1563 -0.4206
vn -0.0278 -0.9995 -0.0146
vn -0.5090 0.8268 -0.2395
vn -0.6790 -0.6609 -0.3196
vn -0.9008 0.0940 -0.4240
vn -0.5550 0.7898 -0.2612
vn -0.6401 -0.7067 -0.3013
vn -0.9043 0.0314 -0.4256
vn -0.9043 0.0314 -0.4257
vn -0.5987 0.7497 -0.2818
vn -0.5987 -0.7497 -0.2818
vn -0.9043 -0.0314 -0.4256
vn -0.7949 0.3968 -0.4590
vn -0.2419 -0.9602 -0.1397
vn -0.2937 0.9408 -0.1696
vn -0.7718 -0.4536 -0.4457
vn -0.8149 0.3384 -0.4706
vn -0.1891 -0.9759 -0.1092
vn -0.3443 0.9176 -0.1988
vn -0.3442 0.9176 -0.1988
vn -0.7456 -0.5086 -0.4306
vn -0.8317 0.2787 -0.4803
vn -0.1357 -0.9877 -0.0784
vn -0.3935 0.8908 -0.2272
vn -0.7165 -0.5616 -0.4138
vn -0.7165 -0.5617 -0.4138
vn -0.8452 0.2179 -0.4881
vn -0.0816 -0.9955 -0.0471
vn -0.4412 0.8605 -0.2548
vn -0.6846 -0.6125 -0.3953
vn -0.8553 0.1563 -0.4939
vn -0.0272 -0.9995 -0.0157
vn -0.4871 0.8268 -0.2813
vn -0.6499 -0.6609 -0.3753
vn -0.8621 0.0940 -0.4979
vn -0.5311 0.7898 -0.3067
vn -0.6127 -0.7067 -0.3538
vn -0.8656 0.0314 -0.4998
vn -0.5730 0.7497 -0.3309
vn -0.5731 0.7497 -0.3309
vn -0.5730 -0.7497 -0.3309
vn -0.5731 -0.7497 -0.3309
vn -0.8656 -0.0314 -0.4998
vn -0.6127 0.7067 -0.3538
vn -0.5311 -0.7898 -0.3067
vn -0.8621 -0.0940 -0.4979
vn -0.6499 0.6609 -0.3753
vn -0.4871 -0.8268 -0.2813
vn -0.0265 0.9995 -0.0168
vn -0.8553 -0.1563 -0.4939
vn -0.6846 0.6125 -0.3953
vn -0.4412 -0.8605 -0.2548
vn -0.0816 0.9956 -0.0471
vn -0.0816 0.9955 -0.0471
vn -0.8452 -0.2179 -0.4881
vn -0.7165 0.5616 -0.4138
vn -0.3935 -0.8908 -0.2272
vn -0.1357 0.9877 -0.0783
vn -0.1357 0.9877 -0.0784
vn -0.8317 -0.2787 -0.4803
vn -0.7456 0.5086 -0.4306
vn -0.3443 -0.9176 -0.1988
vn -0.1891 0.9759 -0.1092
vn -0.8149 -0.3384 -0.4706
vn -0.7718 0.4536 -0.4457
vn -0.2937 -0.9408 -0.1696
vn -0.2419 0.9602 -0.1397
vn -0.7949 -0.3968 -0.4590
vn -0.5433 0.7497 -0.3777
vn -0.5433 -0.7497 -0.3777
vn -0.8207 -0.0314 -0.5705
vn -0.5809 0.7067 -0.4039
vn -0.5036 -0.7898 -0.3501
vn -0.8175 -0.0940 -0.5683
vn -0.6162 0.6609 -0.4284
vn -0.4619 -0.8268 -0.3211
vn -0.0250 0.9995 -0.0190
vn -0.8110 -0.1563 -0.5638
vn -0.6491 0.6125 -0.4512
vn -0.4183 -0.8605 -0.2908
vn -0.0773 0.9956 -0.0538
vn -0.8014 -0.2179 -0.5571
vn -0.6794 0.5616 -0.4723
vn -0.3731 -0.8908 -0.2594
vn -0.1287 0.9876 -0.0894
vn -0.1286 0.9877 -0.0894
vn -0.7886 -0.2787 -0.5482
vn -0.7070 0.5086 -0.4915
vn -0.3264 -0.9176 -0.2269
vn -0.1793 0.9759 -0.1247
vn -0.1793 0.9759 -0.1246
vn -0.7726 -0.3384 -0.5371
vn -0.7727 -0.3384 -0.5371
vn -0.7318 0.4536 -0.5087
vn -0.2784 -0.9407 -0.1936
vn -0.2293 0.9602 -0.1594
vn -0.7537 -0.3968 -0.5240
vn -0.7537 -0.3968 -0.5239
vn -0.7537 0.3968 -0.5240
vn -0.2293 -0.9602 -0.1594
vn -0.2784 0.9407 -0.1936
vn -0.7318 -0.4536 -0.5087
vn -0.7726 0.3384 -0.5371
vn -0.1793 -0.9759 -0.1247
vn -0.1793 -0.9759 -0.1246
vn -0.3264 0.9176 -0.2269
vn -0.7070 -0.5086 -0.4915
vn -0.7886 0.2787 -0.5482
vn -0.1287 -0.9876 -0.0894
vn -0.1286 -0.9877 -0.0894
vn -0.3731 0.8908 -0.2594
vn -0.6794 -0.5616 -0.4723
vn -0.8014 0.2179 -0.5571
vn -0.0773 -0.9956 -0.0538
vn -0.0750 -0.9956 -0.0569
vn -0.4183 0.8605 -0.2908
vn -0.6491 -0.6125 -0.4512
vn -0.8110 0.1563 -0.5638
vn -0.0213 -0.9995 -0.0227
vn -0.0258 -0.9995 -0.0179
vn -0.0250 -0.9995 -0.0190
vn -0.4619 0.8268 -0.3211
vn -0.6162 -0.6609 -0.4284
vn -0.8175 0.0940 -0.5683
vn -0.5036 0.7898 -0.3501
vn -0.5809 -0.7067 -0.4039
vn -0.8207 0.0314 -0.5705
vn -0.6866 0.4536 -0.5682
vn -0.2613 -0.9407 -0.2162
vn -0.2152 0.9602 -0.1780
vn -0.7072 -0.3968 -0.5852
vn -0.7072 0.3968 -0.5852
vn -0.2152 -0.9602 -0.1780
vn -0.2613 0.9407 -0.2162
vn -0.6866 -0.4536 -0.5682
vn -0.7250 0.3384 -0.5999
vn -0.1683 -0.9759 -0.1392
vn -0.3063 0.9176 -0.2534
vn -0.6634 -0.5086 -0.5489
vn -0.7399 0.2787 -0.6122
vn -0.7399 0.2787 -0.6123
vn -0.1207 -0.9877 -0.0998
vn -0.1163 -0.9877 -0.1047
vn -0.3501 0.8908 -0.2897
vn -0.6375 -0.5616 -0.5275
vn -0.7519 0.2179 -0.6222
vn -0.0700 -0.9956 -0.0630
vn -0.0699 -0.9956 -0.0630
vn -0.3925 0.8605 -0.3248
vn -0.6090 -0.6124 -0.5040
vn -0.6090 -0.6125 -0.5040
vn -0.7610 0.1563 -0.6297
vn -0.0233 -0.9995 -0.0210
vn -0.4334 0.8268 -0.3586
vn -0.5782 -0.6609 -0.4785
vn -0.5782 -0.6609 -0.4784
vn -0.7670 0.0940 -0.6347
vn -0.4726 0.7898 -0.3910
vn -0.5451 -0.7067 -0.4511
vn -0.7701 0.0314 -0.6372
vn -0.5098 0.7497 -0.4219
vn -0.5098 -0.7497 -0.4219
vn -0.7701 -0.0314 -0.6372
vn -0.5451 0.7067 -0.4511
vn -0.5451 0.7067 -0.4510
vn -0.4726 -0.7898 -0.3910
vn -0.7670 -0.0940 -0.6347
vn -0.5782 0.6609 -0.4785
vn -0.4334 -0.8268 -0.3586
vn -0.0233 0.9995 -0.0210
vn -0.7610 -0.1563 -0.6297
vn -0.6090 0.6124 -0.5040
vn -0.3925 -0.8605 -0.3248
vn -0.0726 0.9956 -0.0600
vn -0.7519 -0.2179 -0.6222
vn -0.6375 0.5616 -0.5275
vn -0.3501 -0.8908 -0.2897
vn -0.1206 0.9877 -0.0998
vn -0.1163 0.9877 -0.1047
vn -0.7399 -0.2787 -0.6122
vn -0.6634 0.5086 -0.5489
vn -0.3063 -0.9176 -0.2534
vn -0.1683 0.9759 -0.1392
vn -0.7250 -0.3384 -0.5999
vn -0.4382 0.7898 -0.4292
vn -0.5055 -0.7067 -0.4951
vn -0.1071 -0.9877 -0.1141
vn -0.7140 0.0314 -0.6994
vn -0.4728 0.7497 -0.4631
vn -0.0673 -0.9955 -0.0660
vn -0.7140 -0.0314 -0.6994
vn -0.5055 0.7067 -0.4951
vn -0.0215 -0.9995 -0.0229
vn -0.7112 -0.0940 -0.6966
vn -0.5362 0.6609 -0.5252
vn -0.0215 0.9995 -0.0229
vn -0.7056 -0.1563 -0.6911
vn -0.5647 0.6124 -0.5532
vn -0.0673 0.9956 -0.0659
vn -0.6972 -0.2179 -0.6829
vn -0.4728 -0.7497 -0.4631
vn -0.4727 -0.7497 -0.4631
vn -0.5911 0.5616 -0.5790
vn -0.1071 0.9877 -0.1141
vn -0.6861 -0.2787 -0.6720
vn -0.4382 -0.7898 -0.4292
vn -0.6151 0.5086 -0.6025
vn -0.1560 0.9759 -0.1528
vn -0.6723 -0.3384 -0.6585
vn -0.4019 -0.8268 -0.3936
vn -0.6367 0.4536 -0.6236
vn -0.1995 0.9602 -0.1954
vn -0.6558 -0.3967 -0.6423
vn -0.3640 -0.8605 -0.3565
vn -0.6558 0.3967 -0.6423
vn -0.2423 0.9407 -0.2373
vn -0.6367 -0.4536 -0.6236
vn -0.3246 -0.8908 -0.3180
vn -0.6723 0.3384 -0.6585
vn -0.2840 0.9176 -0.2782
vn -0.6151 -0.5086 -0.6025
vn -0.2840 -0.9176 -0.2782
vn -0.6861 0.2787 -0.6720
vn -0.3246 0.8908 -0.3180
vn -0.5911 -0.5616 -0.5790
vn -0.2423 -0.9407 -0.2373
vn -0.6972 0.2179 -0.6829
vn -0.3640 0.8605 -0.3565
vn -0.5647 -0.6124 -0.5532
vn -0.1995 -0.9602 -0.1954
vn -0.7056 0.1563 -0.6911
vn -0.7056 0.1562 -0.6911
vn -0.4019 0.8268 -0.3936
vn -0.5362 -0.6609 -0.5252
vn -0.1560 -0.9759 -0.1528
vn -0.7112 0.0940 -0.6966
vn -0.6504 -0.0940 -0.7537
vn -0.4903 0.6609 -0.5682
vn -0.3675 -0.8268 -0.4259
vn -0.0205 0.9995 -0.0238
vn -0.6453 -0.1563 -0.7478
vn -0.6453 -0.1562 -0.7478
vn -0.5165 0.6124 -0.5985
vn -0.3329 -0.8605 -0.3857
vn -0.0616 0.9956 -0.0713
vn -0.6376 -0.2179 -0.7389
vn -0.5406 0.5616 -0.6264
vn -0.2969 -0.8908 -0.3440
vn -0.1023 0.9877 -0.1185
vn -0.6275 -0.2787 -0.7271
vn -0.5625 0.5086 -0.6518
vn -0.2597 -0.9176 -0.3010
vn -0.1427 0.9759 -0.1653
vn -0.6148 -0.3384 -0.7124
vn -0.5823 0.4536 -0.6747
vn -0.5823 0.4535 -0.6747
vn -0.2216 -0.9407 -0.2567
vn -0.1825 0.9602 -0.2114
vn -0.5997 -0.3967 -0.6949
vn -0.5997 0.3967 -0.6949
vn -0.1825 -0.9602 -0.2114
vn -0.2216 0.9407 -0.2567
vn -0.5823 -0.4536 -0.6747
vn -0.6148 0.3384 -0.7124
vn -0.1427 -0.9759 -0.1653
vn -0.2597 0.9176 -0.3010
vn -0.5625 -0.5086 -0.6518
vn -0.6275 0.2787 -0.7271
vn -0.0972 -0.9877 -0.1227
vn -0.2969 0.8908 -0.3440
vn -0.5406 -0.5616 -0.6264
vn -0.6376 0.2179 -0.7389
vn -0.0616 -0.9956 -0.0713
vn -0.0615 -0.9956 -0.0713
vn -0.3329 0.8605 -0.3857
vn -0.5165 -0.6124 -0.5985
vn -0.6453 0.1563 -0.7478
vn -0.0195 -0.9995 -0.0246
vn -0.3675 0.8268 -0.4259
vn -0.4903 -0.6609 -0.5682
vn -0.6504 0.0940 -0.7537
vn -0.4007 0.7898 -0.4644
vn -0.4623 -0.7067 -0.5357
vn -0.6530 0.0314 -0.7567
vn -0.4324 0.7497 -0.5010
vn -0.4323 0.7497 -0.5010
vn -0.4324 -0.7497 -0.5010
vn -0.6530 -0.0314 -0.7567
vn -0.4623 0.7067 -0.5357
vn -0.4007 -0.7898 -0.4644
vn -0.5238 -0.4535 -0.7211
vn -0.5530 0.3384 -0.7614
vn -0.1284 -0.9759 -0.1767
vn -0.1283 -0.9759 -0.1767
vn -0.2336 0.9176 -0.3217
vn -0.2337 0.9176 -0.3217
vn -0.5060 -0.5086 -0.6966
vn -0.5644 0.2787 -0.7770
vn -0.0866 -0.9877 -0.1304
vn -0.2671 0.8908 -0.3677
vn -0.4863 -0.5616 -0.6694
vn -0.5736 0.2179 -0.7896
vn -0.0554 -0.9956 -0.0762
vn -0.0521 -0.9956 -0.0784
vn -0.2994 0.8605 -0.4122
vn -0.4646 -0.6124 -0.6396
vn -0.5805 0.1563 -0.7991
vn -0.5805 0.1562 -0.7991
vn -0.0174 -0.9995 -0.0262
vn -0.3306 0.8268 -0.4552
vn -0.4411 -0.6608 -0.6072
vn -0.4411 -0.6609 -0.6072
vn -0.5851 0.0940 -0.8055
vn -0.3605 0.7898 -0.4963
vn -0.4158 -0.7067 -0.5725
vn -0.5874 0.0314 -0.8087
vn -0.3889 0.7497 -0.5354
vn -0.3889 -0.7497 -0.5354
vn -0.5874 -0.0314 -0.8087
vn -0.4158 0.7067 -0.5725
vn -0.3605 -0.7898 -0.4963
vn -0.5851 -0.0940 -0.8055
vn -0.4411 0.6608 -0.6072
vn -0.3306 -0.8268 -0.4552
vn -0.0185 0.9995 -0.0254
vn -0.0127 0.9995 -0.0284
vn -0.0174 0.9995 -0.0262
vn -0.5805 -0.1563 -0.7991
vn -0.4646 0.6124 -0.6396
vn -0.2994 -0.8605 -0.4122
vn -0.0554 0.9955 -0.0763
vn -0.5736 -0.2179 -0.7896
vn -0.4863 0.5616 -0.6694
vn -0.2671 -0.8908 -0.3677
vn -0.0920 0.9877 -0.1267
vn -0.0866 0.9877 -0.1304
vn -0.5644 -0.2787 -0.7770
vn -0.5060 0.5086 -0.6966
vn -0.2336 -0.9176 -0.3217
vn -0.2337 -0.9176 -0.3217
vn -0.1284 0.9759 -0.1767
vn -0.1283 0.9759 -0.1767
vn -0.5530 -0.3384 -0.7614
vn -0.5238 0.4535 -0.7211
vn -0.1993 -0.9407 -0.2744
vn -0.1641 0.9602 -0.2260
vn -0.5395 -0.3967 -0.7427
vn -0.5395 0.3967 -0.7427
vn -0.1641 -0.9602 -0.2260
vn -0.1993 0.9407 -0.2744
vn -0.5177 -0.0314 -0.8550
vn -0.3665 0.7067 -0.6052
vn -0.3177 -0.7898 -0.5247
vn -0.5156 -0.0940 -0.8516
vn -0.3887 0.6608 -0.6420
vn -0.2914 -0.8268 -0.4812
vn -0.0151 0.9995 -0.0275
vn -0.5116 -0.1563 -0.8449
vn -0.5116 -0.1562 -0.8449
vn -0.4094 0.6124 -0.6762
vn -0.2639 -0.8605 -0.4358
vn -0.2639 -0.8605 -0.4359
vn -0.0489 0.9955 -0.0807
vn -0.0488 0.9955 -0.0807
vn -0.5055 -0.2179 -0.8349
vn -0.4285 0.5616 -0.7078
vn -0.2354 -0.8908 -0.3887
vn -0.0754 0.9877 -0.1372
vn -0.4974 -0.2787 -0.8215
vn -0.4460 0.5086 -0.7365
vn -0.2059 -0.9176 -0.3401
vn -0.1131 0.9759 -0.1868
vn -0.4874 -0.3384 -0.8050
vn -0.4616 0.4535 -0.7624
vn -0.1756 -0.9407 -0.2901
vn -0.1447 0.9602 -0.2389
vn -0.4754 -0.3967 -0.7852
vn -0.4754 0.3967 -0.7852
vn -0.1447 -0.9602 -0.2389
vn -0.1756 0.9407 -0.2901
vn -0.4616 -0.4535 -0.7624
vn -0.4874 0.3384 -0.8050
vn -0.1131 -0.9759 -0.1868
vn -0.2059 0.9176 -0.3401
vn -0.4460 -0.5086 -0.7365
vn -0.4974 0.2787 -0.8215
vn -0.0754 -0.9877 -0.1372
vn -0.2354 0.8908 -0.3887
vn -0.4285 -0.5616 -0.7078
vn -0.5055 0.2179 -0.8349
vn -0.0453 -0.9956 -0.0825
vn -0.2639 0.8605 -0.4358
vn -0.4094 -0.6124 -0.6762
vn -0.5116 0.1563 -0.8449
vn -0.0163 -0.9995 -0.0269
vn -0.2914 0.8268 -0.4812
vn -0.2914 0.8267 -0.4812
vn -0.3887 -0.6608 -0.6420
vn -0.5156 0.0940 -0.8516
vn -0.3177 0.7898 -0.5247
vn -0.3665 -0.7067 -0.6052
vn -0.3665 -0.7067 -0.6053
vn -0.5177 0.0314 -0.8550
vn -0.3428 0.7497 -0.5661
vn -0.3428 -0.7497 -0.5661
vn -0.4081 -0.3967 -0.8222
vn -0.4081 0.3967 -0.8222
vn -0.1242 -0.9602 -0.2502
vn -0.1508 0.9407 -0.3038
vn -0.3962 -0.4535 -0.7983
vn -0.4183 0.3383 -0.8429
vn -0.0971 -0.9759 -0.1956
vn -0.1767 0.9176 -0.3561
vn -0.3828 -0.5086 -0.7713
vn -0.4269 0.2787 -0.8603
vn -0.0636 -0.9877 -0.1430
vn -0.2020 0.8908 -0.4071
vn -0.3678 -0.5616 -0.7412
vn -0.4339 0.2179 -0.8742
vn -0.0383 -0.9956 -0.0860
vn -0.2265 0.8605 -0.4564
vn -0.3514 -0.6124 -0.7081
vn -0.4391 0.1562 -0.8847
vn -0.0140 -0.9995 -0.0282
vn -0.0128 -0.9995 -0.0287
vn -0.2501 0.8267 -0.5039
vn -0.2501 0.8268 -0.5039
vn -0.3337 -0.6608 -0.6723
vn -0.4426 0.0940 -0.8918
vn -0.2727 0.7898 -0.5494
vn -0.2727 0.7898 -0.5495
vn -0.3145 -0.7067 -0.6338
vn -0.3146 -0.7067 -0.6338
vn -0.4443 0.0314 -0.8953
vn -0.2942 0.7497 -0.5928
vn -0.2942 -0.7497 -0.5928
vn -0.4443 -0.0314 -0.8953
vn -0.3145 0.7067 -0.6338
vn -0.2727 -0.7898 -0.5494
vn -0.4426 -0.0940 -0.8918
vn -0.3337 0.6608 -0.6723
vn -0.2501 -0.8267 -0.5039
vn -0.0128 0.9995 -0.0287
vn -0.4391 -0.1562 -0.8847
vn -0.3514 0.6124 -0.7081
vn -0.2265 -0.8605 -0.4564
vn -0.0420 0.9955 -0.0845
vn -0.0383 0.9956 -0.0860
vn -0.4339 -0.2179 -0.8742
vn -0.3678 0.5616 -0.7412
vn -0.2020 -0.8908 -0.4071
vn -0.0696 0.9877 -0.1402
vn -0.4269 -0.2787 -0.8603
vn -0.3828 0.5086 -0.7713
vn -0.1767 -0.9176 -0.3561
vn -0.1768 -0.9176 -0.3561
vn -0.0971 0.9759 -0.1956
vn -0.4183 -0.3383 -0.8429
vn -0.3962 0.4535 -0.7983
vn -0.1508 -0.9407 -0.3038
vn -0.1242 0.9602 -0.2502
vn -0.3679 0.0314 -0.9293
vn -0.2436 0.7497 -0.6153
vn -0.2436 -0.7497 -0.6153
vn -0.3679 -0.0314 -0.9293
vn -0.2604 0.7067 -0.6579
vn -0.2258 -0.7898 -0.5703
vn -0.3664 -0.0940 -0.9257
vn -0.2762 0.6608 -0.6979
vn -0.2071 -0.8267 -0.5231
vn -0.0103 0.9995 -0.0297
vn -0.3635 -0.1562 -0.9184
vn -0.2910 0.6124 -0.7350
vn -0.1875 -0.8605 -0.4738
vn -0.0310 0.9956 -0.0889
vn -0.3592 -0.2179 -0.9075
vn -0.3045 0.5616 -0.7693
vn -0.1673 -0.8908 -0.4225
vn -0.1673 -0.8908 -0.4226
vn -0.0576 0.9877 -0.1456
vn -0.0576 0.9877 -0.1457
vn -0.3535 -0.2787 -0.8930
vn -0.3169 0.5086 -0.8006
vn -0.3169 0.5085 -0.8006
vn -0.1463 -0.9176 -0.3697
vn -0.0804 0.9759 -0.2031
vn -0.3464 -0.3383 -0.8750
vn -0.3280 0.4535 -0.8287
vn -0.1248 -0.9407 -0.3153
vn -0.1028 0.9602 -0.2597
vn -0.3379 -0.3967 -0.8535
vn -0.3379 0.3967 -0.8535
vn -0.1028 -0.9602 -0.2597
vn -0.1248 0.9407 -0.3153
vn -0.3280 -0.4535 -0.8287
vn -0.3464 0.3383 -0.8750
vn -0.3463 0.3383 -0.8750
vn -0.0804 -0.9759 -0.2031
vn -0.1463 0.9176 -0.3697
vn -0.3169 -0.5086 -0.8006
vn -0.3535 0.2787 -0.8930
vn -0.0576 -0.9877 -0.1457
vn -0.1673 0.8908 -0.4225
vn -0.3045 -0.5616 -0.7693
vn -0.3592 0.2179 -0.9075
vn -0.0310 -0.9956 -0.0889
vn -0.1875 0.8605 -0.4738
vn -0.2910 -0.6124 -0.7350
vn -0.3635 0.1562 -0.9184
vn -0.0103 -0.9995 -0.0297
vn -0.2071 0.8267 -0.5231
vn -0.2762 -0.6608 -0.6979
vn -0.3664 0.0940 -0.9257
vn -0.2258 0.7898 -0.5703
vn -0.2604 -0.7067 -0.6579
vn -0.2719 -0.3383 -0.9009
vn -0.2719 -0.3384 -0.9009
vn -0.2575 0.4535 -0.8532
vn -0.0980 -0.9407 -0.3247
vn -0.0807 0.9602 -0.2674
vn -0.2653 -0.3967 -0.8788
vn -0.2653 0.3967 -0.8788
vn -0.0807 -0.9602 -0.2674
vn -0.0980 0.9407 -0.3247
vn -0.2575 -0.4535 -0.8532
vn -0.2576 -0.4535 -0.8532
vn -0.2719 0.3383 -0.9009
vn -0.0631 -0.9759 -0.2091
vn -0.1149 0.9176 -0.3806
vn -0.2488 -0.5085 -0.8243
vn -0.2775 0.2787 -0.9194
vn -0.0453 -0.9877 -0.1500
vn -0.0389 -0.9877 -0.1516
vn -0.1313 0.8908 -0.4351
vn -0.2391 -0.5616 -0.7921
vn -0.2820 0.2179 -0.9343
vn -0.0272 -0.9955 -0.0902
vn -0.1472 0.8604 -0.4878
vn -0.2284 -0.6124 -0.7568
vn -0.2854 0.1562 -0.9456
vn -0.0078 -0.9995 -0.0304
vn -0.1626 0.8267 -0.5386
vn -0.2169 -0.6608 -0.7185
vn -0.2877 0.0940 -0.9531
vn -0.1773 0.7898 -0.5872
vn -0.2045 -0.7066 -0.6774
vn -0.2888 0.0314 -0.9569
vn -0.1912 0.7497 -0.6336
vn -0.1912 -0.7497 -0.6336
vn -0.2888 -0.0314 -0.9569
vn -0.2045 0.7066 -0.6774
vn -0.1773 -0.7898 -0.5872
vn -0.2877 -0.0940 -0.9531
vn -0.2169 0.6608 -0.7185
vn -0.1626 -0.8267 -0.5386
vn -0.0078 0.9995 -0.0304
vn -0.2854 -0.1562 -0.9456
vn -0.2284 0.6124 -0.7568
vn -0.1472 -0.8604 -0.4878
vn -0.0272 0.9956 -0.0902
vn -0.2820 -0.2179 -0.9343
vn -0.2391 0.5616 -0.7921
vn -0.1313 -0.8908 -0.4351
vn -0.0453 0.9877 -0.1500
vn -0.0453 0.9877 -0.1499
vn -0.2775 -0.2787 -0.9194
vn -0.2488 0.5085 -0.8243
vn -0.1149 -0.9176 -0.3806
vn -0.0631 0.9759 -0.2091
vn -0.2069 0.0940 -0.9738
vn -0.2070 0.0940 -0.9738
vn -0.1275 0.7898 -0.6000
vn -0.1471 -0.7066 -0.6921
vn -0.2078 0.0314 -0.9777
vn -0.1376 0.7497 -0.6473
vn -0.1376 -0.7497 -0.6473
vn -0.2078 -0.0314 -0.9777
vn -0.1471 0.7066 -0.6921
vn -0.1275 -0.7898 -0.6000
vn -0.2069 -0.0940 -0.9738
vn -0.1560 0.6608 -0.7341
vn -0.1169 -0.8267 -0.5503
vn -0.0065 0.9995 -0.0308
vn -0.2053 -0.1562 -0.9661
vn -0.1643 0.6124 -0.7733
vn -0.1059 -0.8604 -0.4984
vn -0.0196 0.9956 -0.0921
vn -0.0195 0.9956 -0.0920
vn -0.2029 -0.2179 -0.9547
vn -0.1720 0.5616 -0.8093
vn -0.0945 -0.8908 -0.4445
vn -0.0326 0.9877 -0.1531
vn -0.0261 0.9877 -0.1543
vn -0.1996 -0.2787 -0.9394
vn -0.1790 0.5085 -0.8422
vn -0.1790 0.5086 -0.8422
vn -0.0827 -0.9176 -0.3889
vn -0.0826 -0.9176 -0.3889
vn -0.0454 0.9759 -0.2136
vn -0.1956 -0.3383 -0.9205
vn -0.1853 0.4535 -0.8718
vn -0.0705 -0.9407 -0.3317
vn -0.0581 0.9602 -0.2732
vn -0.1908 -0.3967 -0.8979
vn -0.1908 0.3967 -0.8979
vn -0.0581 -0.9602 -0.2732
vn -0.0705 0.9407 -0.3317
vn -0.1853 -0.4535 -0.8718
vn -0.1956 0.3383 -0.9205
vn -0.1956 0.3384 -0.9205
vn -0.0454 -0.9759 -0.2136
vn -0.0827 0.9176 -0.3889
vn -0.0826 0.9176 -0.3889
vn -0.1790 -0.5085 -0.8422
vn -0.1790 -0.5086 -0.8422
vn -0.1996 0.2787 -0.9394
vn -0.0261 -0.9877 -0.1543
vn -0.0945 0.8908 -0.4445
vn -0.1720 -0.5616 -0.8093
vn -0.2029 0.2179 -0.9547
vn -0.0196 -0.9956 -0.0921
vn -0.0157 -0.9956 -0.0928
vn -0.1059 0.8604 -0.4984
vn -0.1643 -0.6124 -0.7733
vn -0.2053 0.1562 -0.9661
vn -0.0052 -0.9995 -0.0310
vn -0.1169 0.8267 -0.5503
vn -0.1560 -0.6608 -0.7341
vn -0.1203 -0.2787 -0.9528
vn -0.1079 0.5085 -0.8542
vn -0.0498 -0.9176 -0.3945
vn -0.0274 0.9759 -0.2167
vn -0.1179 -0.3383 -0.9336
vn -0.1117 0.4535 -0.8842
vn -0.0425 -0.9407 -0.3365
vn -0.0350 0.9602 -0.2771
vn -0.1150 -0.3967 -0.9107
vn -0.1150 0.3967 -0.9107
vn -0.0350 -0.9602 -0.2771
vn -0.0425 0.9407 -0.3365
vn -0.1117 -0.4535 -0.8842
vn -0.1179 0.3383 -0.9336
vn -0.0274 -0.9759 -0.2167
vn -0.0498 0.9176 -0.3945
vn -0.1079 -0.5085 -0.8542
vn -0.1079 -0.5085 -0.8543
vn -0.1203 0.2787 -0.9528
vn -0.0196 -0.9877 -0.1553
vn -0.0569 0.8908 -0.4509
vn -0.1037 -0.5616 -0.8209
vn -0.1223 0.2179 -0.9683
vn -0.0079 -0.9956 -0.0938
vn -0.0638 0.8604 -0.5055
vn -0.0639 0.8605 -0.5055
vn -0.0991 -0.6124 -0.7843
vn -0.1238 0.1562 -0.9799
vn -0.0026 -0.9995 -0.0313
vn -0.0705 0.8267 -0.5582
vn -0.0941 -0.6608 -0.7446
vn -0.0940 -0.6608 -0.7446
vn -0.1248 0.0940 -0.9877
vn -0.1247 0.0940 -0.9877
vn -0.0769 0.7898 -0.6086
vn -0.0887 -0.7066 -0.7020
vn -0.1252 0.0314 -0.9916
vn -0.0829 0.7497 -0.6566
vn -0.0829 -0.7497 -0.6566
vn -0.1252 -0.0314 -0.9916
vn -0.0887 0.7066 -0.7020
vn -0.0769 -0.7898 -0.6086
vn -0.1248 -0.0940 -0.9877
vn -0.1247 -0.0940 -0.9877
vn -0.0941 0.6608 -0.7446
vn -0.0940 0.6608 -0.7446
vn -0.0705 -0.8267 -0.5582
vn -0.0039 0.9995 -0.0312
vn -0.0026 0.9995 -0.0313
vn -0.1238 -0.1562 -0.9799
vn -0.0991 0.6124 -0.7843
vn -0.0638 -0.8604 -0.5055
vn -0.0118 0.9956 -0.0933
vn -0.1223 -0.2179 -0.9683
vn -0.1037 0.5616 -0.8209
vn -0.0569 -0.8908 -0.4509
vn -0.0131 0.9877 -0.1560
vn -0.0414 0.1562 -0.9869
vn -0.0235 0.8267 -0.5621
vn -0.0314 -0.6608 -0.7499
vn -0.0417 0.0940 -0.9947
vn -0.0257 0.7898 -0.6129
vn -0.0296 -0.7066 -0.7070
vn -0.0418 0.0314 -0.9986
vn -0.0277 0.7497 -0.6612
vn -0.0277 -0.7497 -0.6612
vn -0.0418 -0.0314 -0.9986
vn -0.0296 0.7066 -0.7070
vn -0.0257 -0.7898 -0.6129
vn -0.0417 -0.0940 -0.9947
vn -0.0314 0.6608 -0.7499
vn -0.0235 -0.8267 -0.5621
vn -0.0236 -0.8267 -0.5621
vn -0.0414 -0.1562 -0.9869
vn -0.0331 0.6124 -0.7899
vn -0.0213 -0.8604 -0.5091
vn -0.0040 0.9956 -0.0941
vn -0.0409 -0.2179 -0.9751
vn -0.0346 0.5616 -0.8267
vn -0.0190 -0.8908 -0.4541
vn -0.0402 -0.2787 -0.9595
vn -0.0361 0.5085 -0.8603
vn -0.0166 -0.9176 -0.3972
vn -0.0091 0.9759 -0.2182
vn -0.0394 -0.3383 -0.9402
vn -0.0394 -0.3384 -0.9402
vn -0.0373 0.4535 -0.8905
vn -0.0142 -0.9407 -0.3388
vn -0.0117 0.9602 -0.2791
vn -0.0384 -0.3967 -0.9171
vn -0.0384 0.3967 -0.9171
vn -0.0117 -0.9602 -0.2791
vn -0.0142 0.9407 -0.3388
vn -0.0142 0.9407 -0.3389
vn -0.0373 -0.4535 -0.8905
vn -0.0394 0.3383 -0.9402
vn -0.0091 -0.9759 -0.2182
vn -0.0166 0.9176 -0.3972
vn -0.0361 -0.5085 -0.8603
vn -0.0360 -0.5085 -0.8603
vn -0.0402 0.2787 -0.9595
vn -0.0066 -0.9877 -0.1564
vn -0.0190 0.8908 -0.4541
vn -0.0346 -0.5616 -0.8267
vn -0.0409 0.2179 -0.9751
vn -0.0213 0.8604 -0.5091
vn -0.0331 -0.6124 -0.7899
vn 0.0394 -0.3384 -0.9402
vn 0.0142 0.9407 -0.3389
vn 0.0402 0.2787 -0.9596
vn -0.0000 -0.9956 -0.0942
vn 0.0236 0.8267 -0.5621
vn 0.0360 0.5085 -0.8603
vn 0.1247 0.0940 -0.9877
vn 0.1203 0.2786 -0.9528
vn 0.2575 -0.4535 -0.8532
vn 0.3379 -0.3967 -0.8535
vn 0.1673 0.8908 -0.4226
vn 0.1768 0.9176 -0.3561
vn 0.4391 0.1562 -0.8847
vn 0.3336 -0.6608 -0.6723
vn 0.2501 -0.8268 -0.5039
vn 0.5116 -0.1562 -0.8449
vn 0.4094 0.6124 -0.6762
vn 0.4286 0.5616 -0.7078
vn 0.5805 0.1562 -0.7991
vn 0.4008 0.7898 -0.4644
vn 0.5625 0.5086 -0.6519
vn 0.5823 0.4536 -0.6747
vn 0.5997 -0.3968 -0.6949
vn 0.0700 -0.9956 -0.0630
vn 0.4728 0.7497 -0.4630
vn 0.5782 0.6609 -0.4785
vn 0.6090 0.6125 -0.5040
vn 0.7726 -0.3384 -0.5371
vn 0.7537 0.3968 -0.5240
vn 0.5312 0.7898 -0.3067
vn 0.8655 0.0314 -0.4998
vn 0.8830 0.2179 -0.4156
vn 0.5090 0.8268 -0.2395
vn 0.6401 0.7067 -0.3013
vn 0.0931 -0.9956 -0.0138
vn 0.6025 -0.7898 -0.1149
vn 0.7861 0.6125 -0.0826
vn 0.7862 -0.6125 -0.0827
vn 0.6132 0.7898 -0.0129
vn 0.7889 -0.6125 0.0497
vn 0.0936 -0.9956 0.0099
vn 0.7424 0.6609 0.1096
vn 0.6442 0.7498 0.1511
vn 0.9350 -0.2787 0.2193
vn 0.9282 -0.2179 0.3017
vn 0.6293 0.7498 0.2045
vn 0.7627 0.5616 0.3207
vn 0.3665 -0.9176 0.1541
vn 0.8215 0.4536 0.3454
vn 0.6651 -0.6609 0.3478
vn 0.8857 -0.0314 0.4632
vn 0.6270 0.7067 0.3278
vn 0.8439 0.0314 0.5357
vn 0.6985 0.5617 0.4434
vn 0.6296 0.6124 0.4780
vn 0.5978 -0.6609 0.4538
vn 0.5874 0.6125 0.5290
vn 0.4529 -0.7497 0.4824
vn 0.6761 -0.1563 0.7201
vn 0.6134 0.1563 0.7741
vn 0.3810 -0.7898 0.4807
vn 0.4661 0.6608 0.5882
vn 0.4153 0.6609 0.6252
vn 0.2955 -0.7898 0.5376
vn 0.2877 0.7067 0.6464
vn 0.3827 0.3384 0.8597
vn 0.3905 0.2787 0.8774
vn 0.2072 0.8604 0.4655
vn 0.2327 -0.7066 0.6682
vn 0.2831 0.5086 0.8132
vn 0.2388 0.2786 0.9302
vn 0.1646 -0.7497 0.6410
vn 0.1436 -0.5086 0.8490
vn 0.1379 -0.5616 0.8158
vn 0.1666 0.0314 0.9855
vn 0.1601 -0.2786 0.9469
vn 0.0566 -0.9407 0.3344
vn -0.0065 0.9877 0.1564
vn -0.0000 0.5086 0.8610
vn -0.0817 -0.2179 0.9726
vn -0.0720 0.5085 0.8580
vn -0.1530 -0.3967 0.9051
vn -0.1666 0.0314 0.9855
vn -0.2141 0.5085 0.8340
vn -0.0989 -0.9176 0.3851
vn -0.2931 0.4535 0.8417
vn -0.3273 0.0940 0.9402
vn -0.2327 -0.7066 0.6682
vn -0.2495 -0.7898 0.5604
vn -0.4533 -0.3383 0.8247
vn -0.1634 0.9407 0.2972
vn -0.2955 -0.7898 0.5376
vn -0.2710 -0.8267 0.4930
vn -0.5465 0.1562 0.8227
vn -0.2200 0.9176 0.3311
vn -0.3810 -0.7898 0.4807
vn -0.6573 0.2787 0.7002
vn -0.4530 -0.7497 0.4825
vn -0.6761 -0.1562 0.7201
vn -0.6100 0.4536 0.6497
vn -0.6283 -0.3967 0.6692
vn -0.5874 -0.6125 0.5290
vn -0.7339 0.1562 0.6610
vn -0.5258 -0.7067 0.4735
vn -0.6296 -0.6124 0.4780
vn -0.5271 0.7497 0.4002
vn -0.7311 0.3968 0.5550
vn -0.7332 0.5617 0.3834
vn -0.2574 0.9602 0.1083
vn -0.9178 -0.0940 0.3859
vn -0.7627 0.5616 0.3207
vn -0.6293 -0.7498 0.2045
vn -0.9282 -0.2179 0.3017
vn -0.4321 0.8908 0.1405
vn -0.8677 0.4536 0.2036
vn -0.8936 0.3968 0.2096
vn -0.8382 -0.5086 0.1966
vn -0.6442 -0.7498 0.1511
vn -0.7696 0.6125 0.1806
vn -0.7424 -0.6609 0.1096
vn -0.6546 -0.7498 0.0967
vn -0.7889 -0.6125 0.0497
vn -0.7861 -0.6125 -0.0827
vn -0.7486 0.5616 -0.3523
vn -0.9043 -0.0314 -0.4257
vn -0.7165 0.5617 -0.4138
vn -0.3442 -0.9176 -0.1988
vn -0.7537 0.3968 -0.5239
vn -0.7727 0.3384 -0.5371
vn -0.5451 -0.7067 -0.4510
vn -0.5782 0.6609 -0.4784
vn -0.6090 0.6125 -0.5040
vn -0.7399 -0.2787 -0.6123
vn -0.4727 0.7497 -0.4631
vn -0.7056 -0.1562 -0.6911
vn -0.1825 -0.9602 -0.2115
vn -0.5823 -0.4535 -0.6747
vn -0.6453 0.1562 -0.7478
vn -0.4323 -0.7497 -0.5010
vn -0.4411 0.6609 -0.6072
vn -0.5805 -0.1562 -0.7991
vn -0.3665 0.7067 -0.6053
vn -0.2914 -0.8267 -0.4812
vn -0.2639 0.8605 -0.4359
vn -0.5116 0.1562 -0.8449
vn -0.1768 0.9176 -0.3561
vn -0.3146 0.7067 -0.6338
vn -0.2727 -0.7898 -0.5495
vn -0.2501 -0.8268 -0.5039
vn -0.3463 -0.3383 -0.8750
vn -0.3169 -0.5085 -0.8006
vn -0.1673 0.8908 -0.4226
vn -0.2762 -0.6608 -0.6978
vn -0.2576 0.4535 -0.8532
vn -0.2719 0.3384 -0.9009
vn -0.2488 -0.5086 -0.8243
vn -0.1472 -0.8605 -0.4878
vn -0.2488 0.5086 -0.8243
vn -0.2070 -0.0940 -0.9738
vn -0.1956 -0.3384 -0.9205
vn -0.1079 0.5085 -0.8543
vn -0.0639 -0.8605 -0.5055
vn -0.0236 0.8267 -0.5621
vn -0.0360 0.5085 -0.8603
vn -0.0394 0.3384 -0.9402
vt 0.746667 0.380000
vt 0.733333 0.400000
vt 0.733333 0.380000
vt 0.746667 0.660000
vt 0.733333 0.640000
vt 0.746667 0.640000
vt 0.746667 0.100000
vt 0.733333 0.120000
vt 0.733333 0.100000
vt 0.746667 0.920000
vt 0.733333 0.900000
vt 0.746667 0.900000
vt 0.746667 0.360000
vt 0.733333 0.360000
vt 0.733333 0.620000
vt 0.746667 0.620000
vt 0.746667 0.080000
vt 0.733333 0.080000
vt 0.733333 0.880000
vt 0.746667 0.880000
vt 0.746667 0.340000
vt 0.733333 0.340000
vt 0.733333 0.600000
vt 0.746667 0.600000
vt 0.746667 0.060000
vt 0.733333 0.060000
vt 0.733333 0.860000
vt 0.746667 0.860000
vt 0.746667 0.320000
vt 0.733333 0.320000
vt 0.733333 0.580000
vt 0.746667 0.580000
vt 0.746667 0.040000
vt 0.733333 0.040000
vt 0.733333 0.840000
vt 0.746667 0.840000
vt 0.746667 0.300000
vt 0.733333 0.300000
vt 0.746667 0.560000
vt 0.733333 0.560000
vt 0.746667 0.020000
vt 0.733333 0.020000
vt 0.733333 0.820000
vt 0.746667 0.820000
vt 0.746667 0.280000
vt 0.733333 0.280000
vt 0.733333 0.540000
vt 0.746667 0.540000
vt 0.740000 0.000000
vt 0.733333 0.800000
vt 0.746667 0.800000
vt 0.746667 0.260000
vt 0.733333 0.260000
vt 0.746667 0.520000
vt 0.733333 0.520000
vt 0.733333 0.780000
vt 0.746667 0.780000
vt 0.746667 0.240000
vt 0.733333 0.240000
vt 0.746667 0.500000
vt 0.733333 0.500000
vt 0.733333 0.760000
vt 0.746667 0.760000
vt 0.746667 0.220000
vt 0.733333 0.220000
vt 0.733333 0.480000
vt 0.746667 0.480000
vt 0.733333 0.740000
vt 0.746667 0.740000
vt 0.746667 0.200000
vt 0.733333 0.200000
vt 0.733333 0.460000
vt 0.746667 0.460000
vt 0.733333 0.720000
vt 0.746667 0.720000
vt 0.746667 0.180000
vt 0.733333 0.180000
vt 0.746667 0.980000
vt 0.740000 1.000000
vt 0.733333 0.980000
vt 0.746667 0.440000
vt 0.733333 0.440000
vt 0.733333 0.700000
vt 0.746667 0.700000
vt 0.746667 0.160000
vt 0.733333 0.160000
vt 0.733333 0.960000
vt 0.746667 0.960000
vt 0.733333 0.420000
vt 0.746667 0.420000
vt 0.733333 0.680000
vt 0.746667 0.680000
vt 0.746667 0.140000
vt 0.733333 0.140000
vt 0.733333 0.940000
vt 0.746667 0.940000
vt 0.746667 0.400000
vt 0.733333 0.660000
vt 0.746667 0.120000
vt 0.733333 0.920000
vt 0.720000 0.060000
vt 0.720000 0.040000
vt 0.720000 0.840000
vt 0.720000 0.320000
vt 0.720000 0.300000
vt 0.720000 0.560000
vt 0.720000 0.020000
vt 0.720000 0.820000
vt 0.720000 0.280000
vt 0.720000 0.540000
vt 0.726667 0.000000
vt 0.720000 0.800000
vt 0.720000 0.260000
vt 0.720000 0.520000
vt 0.720000 0.780000
vt 0.720000 0.240000
vt 0.720000 0.500000
vt 0.720000 0.760000
vt 0.720000 0.220000
vt 0.720000 0.480000
vt 0.720000 0.740000
vt 0.720000 0.200000
vt 0.720000 0.460000
vt 0.720000 0.720000
vt 0.720000 0.180000
vt 0.726667 1.000000
vt 0.720000 0.980000
vt 0.720000 0.440000
vt 0.720000 0.700000
vt 0.720000 0.160000
vt 0.720000 0.960000
vt 0.720000 0.420000
vt 0.720000 0.680000
vt 0.720000 0.140000
vt 0.720000 0.940000
vt 0.720000 0.400000
vt 0.720000 0.660000
vt 0.720000 0.120000
vt 0.720000 0.920000
vt 0.720000 0.380000
vt 0.720000 0.640000
vt 0.720000 0.100000
vt 0.720000 0.900000
vt 0.720000 0.360000
vt 0.720000 0.620000
vt 0.720000 0.080000
vt 0.720000 0.880000
vt 0.720000 0.340000
vt 0.720000 0.600000
vt 0.720000 0.860000
vt 0.720000 0.580000
vt 0.706667 0.740000
vt 0.706667 0.720000
vt 0.706667 0.200000
vt 0.706667 0.180000
vt 0.713333 1.000000
vt 0.706667 0.980000
vt 0.706667 0.460000
vt 0.706667 0.440000
vt 0.706667 0.700000
vt 0.706667 0.160000
vt 0.706667 0.960000
vt 0.706667 0.420000
vt 0.706667 0.680000
vt 0.706667 0.140000
vt 0.706667 0.940000
vt 0.706667 0.400000
vt 0.706667 0.660000
vt 0.706667 0.120000
vt 0.706667 0.920000
vt 0.706667 0.380000
vt 0.706667 0.640000
vt 0.706667 0.100000
vt 0.706667 0.900000
vt 0.706667 0.360000
vt 0.706667 0.620000
vt 0.706667 0.080000
vt 0.706667 0.880000
vt 0.706667 0.340000
vt 0.706667 0.600000
vt 0.706667 0.060000
vt 0.706667 0.860000
vt 0.706667 0.320000
vt 0.706667 0.580000
vt 0.706667 0.040000
vt 0.706667 0.840000
vt 0.706667 0.300000
vt 0.706667 0.560000
vt 0.706667 0.020000
vt 0.706667 0.820000
vt 0.706667 0.280000
vt 0.706667 0.540000
vt 0.713333 0.000000
vt 0.706667 0.800000
vt 0.706667 0.260000
vt 0.706667 0.520000
vt 0.706667 0.780000
vt 0.706667 0.240000
vt 0.706667 0.500000
vt 0.706667 0.760000
vt 0.706667 0.220000
vt 0.706667 0.480000
vt 0.693333 0.060000
vt 0.693333 0.860000
vt 0.693333 0.340000
vt 0.693333 0.320000
vt 0.693333 0.580000
vt 0.693333 0.040000
vt 0.693333 0.840000
vt 0.693333 0.300000
vt 0.693333 0.560000
vt 0.693333 0.020000
vt 0.693333 0.820000
vt 0.693333 0.280000
vt 0.693333 0.540000
vt 0.700000 0.000000
vt 0.693333 0.800000
vt 0.693333 0.260000
vt 0.693333 0.520000
vt 0.693333 0.780000
vt 0.693333 0.240000
vt 0.693333 0.500000
vt 0.693333 0.760000
vt 0.693333 0.220000
vt 0.693333 0.480000
vt 0.693333 0.740000
vt 0.693333 0.200000
vt 0.693333 0.460000
vt 0.693333 0.720000
vt 0.693333 0.180000
vt 0.700000 1.000000
vt 0.693333 0.980000
vt 0.693333 0.440000
vt 0.693333 0.700000
vt 0.693333 0.160000
vt 0.693333 0.960000
vt 0.693333 0.420000
vt 0.693333 0.680000
vt 0.693333 0.140000
vt 0.693333 0.940000
vt 0.693333 0.400000
vt 0.693333 0.660000
vt 0.693333 0.120000
vt 0.693333 0.920000
vt 0.693333 0.380000
vt 0.693333 0.640000
vt 0.693333 0.100000
vt 0.693333 0.900000
vt 0.693333 0.360000
vt 0.693333 0.620000
vt 0.693333 0.080000
vt 0.693333 0.880000
vt 0.693333 0.600000
vt 0.680000 0.760000
vt 0.680000 0.740000
vt 0.680000 0.200000
vt 0.680000 0.460000
vt 0.680000 0.720000
vt 0.680000 0.180000
vt 0.686667 1.000000
vt 0.680000 0.980000
vt 0.680000 0.440000
vt 0.680000 0.700000
vt 0.680000 0.160000
vt 0.680000 0.960000
vt 0.680000 0.420000
vt 0.680000 0.680000
vt 0.680000 0.140000
vt 0.680000 0.940000
vt 0.680000 0.400000
vt 0.680000 0.660000
vt 0.680000 0.120000
vt 0.680000 0.920000
vt 0.680000 0.380000
vt 0.680000 0.640000
vt 0.680000 0.100000
vt 0.680000 0.900000
vt 0.680000 0.360000
vt 0.680000 0.620000
vt 0.680000 0.080000
vt 0.680000 0.880000
vt 0.680000 0.340000
vt 0.680000 0.600000
vt 0.680000 0.060000
vt 0.680000 0.860000
vt 0.680000 0.320000
vt 0.680000 0.580000
vt 0.680000 0.040000
vt 0.680000 0.840000
vt 0.680000 0.300000
vt 0.680000 0.560000
vt 0.680000 0.020000
vt 0.680000 0.820000
vt 0.680000 0.280000
vt 0.680000 0.540000
vt 0.686667 0.000000
vt 0.680000 0.800000
vt 0.680000 0.260000
vt 0.680000 0.520000
vt 0.680000 0.780000
vt 0.680000 0.240000
vt 0.680000 0.500000
vt 0.680000 0.220000
vt 0.680000 0.480000
vt 0.666667 0.080000
vt 0.666667 0.880000
vt 0.666667 0.360000
vt 0.666667 0.340000
vt 0.666667 0.600000
vt 0.666667 0.060000
vt 0.666667 0.860000
vt 0.666667 0.320000
vt 0.666667 0.580000
vt 0.666667 0.040000
vt 0.666667 0.840000
vt 0.666667 0.300000
vt 0.666667 0.560000
vt 0.666667 0.020000
vt 0.666667 0.820000
vt 0.666667 0.280000
vt 0.666667 0.540000
vt 0.673333 0.000000
vt 0.666667 0.800000
vt 0.666667 0.260000
vt 0.666667 0.520000
vt 0.666667 0.780000
vt 0.666667 0.240000
vt 0.666667 0.500000
vt 0.666667 0.760000
vt 0.666667 0.220000
vt 0.666667 0.480000
vt 0.666667 0.740000
vt 0.666667 0.200000
vt 0.666667 0.460000
vt 0.666667 0.720000
vt 0.666667 0.180000
vt 0.673333 1.000000
vt 0.666667 0.980000
vt 0.666667 0.440000
vt 0.666667 0.700000
vt 0.666667 0.160000
vt 0.666667 0.960000
vt 0.666667 0.420000
vt 0.666667 0.680000
vt 0.666667 0.140000
vt 0.666667 0.940000
vt 0.666667 0.400000
vt 0.666667 0.660000
vt 0.666667 0.120000
vt 0.666667 0.920000
vt 0.666667 0.380000
vt 0.666667 0.640000
vt 0.666667 0.100000
vt 0.666667 0.900000
vt 0.666667 0.620000
vt 0.653333 0.760000
vt 0.653333 0.240000
vt 0.653333 0.220000
vt 0.653333 0.500000
vt 0.653333 0.480000
vt 0.653333 0.740000
vt 0.653333 0.200000
vt 0.653333 0.460000
vt 0.653333 0.720000
vt 0.653333 0.180000
vt 0.660000 1.000000
vt 0.653333 0.980000
vt 0.653333 0.440000
vt 0.653333 0.700000
vt 0.653333 0.160000
vt 0.653333 0.960000
vt 0.653333 0.420000
vt 0.653333 0.680000
vt 0.653333 0.140000
vt 0.653333 0.940000
vt 0.653333 0.400000
vt 0.653333 0.660000
vt 0.653333 0.120000
vt 0.653333 0.920000
vt 0.653333 0.380000
vt 0.653333 0.640000
vt 0.653333 0.100000
vt 0.653333 0.900000
vt 0.653333 0.360000
vt 0.653333 0.620000
vt 0.653333 0.080000
vt 0.653333 0.880000
vt 0.653333 0.340000
vt 0.653333 0.600000
vt 0.653333 0.060000
vt 0.653333 0.860000
vt 0.653333 0.320000
vt 0.653333 0.580000
vt 0.653333 0.040000
vt 0.653333 0.840000
vt 0.653333 0.300000
vt 0.653333 0.560000
vt 0.653333 0.020000
vt 0.653333 0.820000
vt 0.653333 0.280000
vt 0.653333 0.540000
vt 0.660000 0.000000
vt 0.653333 0.800000
vt 0.653333 0.260000
vt 0.653333 0.520000
vt 0.653333 0.780000
vt 0.640000 0.100000
vt 0.640000 0.920000
vt 0.640000 0.900000
vt 0.640000 0.380000
vt 0.640000 0.360000
vt 0.640000 0.620000
vt 0.640000 0.080000
vt 0.640000 0.880000
vt 0.640000 0.340000
vt 0.640000 0.600000
vt 0.640000 0.060000
vt 0.640000 0.860000
vt 0.640000 0.320000
vt 0.640000 0.580000
vt 0.640000 0.040000
vt 0.640000 0.840000
vt 0.640000 0.300000
vt 0.640000 0.560000
vt 0.640000 0.020000
vt 0.640000 0.820000
vt 0.640000 0.280000
vt 0.640000 0.540000
vt 0.646667 0.000000
vt 0.640000 0.800000
vt 0.640000 0.260000
vt 0.640000 0.520000
vt 0.640000 0.780000
vt 0.640000 0.240000
vt 0.640000 0.500000
vt 0.640000 0.760000
vt 0.640000 0.220000
vt 0.640000 0.480000
vt 0.640000 0.740000
vt 0.640000 0.200000
vt 0.640000 0.460000
vt 0.640000 0.720000
vt 0.640000 0.180000
vt 0.646667 1.000000
vt 0.640000 0.980000
vt 0.640000 0.440000
vt 0.640000 0.700000
vt 0.640000 0.160000
vt 0.640000 0.960000
vt 0.640000 0.420000
vt 0.640000 0.680000
vt 0.640000 0.140000
vt 0.640000 0.940000
vt 0.640000 0.400000
vt 0.640000 0.660000
vt 0.640000 0.120000
vt 0.640000 0.640000
vt 0.626667 0.800000
vt 0.626667 0.780000
vt 0.626667 0.240000
vt 0.626667 0.500000
vt 0.626667 0.760000
vt 0.626667 0.220000
vt 0.626667 0.480000
vt 0.626667 0.740000
vt 0.626667 0.200000
vt 0.626667 0.460000
vt 0.626667 0.720000
vt 0.626667 0.180000
vt 0.633333 1.000000
vt 0.626667 0.980000
vt 0.626667 0.440000
vt 0.626667 0.700000
vt 0.626667 0.160000
vt 0.626667 0.960000
vt 0.626667 0.420000
vt 0.626667 0.680000
vt 0.626667 0.140000
vt 0.626667 0.940000
vt 0.626667 0.400000
vt 0.626667 0.660000
vt 0.626667 0.120000
vt 0.626667 0.920000
vt 0.626667 0.380000
vt 0.626667 0.640000
vt 0.626667 0.100000
vt 0.626667 0.900000
vt 0.626667 0.360000
vt 0.626667 0.620000
vt 0.626667 0.080000
vt 0.626667 0.880000
vt 0.626667 0.340000
vt 0.626667 0.600000
vt 0.626667 0.060000
vt 0.626667 0.860000
vt 0.626667 0.320000
vt 0.626667 0.580000
vt 0.626667 0.040000
vt 0.626667 0.840000
vt 0.626667 0.300000
vt 0.626667 0.560000
vt 0.626667 0.020000
vt 0.626667 0.820000
vt 0.626667 0.280000
vt 0.626667 0.540000
vt 0.633333 0.000000
vt 0.626667 0.260000
vt 0.626667 0.520000
vt 0.613333 0.140000
vt 0.613333 0.120000
vt 0.613333 0.920000
vt 0.613333 0.380000
vt 0.613333 0.640000
vt 0.613333 0.100000
vt 0.613333 0.900000
vt 0.613333 0.360000
vt 0.613333 0.620000
vt 0.613333 0.080000
vt 0.613333 0.880000
vt 0.613333 0.340000
vt 0.613333 0.600000
vt 0.613333 0.060000
vt 0.613333 0.860000
vt 0.613333 0.320000
vt 0.613333 0.580000
vt 0.613333 0.040000
vt 0.613333 0.840000
vt 0.613333 0.300000
vt 0.613333 0.560000
vt 0.613333 0.020000
vt 0.613333 0.820000
vt 0.613333 0.280000
vt 0.613333 0.540000
vt 0.620000 0.000000
vt 0.613333 0.800000
vt 0.613333 0.260000
vt 0.613333 0.520000
vt 0.613333 0.780000
vt 0.613333 0.240000
vt 0.613333 0.500000
vt 0.613333 0.760000
vt 0.613333 0.220000
vt 0.613333 0.480000
vt 0.613333 0.740000
vt 0.613333 0.200000
vt 0.613333 0.460000
vt 0.613333 0.720000
vt 0.613333 0.180000
vt 0.620000 1.000000
vt 0.613333 0.980000
vt 0.613333 0.440000
vt 0.613333 0.700000
vt 0.613333 0.160000
vt 0.613333 0.960000
vt 0.613333 0.420000
vt 0.613333 0.680000
vt 0.613333 0.940000
vt 0.613333 0.400000
vt 0.613333 0.660000
vt 0.600000 0.800000
vt 0.600000 0.280000
vt 0.600000 0.260000
vt 0.600000 0.540000
vt 0.600000 0.520000
vt 0.600000 0.780000
vt 0.600000 0.240000
vt 0.600000 0.500000
vt 0.600000 0.760000
vt 0.600000 0.220000
vt 0.600000 0.480000
vt 0.600000 0.740000
vt 0.600000 0.200000
vt 0.600000 0.460000
vt 0.600000 0.720000
vt 0.600000 0.180000
vt 0.606667 1.000000
vt 0.600000 0.980000
vt 0.600000 0.440000
vt 0.600000 0.700000
vt 0.600000 0.160000
vt 0.600000 0.960000
vt 0.600000 0.420000
vt 0.600000 0.680000
vt 0.600000 0.140000
vt 0.600000 0.940000
vt 0.600000 0.400000
vt 0.600000 0.660000
vt 0.600000 0.120000
vt 0.600000 0.920000
vt 0.600000 0.380000
vt 0.600000 0.640000
vt 0.600000 0.100000
vt 0.600000 0.900000
vt 0.600000 0.360000
vt 0.600000 0.620000
vt 0.600000 0.080000
vt 0.600000 0.880000
vt 0.600000 0.340000
vt 0.600000 0.600000
vt 0.600000 0.060000
vt 0.600000 0.860000
vt 0.600000 0.320000
vt 0.600000 0.580000
vt 0.600000 0.040000
vt 0.600000 0.840000
vt 0.600000 0.300000
vt 0.600000 0.560000
vt 0.600000 0.020000
vt 0.600000 0.820000
vt 0.606667 0.000000
vt 0.586667 0.140000
vt 0.586667 0.940000
vt 0.586667 0.400000
vt 0.586667 0.660000
vt 0.586667 0.120000
vt 0.586667 0.920000
vt 0.586667 0.380000
vt 0.586667 0.640000
vt 0.586667 0.100000
vt 0.586667 0.900000
vt 0.586667 0.360000
vt 0.586667 0.620000
vt 0.586667 0.080000
vt 0.586667 0.880000
vt 0.586667 0.340000
vt 0.586667 0.600000
vt 0.586667 0.060000
vt 0.586667 0.860000
vt 0.586667 0.320000
vt 0.586667 0.580000
vt 0.586667 0.040000
vt 0.586667 0.840000
vt 0.586667 0.300000
vt 0.586667 0.560000
vt 0.586667 0.020000
vt 0.586667 0.820000
vt 0.586667 0.280000
vt 0.586667 0.540000
vt 0.593333 0.000000
vt 0.586667 0.800000
vt 0.586667 0.260000
vt 0.586667 0.520000
vt 0.586667 0.780000
vt 0.586667 0.240000
vt 0.586667 0.500000
vt 0.586667 0.760000
vt 0.586667 0.220000
vt 0.586667 0.480000
vt 0.586667 0.740000
vt 0.586667 0.200000
vt 0.586667 0.460000
vt 0.586667 0.720000
vt 0.586667 0.180000
vt 0.593333 1.000000
vt 0.586667 0.980000
vt 0.586667 0.440000
vt 0.586667 0.700000
vt 0.586667 0.160000
vt 0.586667 0.960000
vt 0.586667 0.420000
vt 0.586667 0.680000
vt 0.573333 0.840000
vt 0.573333 0.820000
vt 0.573333 0.280000
vt 0.573333 0.540000
vt 0.580000 0.000000
vt 0.573333 0.020000
vt 0.573333 0.800000
vt 0.573333 0.260000
vt 0.573333 0.520000
vt 0.573333 0.780000
vt 0.573333 0.240000
vt 0.573333 0.500000
vt 0.573333 0.760000
vt 0.573333 0.220000
vt 0.573333 0.480000
vt 0.573333 0.740000
vt 0.573333 0.200000
vt 0.573333 0.460000
vt 0.573333 0.720000
vt 0.573333 0.180000
vt 0.580000 1.000000
vt 0.573333 0.980000
vt 0.573333 0.440000
vt 0.573333 0.700000
vt 0.573333 0.160000
vt 0.573333 0.960000
vt 0.573333 0.420000
vt 0.573333 0.680000
vt 0.573333 0.140000
vt 0.573333 0.940000
vt 0.573333 0.400000
vt 0.573333 0.660000
vt 0.573333 0.120000
vt 0.573333 0.920000
vt 0.573333 0.380000
vt 0.573333 0.640000
vt 0.573333 0.100000
vt 0.573333 0.900000
vt 0.573333 0.360000
vt 0.573333 0.620000
vt 0.573333 0.080000
vt 0.573333 0.880000
vt 0.573333 0.340000
vt 0.573333 0.600000
vt 0.573333 0.060000
vt 0.573333 0.860000
vt 0.573333 0.320000
vt 0.573333 0.580000
vt 0.573333 0.040000
vt 0.573333 0.300000
vt 0.573333 0.560000
vt 0.560000 0.160000
vt 0.560000 0.980000
vt 0.560000 0.960000
vt 0.560000 0.420000
vt 0.560000 0.700000
vt 0.560000 0.680000
vt 0.560000 0.140000
vt 0.560000 0.940000
vt 0.560000 0.400000
vt 0.560000 0.660000
vt 0.560000 0.120000
vt 0.560000 0.920000
vt 0.560000 0.380000
vt 0.560000 0.640000
vt 0.560000 0.100000
vt 0.560000 0.900000
vt 0.560000 0.360000
vt 0.560000 0.620000
vt 0.560000 0.080000
vt 0.560000 0.880000
vt 0.560000 0.340000
vt 0.560000 0.600000
vt 0.560000 0.060000
vt 0.560000 0.860000
vt 0.560000 0.320000
vt 0.560000 0.580000
vt 0.560000 0.040000
vt 0.560000 0.840000
vt 0.560000 0.300000
vt 0.560000 0.560000
vt 0.560000 0.020000
vt 0.560000 0.820000
vt 0.560000 0.280000
vt 0.560000 0.540000
vt 0.566667 0.000000
vt 0.560000 0.800000
vt 0.560000 0.260000
vt 0.560000 0.520000
vt 0.560000 0.780000
vt 0.560000 0.240000
vt 0.560000 0.500000
vt 0.560000 0.760000
vt 0.560000 0.220000
vt 0.560000 0.480000
vt 0.560000 0.740000
vt 0.560000 0.200000
vt 0.560000 0.460000
vt 0.560000 0.720000
vt 0.560000 0.180000
vt 0.566667 1.000000
vt 0.560000 0.440000
vt 0.546667 0.860000
vt 0.546667 0.840000
vt 0.546667 0.300000
vt 0.546667 0.580000
vt 0.546667 0.560000
vt 0.546667 0.020000
vt 0.546667 0.820000
vt 0.546667 0.280000
vt 0.546667 0.540000
vt 0.553333 0.000000
vt 0.546667 0.800000
vt 0.546667 0.260000
vt 0.546667 0.520000
vt 0.546667 0.780000
vt 0.546667 0.240000
vt 0.546667 0.500000
vt 0.546667 0.760000
vt 0.546667 0.220000
vt 0.546667 0.480000
vt 0.546667 0.740000
vt 0.546667 0.200000
vt 0.546667 0.460000
vt 0.546667 0.720000
vt 0.546667 0.180000
vt 0.553333 1.000000
vt 0.546667 0.980000
vt 0.546667 0.440000
vt 0.546667 0.700000
vt 0.546667 0.160000
vt 0.546667 0.960000
vt 0.546667 0.420000
vt 0.546667 0.680000
vt 0.546667 0.140000
vt 0.546667 0.940000
vt 0.546667 0.400000
vt 0.546667 0.660000
vt 0.546667 0.120000
vt 0.546667 0.920000
vt 0.546667 0.380000
vt 0.546667 0.640000
vt 0.546667 0.100000
vt 0.546667 0.900000
vt 0.546667 0.360000
vt 0.546667 0.620000
vt 0.546667 0.080000
vt 0.546667 0.880000
vt 0.546667 0.340000
vt 0.546667 0.600000
vt 0.546667 0.060000
vt 0.546667 0.320000
vt 0.546667 0.040000
vt 0.533333 0.200000
vt 0.533333 0.180000
vt 0.540000 1.000000
vt 0.533333 0.980000
vt 0.533333 0.460000
vt 0.533333 0.440000
vt 0.533333 0.700000
vt 0.533333 0.160000
vt 0.533333 0.960000
vt 0.533333 0.420000
vt 0.533333 0.680000
vt 0.533333 0.140000
vt 0.533333 0.940000
vt 0.533333 0.400000
vt 0.533333 0.660000
vt 0.533333 0.120000
vt 0.533333 0.920000
vt 0.533333 0.380000
vt 0.533333 0.640000
vt 0.533333 0.100000
vt 0.533333 0.900000
vt 0.533333 0.360000
vt 0.533333 0.620000
vt 0.533333 0.080000
vt 0.533333 0.880000
vt 0.533333 0.340000
vt 0.533333 0.600000
vt 0.533333 0.060000
vt 0.533333 0.860000
vt 0.533333 0.320000
vt 0.533333 0.580000
vt 0.533333 0.040000
vt 0.533333 0.840000
vt 0.533333 0.300000
vt 0.533333 0.560000
vt 0.533333 0.020000
vt 0.533333 0.820000
vt 0.533333 0.280000
vt 0.533333 0.540000
vt 0.540000 0.000000
vt 0.533333 0.800000
vt 0.533333 0.260000
vt 0.533333 0.520000
vt 0.533333 0.780000
vt 0.533333 0.240000
vt 0.533333 0.500000
vt 0.533333 0.760000
vt 0.533333 0.220000
vt 0.533333 0.480000
vt 0.533333 0.740000
vt 0.533333 0.720000
vt 0.520000 0.860000
vt 0.520000 0.340000
vt 0.520000 0.320000
vt 0.520000 0.600000
vt 0.520000 0.580000
vt 0.520000 0.040000
vt 0.520000 0.840000
vt 0.520000 0.300000
vt 0.520000 0.560000
vt 0.520000 0.020000
vt 0.520000 0.820000
vt 0.520000 0.280000
vt 0.520000 0.540000
vt 0.526667 0.000000
vt 0.520000 0.800000
vt 0.520000 0.260000
vt 0.520000 0.520000
vt 0.520000 0.780000
vt 0.520000 0.240000
vt 0.520000 0.500000
vt 0.520000 0.760000
vt 0.520000 0.220000
vt 0.520000 0.480000
vt 0.520000 0.740000
vt 0.520000 0.200000
vt 0.520000 0.460000
vt 0.520000 0.720000
vt 0.520000 0.180000
vt 0.526667 1.000000
vt 0.520000 0.980000
vt 0.520000 0.440000
vt 0.520000 0.700000
vt 0.520000 0.160000
vt 0.520000 0.960000
vt 0.520000 0.420000
vt 0.520000 0.680000
vt 0.520000 0.140000
vt 0.520000 0.940000
vt 0.520000 0.400000
vt 0.520000 0.660000
vt 0.520000 0.120000
vt 0.520000 0.920000
vt 0.520000 0.380000
vt 0.520000 0.640000
vt 0.520000 0.100000
vt 0.520000 0.900000
vt 0.520000 0.360000
vt 0.520000 0.620000
vt 0.520000 0.080000
vt 0.520000 0.880000
vt 0.520000 0.060000
vt 0.506667 0.280000
vt 0.506667 0.260000
vt 0.506667 0.540000
vt 0.506667 0.520000
vt 0.506667 0.800000
vt 0.506667 0.780000
vt 0.506667 0.240000
vt 0.506667 0.500000
vt 0.506667 0.760000
vt 0.506667 0.220000
vt 0.506667 0.480000
vt 0.506667 0.740000
vt 0.506667 0.200000
vt 0.506667 0.460000
vt 0.506667 0.720000
vt 0.506667 0.180000
vt 0.513333 1.000000
vt 0.506667 0.980000
vt 0.506667 0.440000
vt 0.506667 0.700000
vt 0.506667 0.160000
vt 0.506667 0.960000
vt 0.506667 0.420000
vt 0.506667 0.680000
vt 0.506667 0.140000
vt 0.506667 0.940000
vt 0.506667 0.400000
vt 0.506667 0.660000
vt 0.506667 0.120000
vt 0.506667 0.920000
vt 0.506667 0.380000
vt 0.506667 0.640000
vt 0.506667 0.100000
vt 0.506667 0.900000
vt 0.506667 0.360000
vt 0.506667 0.620000
vt 0.506667 0.080000
vt 0.506667 0.880000
vt 0.506667 0.340000
vt 0.506667 0.600000
vt 0.506667 0.060000
vt 0.506667 0.860000
vt 0.506667 0.320000
vt 0.506667 0.580000
vt 0.506667 0.040000
vt 0.506667 0.840000
vt 0.506667 0.300000
vt 0.506667 0.560000
vt 0.506667 0.020000
vt 0.506667 0.820000
vt 0.513333 0.000000
vt 0.493333 0.960000
vt 0.493333 0.940000
vt 0.493333 0.400000
vt 0.493333 0.660000
vt 0.493333 0.140000
vt 0.493333 0.120000
vt 0.493333 0.920000
vt 0.493333 0.380000
vt 0.493333 0.640000
vt 0.493333 0.100000
vt 0.493333 0.900000
vt 0.493333 0.360000
vt 0.493333 0.620000
vt 0.493333 0.080000
vt 0.493333 0.880000
vt 0.493333 0.340000
vt 0.493333 0.600000
vt 0.493333 0.060000
vt 0.493333 0.860000
vt 0.493333 0.320000
vt 0.493333 0.580000
vt 0.493333 0.040000
vt 0.493333 0.840000
vt 0.493333 0.300000
vt 0.493333 0.560000
vt 0.493333 0.020000
vt 0.493333 0.820000
vt 0.493333 0.280000
vt 0.493333 0.540000
vt 0.500000 0.000000
vt 0.493333 0.800000
vt 0.493333 0.260000
vt 0.493333 0.520000
vt 0.493333 0.780000
vt 0.493333 0.240000
vt 0.493333 0.500000
vt 0.493333 0.760000
vt 0.493333 0.220000
vt 0.493333 0.480000
vt 0.493333 0.740000
vt 0.493333 0.200000
vt 0.493333 0.460000
vt 0.493333 0.720000
vt 0.493333 0.180000
vt 0.500000 1.000000
vt 0.493333 0.980000
vt 0.493333 0.440000
vt 0.493333 0.700000
vt 0.493333 0.160000
vt 0.493333 0.420000
vt 0.493333 0.680000
vt 0.480000 0.300000
vt 0.480000 0.280000
vt 0.480000 0.540000
vt 0.486667 0.000000
vt 0.480000 0.020000
vt 0.480000 0.800000
vt 0.480000 0.260000
vt 0.480000 0.520000
vt 0.480000 0.780000
vt 0.480000 0.240000
vt 0.480000 0.500000
vt 0.480000 0.760000
vt 0.480000 0.220000
vt 0.480000 0.480000
vt 0.480000 0.740000
vt 0.480000 0.200000
vt 0.480000 0.460000
vt 0.480000 0.720000
vt 0.480000 0.180000
vt 0.486667 1.000000
vt 0.480000 0.980000
vt 0.480000 0.440000
vt 0.480000 0.700000
vt 0.480000 0.160000
vt 0.480000 0.960000
vt 0.480000 0.420000
vt 0.480000 0.680000
vt 0.480000 0.140000
vt 0.480000 0.940000
vt 0.480000 0.400000
vt 0.480000 0.660000
vt 0.480000 0.120000
vt 0.480000 0.920000
vt 0.480000 0.380000
vt 0.480000 0.640000
vt 0.480000 0.100000
vt 0.480000 0.900000
vt 0.480000 0.360000
vt 0.480000 0.620000
vt 0.480000 0.080000
vt 0.480000 0.880000
vt 0.480000 0.340000
vt 0.480000 0.600000
vt 0.480000 0.060000
vt 0.480000 0.860000
vt 0.480000 0.320000
vt 0.480000 0.580000
vt 0.480000 0.040000
vt 0.480000 0.840000
vt 0.480000 0.560000
vt 0.480000 0.820000
vt 0.466667 0.960000
vt 0.466667 0.420000
vt 0.466667 0.700000
vt 0.466667 0.680000
vt 0.466667 0.140000
vt 0.466667 0.940000
vt 0.466667 0.400000
vt 0.466667 0.660000
vt 0.466667 0.120000
vt 0.466667 0.920000
vt 0.466667 0.380000
vt 0.466667 0.640000
vt 0.466667 0.100000
vt 0.466667 0.900000
vt 0.466667 0.360000
vt 0.466667 0.620000
vt 0.466667 0.080000
vt 0.466667 0.880000
vt 0.466667 0.340000
vt 0.466667 0.600000
vt 0.466667 0.060000
vt 0.466667 0.860000
vt 0.466667 0.320000
vt 0.466667 0.580000
vt 0.466667 0.040000
vt 0.466667 0.840000
vt 0.466667 0.300000
vt 0.466667 0.560000
vt 0.466667 0.020000
vt 0.466667 0.820000
vt 0.466667 0.280000
vt 0.466667 0.540000
vt 0.473333 0.000000
vt 0.466667 0.800000
vt 0.466667 0.260000
vt 0.466667 0.520000
vt 0.466667 0.780000
vt 0.466667 0.240000
vt 0.466667 0.500000
vt 0.466667 0.760000
vt 0.466667 0.220000
vt 0.466667 0.480000
vt 0.466667 0.740000
vt 0.466667 0.200000
vt 0.466667 0.460000
vt 0.466667 0.720000
vt 0.466667 0.180000
vt 0.473333 1.000000
vt 0.466667 0.980000
vt 0.466667 0.440000
vt 0.466667 0.160000
vt 0.453333 0.300000
vt 0.453333 0.580000
vt 0.453333 0.560000
vt 0.453333 0.020000
vt 0.453333 0.840000
vt 0.453333 0.820000
vt 0.453333 0.280000
vt 0.453333 0.540000
vt 0.460000 0.000000
vt 0.453333 0.800000
vt 0.453333 0.260000
vt 0.453333 0.520000
vt 0.453333 0.780000
vt 0.453333 0.240000
vt 0.453333 0.500000
vt 0.453333 0.760000
vt 0.453333 0.220000
vt 0.453333 0.480000
vt 0.453333 0.740000
vt 0.453333 0.200000
vt 0.453333 0.460000
vt 0.453333 0.720000
vt 0.453333 0.180000
vt 0.460000 1.000000
vt 0.453333 0.980000
vt 0.453333 0.440000
vt 0.453333 0.700000
vt 0.453333 0.160000
vt 0.453333 0.960000
vt 0.453333 0.420000
vt 0.453333 0.680000
vt 0.453333 0.140000
vt 0.453333 0.940000
vt 0.453333 0.400000
vt 0.453333 0.660000
vt 0.453333 0.120000
vt 0.453333 0.920000
vt 0.453333 0.380000
vt 0.453333 0.640000
vt 0.453333 0.100000
vt 0.453333 0.900000
vt 0.453333 0.360000
vt 0.453333 0.620000
vt 0.453333 0.080000
vt 0.453333 0.880000
vt 0.453333 0.340000
vt 0.453333 0.600000
vt 0.453333 0.060000
vt 0.453333 0.860000
vt 0.453333 0.320000
vt 0.453333 0.040000
vt 0.446667 1.000000
vt 0.440000 0.980000
vt 0.440000 0.460000
vt 0.440000 0.440000
vt 0.440000 0.700000
vt 0.440000 0.160000
vt 0.440000 0.960000
vt 0.440000 0.420000
vt 0.440000 0.680000
vt 0.440000 0.140000
vt 0.440000 0.940000
vt 0.440000 0.400000
vt 0.440000 0.660000
vt 0.440000 0.120000
vt 0.440000 0.920000
vt 0.440000 0.380000
vt 0.440000 0.640000
vt 0.440000 0.100000
vt 0.440000 0.900000
vt 0.440000 0.360000
vt 0.440000 0.620000
vt 0.440000 0.080000
vt 0.440000 0.880000
vt 0.440000 0.340000
vt 0.440000 0.600000
vt 0.440000 0.060000
vt 0.440000 0.860000
vt 0.440000 0.320000
vt 0.440000 0.580000
vt 0.440000 0.040000
vt 0.440000 0.840000
vt 0.440000 0.300000
vt 0.440000 0.560000
vt 0.440000 0.020000
vt 0.440000 0.820000
vt 0.440000 0.280000
vt 0.440000 0.540000
vt 0.446667 0.000000
vt 0.440000 0.800000
vt 0.440000 0.260000
vt 0.440000 0.520000
vt 0.440000 0.780000
vt 0.440000 0.240000
vt 0.440000 0.500000
vt 0.440000 0.760000
vt 0.440000 0.220000
vt 0.440000 0.480000
vt 0.440000 0.740000
vt 0.440000 0.200000
vt 0.440000 0.720000
vt 0.440000 0.180000
vt 0.426667 0.340000
vt 0.426667 0.320000
vt 0.426667 0.600000
vt 0.426667 0.580000
vt 0.426667 0.040000
vt 0.426667 0.860000
vt 0.426667 0.840000
vt 0.426667 0.300000
vt 0.426667 0.560000
vt 0.426667 0.020000
vt 0.426667 0.820000
vt 0.426667 0.280000
vt 0.426667 0.540000
vt 0.433333 0.000000
vt 0.426667 0.800000
vt 0.426667 0.260000
vt 0.426667 0.520000
vt 0.426667 0.780000
vt 0.426667 0.240000
vt 0.426667 0.500000
vt 0.426667 0.760000
vt 0.426667 0.220000
vt 0.426667 0.480000
vt 0.426667 0.740000
vt 0.426667 0.200000
vt 0.426667 0.460000
vt 0.426667 0.720000
vt 0.426667 0.180000
vt 0.433333 1.000000
vt 0.426667 0.980000
vt 0.426667 0.440000
vt 0.426667 0.700000
vt 0.426667 0.160000
vt 0.426667 0.960000
vt 0.426667 0.420000
vt 0.426667 0.680000
vt 0.426667 0.140000
vt 0.426667 0.940000
vt 0.426667 0.400000
vt 0.426667 0.660000
vt 0.426667 0.120000
vt 0.426667 0.920000
vt 0.426667 0.380000
vt 0.426667 0.640000
vt 0.426667 0.100000
vt 0.426667 0.900000
vt 0.426667 0.360000
vt 0.426667 0.620000
vt 0.426667 0.080000
vt 0.426667 0.880000
vt 0.426667 0.060000
vt 0.413333 0.460000
vt 0.413333 0.720000
vt 0.413333 0.200000
vt 0.413333 0.180000
vt 0.420000 1.000000
vt 0.413333 0.980000
vt 0.413333 0.440000
vt 0.413333 0.700000
vt 0.413333 0.160000
vt 0.413333 0.960000
vt 0.413333 0.420000
vt 0.413333 0.680000
vt 0.413333 0.140000
vt 0.413333 0.940000
vt 0.413333 0.400000
vt 0.413333 0.660000
vt 0.413333 0.120000
vt 0.413333 0.920000
vt 0.413333 0.380000
vt 0.413333 0.640000
vt 0.413333 0.100000
vt 0.413333 0.900000
vt 0.413333 0.360000
vt 0.413333 0.620000
vt 0.413333 0.080000
vt 0.413333 0.880000
vt 0.413333 0.340000
vt 0.413333 0.600000
vt 0.413333 0.060000
vt 0.413333 0.860000
vt 0.413333 0.320000
vt 0.413333 0.580000
vt 0.413333 0.040000
vt 0.413333 0.840000
vt 0.413333 0.300000
vt 0.413333 0.560000
vt 0.413333 0.020000
vt 0.413333 0.820000
vt 0.413333 0.280000
vt 0.413333 0.540000
vt 0.420000 0.000000
vt 0.413333 0.800000
vt 0.413333 0.260000
vt 0.413333 0.520000
vt 0.413333 0.780000
vt 0.413333 0.240000
vt 0.413333 0.500000
vt 0.413333 0.760000
vt 0.413333 0.220000
vt 0.413333 0.480000
vt 0.413333 0.740000
vt 0.400000 0.340000
vt 0.400000 0.600000
vt 0.400000 0.060000
vt 0.400000 0.860000
vt 0.400000 0.320000
vt 0.400000 0.580000
vt 0.400000 0.040000
vt 0.400000 0.840000
vt 0.400000 0.300000
vt 0.400000 0.560000
vt 0.400000 0.020000
vt 0.400000 0.820000
vt 0.400000 0.280000
vt 0.400000 0.540000
vt 0.406667 0.000000
vt 0.400000 0.800000
vt 0.400000 0.260000
vt 0.400000 0.520000
vt 0.400000 0.780000
vt 0.400000 0.240000
vt 0.400000 0.500000
vt 0.400000 0.760000
vt 0.400000 0.220000
vt 0.400000 0.480000
vt 0.400000 0.740000
vt 0.400000 0.200000
vt 0.400000 0.460000
vt 0.400000 0.720000
vt 0.400000 0.180000
vt 0.406667 1.000000
vt 0.400000 0.980000
vt 0.400000 0.440000
vt 0.400000 0.700000
vt 0.400000 0.160000
vt 0.400000 0.960000
vt 0.400000 0.420000
vt 0.400000 0.680000
vt 0.400000 0.140000
vt 0.400000 0.940000
vt 0.400000 0.400000
vt 0.400000 0.660000
vt 0.400000 0.120000
vt 0.400000 0.920000
vt 0.400000 0.380000
vt 0.400000 0.640000
vt 0.400000 0.100000
vt 0.400000 0.900000
vt 0.400000 0.360000
vt 0.400000 0.620000
vt 0.400000 0.080000
vt 0.400000 0.880000
vt 0.386667 0.480000
vt 0.386667 0.760000
vt 0.386667 0.740000
vt 0.386667 0.200000
vt 0.386667 0.460000
vt 0.386667 0.720000
vt 0.386667 0.180000
vt 0.393333 1.000000
vt 0.386667 0.980000
vt 0.386667 0.440000
vt 0.386667 0.700000
vt 0.386667 0.160000
vt 0.386667 0.960000
vt 0.386667 0.420000
vt 0.386667 0.680000
vt 0.386667 0.140000
vt 0.386667 0.940000
vt 0.386667 0.400000
vt 0.386667 0.660000
vt 0.386667 0.120000
vt 0.386667 0.920000
vt 0.386667 0.380000
vt 0.386667 0.640000
vt 0.386667 0.100000
vt 0.386667 0.900000
vt 0.386667 0.360000
vt 0.386667 0.620000
vt 0.386667 0.080000
vt 0.386667 0.880000
vt 0.386667 0.340000
vt 0.386667 0.600000
vt 0.386667 0.060000
vt 0.386667 0.860000
vt 0.386667 0.320000
vt 0.386667 0.580000
vt 0.386667 0.040000
vt 0.386667 0.840000
vt 0.386667 0.300000
vt 0.386667 0.560000
vt 0.386667 0.020000
vt 0.386667 0.820000
vt 0.386667 0.280000
vt 0.386667 0.540000
vt 0.393333 0.000000
vt 0.386667 0.800000
vt 0.386667 0.260000
vt 0.386667 0.520000
vt 0.386667 0.780000
vt 0.386667 0.240000
vt 0.386667 0.500000
vt 0.386667 0.220000
vt 0.373333 0.380000
vt 0.373333 0.360000
vt 0.373333 0.620000
vt 0.373333 0.080000
vt 0.373333 0.880000
vt 0.373333 0.340000
vt 0.373333 0.600000
vt 0.373333 0.060000
vt 0.373333 0.860000
vt 0.373333 0.320000
vt 0.373333 0.580000
vt 0.373333 0.040000
vt 0.373333 0.840000
vt 0.373333 0.300000
vt 0.373333 0.560000
vt 0.373333 0.020000
vt 0.373333 0.820000
vt 0.373333 0.280000
vt 0.373333 0.540000
vt 0.380000 0.000000
vt 0.373333 0.800000
vt 0.373333 0.260000
vt 0.373333 0.520000
vt 0.373333 0.780000
vt 0.373333 0.240000
vt 0.373333 0.500000
vt 0.373333 0.760000
vt 0.373333 0.220000
vt 0.373333 0.480000
vt 0.373333 0.740000
vt 0.373333 0.200000
vt 0.373333 0.460000
vt 0.373333 0.720000
vt 0.373333 0.180000
vt 0.380000 1.000000
vt 0.373333 0.980000
vt 0.373333 0.440000
vt 0.373333 0.700000
vt 0.373333 0.160000
vt 0.373333 0.960000
vt 0.373333 0.420000
vt 0.373333 0.680000
vt 0.373333 0.140000
vt 0.373333 0.940000
vt 0.373333 0.400000
vt 0.373333 0.660000
vt 0.373333 0.120000
vt 0.373333 0.920000
vt 0.373333 0.640000
vt 0.373333 0.100000
vt 0.373333 0.900000
vt 0.360000 0.520000
vt 0.360000 0.500000
vt 0.360000 0.760000
vt 0.360000 0.240000
vt 0.360000 0.220000
vt 0.360000 0.480000
vt 0.360000 0.740000
vt 0.360000 0.200000
vt 0.360000 0.460000
vt 0.360000 0.720000
vt 0.360000 0.180000
vt 0.366667 1.000000
vt 0.360000 0.980000
vt 0.360000 0.440000
vt 0.360000 0.700000
vt 0.360000 0.160000
vt 0.360000 0.960000
vt 0.360000 0.420000
vt 0.360000 0.680000
vt 0.360000 0.140000
vt 0.360000 0.940000
vt 0.360000 0.400000
vt 0.360000 0.660000
vt 0.360000 0.120000
vt 0.360000 0.920000
vt 0.360000 0.380000
vt 0.360000 0.640000
vt 0.360000 0.100000
vt 0.360000 0.900000
vt 0.360000 0.360000
vt 0.360000 0.620000
vt 0.360000 0.080000
vt 0.360000 0.880000
vt 0.360000 0.340000
vt 0.360000 0.600000
vt 0.360000 0.060000
vt 0.360000 0.860000
vt 0.360000 0.320000
vt 0.360000 0.580000
vt 0.360000 0.040000
vt 0.360000 0.840000
vt 0.360000 0.300000
vt 0.360000 0.560000
vt 0.360000 0.020000
vt 0.360000 0.820000
vt 0.360000 0.280000
vt 0.360000 0.540000
vt 0.366667 0.000000
vt 0.360000 0.800000
vt 0.360000 0.260000
vt 0.360000 0.780000
vt 0.346667 0.380000
vt 0.346667 0.660000
vt 0.346667 0.640000
vt 0.346667 0.100000
vt 0.346667 0.920000
vt 0.346667 0.900000
vt 0.346667 0.360000
vt 0.346667 0.620000
vt 0.346667 0.080000
vt 0.346667 0.880000
vt 0.346667 0.340000
vt 0.346667 0.600000
vt 0.346667 0.060000
vt 0.346667 0.860000
vt 0.346667 0.320000
vt 0.346667 0.580000
vt 0.346667 0.040000
vt 0.346667 0.840000
vt 0.346667 0.300000
vt 0.346667 0.560000
vt 0.346667 0.020000
vt 0.346667 0.820000
vt 0.346667 0.280000
vt 0.346667 0.540000
vt 0.353333 0.000000
vt 0.346667 0.800000
vt 0.346667 0.260000
vt 0.346667 0.520000
vt 0.346667 0.780000
vt 0.346667 0.240000
vt 0.346667 0.500000
vt 0.346667 0.760000
vt 0.346667 0.220000
vt 0.346667 0.480000
vt 0.346667 0.740000
vt 0.346667 0.200000
vt 0.346667 0.460000
vt 0.346667 0.720000
vt 0.346667 0.180000
vt 0.353333 1.000000
vt 0.346667 0.980000
vt 0.346667 0.440000
vt 0.346667 0.700000
vt 0.346667 0.160000
vt 0.346667 0.960000
vt 0.346667 0.420000
vt 0.346667 0.680000
vt 0.346667 0.140000
vt 0.346667 0.940000
vt 0.346667 0.400000
vt 0.346667 0.120000
vt 0.333333 0.540000
vt 0.333333 0.520000
vt 0.333333 0.800000
vt 0.333333 0.780000
vt 0.333333 0.240000
vt 0.333333 0.500000
vt 0.333333 0.760000
vt 0.333333 0.220000
vt 0.333333 0.480000
vt 0.333333 0.740000
vt 0.333333 0.200000
vt 0.333333 0.460000
vt 0.333333 0.720000
vt 0.333333 0.180000
vt 0.340000 1.000000
vt 0.333333 0.980000
vt 0.333333 0.440000
vt 0.333333 0.700000
vt 0.333333 0.160000
vt 0.333333 0.960000
vt 0.333333 0.420000
vt 0.333333 0.680000
vt 0.333333 0.140000
vt 0.333333 0.940000
vt 0.333333 0.400000
vt 0.333333 0.660000
vt 0.333333 0.120000
vt 0.333333 0.920000
vt 0.333333 0.380000
vt 0.333333 0.640000
vt 0.333333 0.100000
vt 0.333333 0.900000
vt 0.333333 0.360000
vt 0.333333 0.620000
vt 0.333333 0.080000
vt 0.333333 0.880000
vt 0.333333 0.340000
vt 0.333333 0.600000
vt 0.333333 0.060000
vt 0.333333 0.860000
vt 0.333333 0.320000
vt 0.333333 0.580000
vt 0.333333 0.040000
vt 0.333333 0.840000
vt 0.333333 0.300000
vt 0.333333 0.560000
vt 0.333333 0.020000
vt 0.333333 0.820000
vt 0.333333 0.280000
vt 0.340000 0.000000
vt 0.333333 0.260000
vt 0.320000 0.420000
vt 0.320000 0.400000
vt 0.320000 0.680000
vt 0.320000 0.660000
vt 0.320000 0.140000
vt 0.320000 0.120000
vt 0.320000 0.920000
vt 0.320000 0.380000
vt 0.320000 0.640000
vt 0.320000 0.100000
vt 0.320000 0.900000
vt 0.320000 0.360000
vt 0.320000 0.620000
vt 0.320000 0.080000
vt 0.320000 0.880000
vt 0.320000 0.340000
vt 0.320000 0.600000
vt 0.320000 0.060000
vt 0.320000 0.860000
vt 0.320000 0.320000
vt 0.320000 0.580000
vt 0.320000 0.040000
vt 0.320000 0.840000
vt 0.320000 0.300000
vt 0.320000 0.560000
vt 0.320000 0.020000
vt 0.320000 0.820000
vt 0.320000 0.280000
vt 0.320000 0.540000
vt 0.326667 0.000000
vt 0.320000 0.800000
vt 0.320000 0.260000
vt 0.320000 0.520000
vt 0.320000 0.780000
vt 0.320000 0.240000
vt 0.320000 0.500000
vt 0.320000 0.760000
vt 0.320000 0.220000
vt 0.320000 0.480000
vt 0.320000 0.740000
vt 0.320000 0.200000
vt 0.320000 0.460000
vt 0.320000 0.720000
vt 0.320000 0.180000
vt 0.326667 1.000000
vt 0.320000 0.980000
vt 0.320000 0.440000
vt 0.320000 0.700000
vt 0.320000 0.160000
vt 0.320000 0.960000
vt 0.320000 0.940000
vt 0.306667 0.540000
vt 0.313333 0.000000
vt 0.306667 0.020000
vt 0.306667 0.800000
vt 0.306667 0.280000
vt 0.306667 0.260000
vt 0.306667 0.520000
vt 0.306667 0.780000
vt 0.306667 0.240000
vt 0.306667 0.500000
vt 0.306667 0.760000
vt 0.306667 0.220000
vt 0.306667 0.480000
vt 0.306667 0.740000
vt 0.306667 0.200000
vt 0.306667 0.460000
vt 0.306667 0.720000
vt 0.306667 0.180000
vt 0.313333 1.000000
vt 0.306667 0.980000
vt 0.306667 0.440000
vt 0.306667 0.700000
vt 0.306667 0.160000
vt 0.306667 0.960000
vt 0.306667 0.420000
vt 0.306667 0.680000
vt 0.306667 0.140000
vt 0.306667 0.940000
vt 0.306667 0.400000
vt 0.306667 0.660000
vt 0.306667 0.120000
vt 0.306667 0.920000
vt 0.306667 0.380000
vt 0.306667 0.640000
vt 0.306667 0.100000
vt 0.306667 0.900000
vt 0.306667 0.360000
vt 0.306667 0.620000
vt 0.306667 0.080000
vt 0.306667 0.880000
vt 0.306667 0.340000
vt 0.306667 0.600000
vt 0.306667 0.060000
vt 0.306667 0.860000
vt 0.306667 0.320000
vt 0.306667 0.580000
vt 0.306667 0.040000
vt 0.306667 0.840000
vt 0.306667 0.300000
vt 0.306667 0.560000
vt 0.306667 0.820000
vt 0.293333 0.860000
vt 0.293333 0.320000
vt 0.293333 0.580000
vt 0.293333 0.040000
vt 0.293333 0.840000
vt 0.293333 0.300000
vt 0.293333 0.560000
vt 0.293333 0.020000
vt 0.293333 0.820000
vt 0.293333 0.280000
vt 0.293333 0.540000
vt 0.300000 0.000000
vt 0.293333 0.800000
vt 0.293333 0.260000
vt 0.293333 0.520000
vt 0.293333 0.780000
vt 0.293333 0.240000
vt 0.293333 0.500000
vt 0.293333 0.760000
vt 0.293333 0.220000
vt 0.293333 0.480000
vt 0.293333 0.740000
vt 0.293333 0.200000
vt 0.293333 0.460000
vt 0.293333 0.720000
vt 0.293333 0.180000
vt 0.300000 1.000000
vt 0.293333 0.980000
vt 0.293333 0.440000
vt 0.293333 0.700000
vt 0.293333 0.160000
vt 0.293333 0.960000
vt 0.293333 0.420000
vt 0.293333 0.680000
vt 0.293333 0.140000
vt 0.293333 0.940000
vt 0.293333 0.400000
vt 0.293333 0.660000
vt 0.293333 0.120000
vt 0.293333 0.920000
vt 0.293333 0.380000
vt 0.293333 0.640000
vt 0.293333 0.100000
vt 0.293333 0.900000
vt 0.293333 0.360000
vt 0.293333 0.620000
vt 0.293333 0.080000
vt 0.293333 0.880000
vt 0.293333 0.340000
vt 0.293333 0.600000
vt 0.293333 0.060000
vt 0.280000 0.200000
vt 0.280000 0.460000
vt 0.280000 0.720000
vt 0.280000 0.180000
vt 0.286667 1.000000
vt 0.280000 0.980000
vt 0.280000 0.440000
vt 0.280000 0.700000
vt 0.280000 0.160000
vt 0.280000 0.960000
vt 0.280000 0.420000
vt 0.280000 0.680000
vt 0.280000 0.140000
vt 0.280000 0.940000
vt 0.280000 0.400000
vt 0.280000 0.660000
vt 0.280000 0.120000
vt 0.280000 0.920000
vt 0.280000 0.380000
vt 0.280000 0.640000
vt 0.280000 0.100000
vt 0.280000 0.900000
vt 0.280000 0.360000
vt 0.280000 0.620000
vt 0.280000 0.080000
vt 0.280000 0.880000
vt 0.280000 0.340000
vt 0.280000 0.600000
vt 0.280000 0.060000
vt 0.280000 0.860000
vt 0.280000 0.320000
vt 0.280000 0.580000
vt 0.280000 0.040000
vt 0.280000 0.840000
vt 0.280000 0.300000
vt 0.280000 0.560000
vt 0.280000 0.020000
vt 0.280000 0.820000
vt 0.280000 0.280000
vt 0.280000 0.540000
vt 0.286667 0.000000
vt 0.280000 0.800000
vt 0.280000 0.260000
vt 0.280000 0.520000
vt 0.280000 0.780000
vt 0.280000 0.240000
vt 0.280000 0.500000
vt 0.280000 0.760000
vt 0.280000 0.220000
vt 0.280000 0.480000
vt 0.280000 0.740000
vt 0.266667 0.900000
vt 0.266667 0.880000
vt 0.266667 0.340000
vt 0.266667 0.620000
vt 0.266667 0.600000
vt 0.266667 0.060000
vt 0.266667 0.860000
vt 0.266667 0.320000
vt 0.266667 0.580000
vt 0.266667 0.040000
vt 0.266667 0.840000
vt 0.266667 0.300000
vt 0.266667 0.560000
vt 0.266667 0.020000
vt 0.266667 0.820000
vt 0.266667 0.280000
vt 0.266667 0.540000
vt 0.273333 0.000000
vt 0.266667 0.800000
vt 0.266667 0.260000
vt 0.266667 0.520000
vt 0.266667 0.780000
vt 0.266667 0.240000
vt 0.266667 0.500000
vt 0.266667 0.760000
vt 0.266667 0.220000
vt 0.266667 0.480000
vt 0.266667 0.740000
vt 0.266667 0.200000
vt 0.266667 0.460000
vt 0.266667 0.720000
vt 0.266667 0.180000
vt 0.273333 1.000000
vt 0.266667 0.980000
vt 0.266667 0.440000
vt 0.266667 0.700000
vt 0.266667 0.160000
vt 0.266667 0.960000
vt 0.266667 0.420000
vt 0.266667 0.680000
vt 0.266667 0.140000
vt 0.266667 0.940000
vt 0.266667 0.400000
vt 0.266667 0.660000
vt 0.266667 0.120000
vt 0.266667 0.920000
vt 0.266667 0.380000
vt 0.266667 0.640000
vt 0.266667 0.100000
vt 0.266667 0.360000
vt 0.266667 0.080000
vt 0.253333 0.240000
vt 0.253333 0.220000
vt 0.253333 0.480000
vt 0.253333 0.760000
vt 0.253333 0.740000
vt 0.253333 0.200000
vt 0.253333 0.460000
vt 0.253333 0.720000
vt 0.253333 0.180000
vt 0.260000 1.000000
vt 0.253333 0.980000
vt 0.253333 0.440000
vt 0.253333 0.700000
vt 0.253333 0.160000
vt 0.253333 0.960000
vt 0.253333 0.420000
vt 0.253333 0.680000
vt 0.253333 0.140000
vt 0.253333 0.940000
vt 0.253333 0.400000
vt 0.253333 0.660000
vt 0.253333 0.120000
vt 0.253333 0.920000
vt 0.253333 0.380000
vt 0.253333 0.640000
vt 0.253333 0.100000
vt 0.253333 0.900000
vt 0.253333 0.360000
vt 0.253333 0.620000
vt 0.253333 0.080000
vt 0.253333 0.880000
vt 0.253333 0.340000
vt 0.253333 0.600000
vt 0.253333 0.060000
vt 0.253333 0.860000
vt 0.253333 0.320000
vt 0.253333 0.580000
vt 0.253333 0.040000
vt 0.253333 0.840000
vt 0.253333 0.300000
vt 0.253333 0.560000
vt 0.253333 0.020000
vt 0.253333 0.820000
vt 0.253333 0.280000
vt 0.253333 0.540000
vt 0.260000 0.000000
vt 0.253333 0.800000
vt 0.253333 0.260000
vt 0.253333 0.520000
vt 0.253333 0.780000
vt 0.253333 0.500000
vt 0.240000 0.920000
vt 0.240000 0.900000
vt 0.240000 0.380000
vt 0.240000 0.360000
vt 0.240000 0.620000
vt 0.240000 0.080000
vt 0.240000 0.880000
vt 0.240000 0.340000
vt 0.240000 0.600000
vt 0.240000 0.060000
vt 0.240000 0.860000
vt 0.240000 0.320000
vt 0.240000 0.580000
vt 0.240000 0.040000
vt 0.240000 0.840000
vt 0.240000 0.300000
vt 0.240000 0.560000
vt 0.240000 0.020000
vt 0.240000 0.820000
vt 0.240000 0.280000
vt 0.240000 0.540000
vt 0.246667 0.000000
vt 0.240000 0.800000
vt 0.240000 0.260000
vt 0.240000 0.520000
vt 0.240000 0.780000
vt 0.240000 0.240000
vt 0.240000 0.500000
vt 0.240000 0.760000
vt 0.240000 0.220000
vt 0.240000 0.480000
vt 0.240000 0.740000
vt 0.240000 0.200000
vt 0.240000 0.460000
vt 0.240000 0.720000
vt 0.240000 0.180000
vt 0.246667 1.000000
vt 0.240000 0.980000
vt 0.240000 0.440000
vt 0.240000 0.700000
vt 0.240000 0.160000
vt 0.240000 0.960000
vt 0.240000 0.420000
vt 0.240000 0.680000
vt 0.240000 0.140000
vt 0.240000 0.940000
vt 0.240000 0.400000
vt 0.240000 0.660000
vt 0.240000 0.120000
vt 0.240000 0.640000
vt 0.240000 0.100000
vt 0.226667 0.240000
vt 0.226667 0.520000
vt 0.226667 0.500000
vt 0.226667 0.760000
vt 0.226667 0.220000
vt 0.226667 0.480000
vt 0.226667 0.740000
vt 0.226667 0.200000
vt 0.226667 0.460000
vt 0.226667 0.720000
vt 0.226667 0.180000
vt 0.233333 1.000000
vt 0.226667 0.980000
vt 0.226667 0.440000
vt 0.226667 0.700000
vt 0.226667 0.160000
vt 0.226667 0.960000
vt 0.226667 0.420000
vt 0.226667 0.680000
vt 0.226667 0.140000
vt 0.226667 0.940000
vt 0.226667 0.400000
vt 0.226667 0.660000
vt 0.226667 0.120000
vt 0.226667 0.920000
vt 0.226667 0.380000
vt 0.226667 0.640000
vt 0.226667 0.100000
vt 0.226667 0.900000
vt 0.226667 0.360000
vt 0.226667 0.620000
vt 0.226667 0.080000
vt 0.226667 0.880000
vt 0.226667 0.340000
vt 0.226667 0.600000
vt 0.226667 0.060000
vt 0.226667 0.860000
vt 0.226667 0.320000
vt 0.226667 0.580000
vt 0.226667 0.040000
vt 0.226667 0.840000
vt 0.226667 0.300000
vt 0.226667 0.560000
vt 0.226667 0.020000
vt 0.226667 0.820000
vt 0.226667 0.280000
vt 0.226667 0.540000
vt 0.233333 0.000000
vt 0.226667 0.800000
vt 0.226667 0.260000
vt 0.226667 0.780000
vt 0.213333 0.920000
vt 0.213333 0.380000
vt 0.213333 0.660000
vt 0.213333 0.640000
vt 0.213333 0.100000
vt 0.213333 0.900000
vt 0.213333 0.360000
vt 0.213333 0.620000
vt 0.213333 0.080000
vt 0.213333 0.880000
vt 0.213333 0.340000
vt 0.213333 0.600000
vt 0.213333 0.060000
vt 0.213333 0.860000
vt 0.213333 0.320000
vt 0.213333 0.580000
vt 0.213333 0.040000
vt 0.213333 0.840000
vt 0.213333 0.300000
vt 0.213333 0.560000
vt 0.213333 0.020000
vt 0.213333 0.820000
vt 0.213333 0.280000
vt 0.213333 0.540000
vt 0.220000 0.000000
vt 0.213333 0.800000
vt 0.213333 0.260000
vt 0.213333 0.520000
vt 0.213333 0.780000
vt 0.213333 0.240000
vt 0.213333 0.500000
vt 0.213333 0.760000
vt 0.213333 0.220000
vt 0.213333 0.480000
vt 0.213333 0.740000
vt 0.213333 0.200000
vt 0.213333 0.460000
vt 0.213333 0.720000
vt 0.213333 0.180000
vt 0.220000 1.000000
vt 0.213333 0.980000
vt 0.213333 0.440000
vt 0.213333 0.700000
vt 0.213333 0.160000
vt 0.213333 0.960000
vt 0.213333 0.420000
vt 0.213333 0.680000
vt 0.213333 0.140000
vt 0.213333 0.940000
vt 0.213333 0.400000
vt 0.213333 0.120000
vt 0.200000 0.280000
vt 0.200000 0.260000
vt 0.200000 0.540000
vt 0.200000 0.520000
vt 0.200000 0.800000
vt 0.200000 0.780000
vt 0.200000 0.240000
vt 0.200000 0.500000
vt 0.200000 0.760000
vt 0.200000 0.220000
vt 0.200000 0.480000
vt 0.200000 0.740000
vt 0.200000 0.200000
vt 0.200000 0.460000
vt 0.200000 0.720000
vt 0.200000 0.180000
vt 0.206667 1.000000
vt 0.200000 0.980000
vt 0.200000 0.440000
vt 0.200000 0.700000
vt 0.200000 0.160000
vt 0.200000 0.960000
vt 0.200000 0.420000
vt 0.200000 0.680000
vt 0.200000 0.140000
vt 0.200000 0.940000
vt 0.200000 0.400000
vt 0.200000 0.660000
vt 0.200000 0.120000
vt 0.200000 0.920000
vt 0.200000 0.380000
vt 0.200000 0.640000
vt 0.200000 0.100000
vt 0.200000 0.900000
vt 0.200000 0.360000
vt 0.200000 0.620000
vt 0.200000 0.080000
vt 0.200000 0.880000
vt 0.200000 0.340000
vt 0.200000 0.600000
vt 0.200000 0.060000
vt 0.200000 0.860000
vt 0.200000 0.320000
vt 0.200000 0.580000
vt 0.200000 0.040000
vt 0.200000 0.840000
vt 0.200000 0.300000
vt 0.200000 0.560000
vt 0.200000 0.020000
vt 0.200000 0.820000
vt 0.206667 0.000000
vt 0.186667 0.940000
vt 0.186667 0.420000
vt 0.186667 0.400000
vt 0.186667 0.680000
vt 0.186667 0.660000
vt 0.186667 0.140000
vt 0.186667 0.120000
vt 0.186667 0.920000
vt 0.186667 0.380000
vt 0.186667 0.640000
vt 0.186667 0.100000
vt 0.186667 0.900000
vt 0.186667 0.360000
vt 0.186667 0.620000
vt 0.186667 0.080000
vt 0.186667 0.880000
vt 0.186667 0.340000
vt 0.186667 0.600000
vt 0.186667 0.060000
vt 0.186667 0.860000
vt 0.186667 0.320000
vt 0.186667 0.580000
vt 0.186667 0.040000
vt 0.186667 0.840000
vt 0.186667 0.300000
vt 0.186667 0.560000
vt 0.186667 0.020000
vt 0.186667 0.820000
vt 0.186667 0.280000
vt 0.186667 0.540000
vt 0.193333 0.000000
vt 0.186667 0.800000
vt 0.186667 0.260000
vt 0.186667 0.520000
vt 0.186667 0.780000
vt 0.186667 0.240000
vt 0.186667 0.500000
vt 0.186667 0.760000
vt 0.186667 0.220000
vt 0.186667 0.480000
vt 0.186667 0.740000
vt 0.186667 0.200000
vt 0.186667 0.460000
vt 0.186667 0.720000
vt 0.186667 0.180000
vt 0.193333 1.000000
vt 0.186667 0.980000
vt 0.186667 0.440000
vt 0.186667 0.700000
vt 0.186667 0.160000
vt 0.186667 0.960000
vt 0.173333 0.300000
vt 0.173333 0.280000
vt 0.173333 0.540000
vt 0.180000 0.000000
vt 0.173333 0.020000
vt 0.173333 0.800000
vt 0.173333 0.260000
vt 0.173333 0.520000
vt 0.173333 0.780000
vt 0.173333 0.240000
vt 0.173333 0.500000
vt 0.173333 0.760000
vt 0.173333 0.220000
vt 0.173333 0.480000
vt 0.173333 0.740000
vt 0.173333 0.200000
vt 0.173333 0.460000
vt 0.173333 0.720000
vt 0.173333 0.180000
vt 0.180000 1.000000
vt 0.173333 0.980000
vt 0.173333 0.440000
vt 0.173333 0.700000
vt 0.173333 0.160000
vt 0.173333 0.960000
vt 0.173333 0.420000
vt 0.173333 0.680000
vt 0.173333 0.140000
vt 0.173333 0.940000
vt 0.173333 0.400000
vt 0.173333 0.660000
vt 0.173333 0.120000
vt 0.173333 0.920000
vt 0.173333 0.380000
vt 0.173333 0.640000
vt 0.173333 0.100000
vt 0.173333 0.900000
vt 0.173333 0.360000
vt 0.173333 0.620000
vt 0.173333 0.080000
vt 0.173333 0.880000
vt 0.173333 0.340000
vt 0.173333 0.600000
vt 0.173333 0.060000
vt 0.173333 0.860000
vt 0.173333 0.320000
vt 0.173333 0.580000
vt 0.173333 0.040000
vt 0.173333 0.840000
vt 0.173333 0.560000
vt 0.173333 0.820000
vt 0.160000 0.960000
vt 0.160000 0.420000
vt 0.160000 0.700000
vt 0.160000 0.680000
vt 0.160000 0.140000
vt 0.160000 0.940000
vt 0.160000 0.400000
vt 0.160000 0.660000
vt 0.160000 0.120000
vt 0.160000 0.920000
vt 0.160000 0.380000
vt 0.160000 0.640000
vt 0.160000 0.100000
vt 0.160000 0.900000
vt 0.160000 0.360000
vt 0.160000 0.620000
vt 0.160000 0.080000
vt 0.160000 0.880000
vt 0.160000 0.340000
vt 0.160000 0.600000
vt 0.160000 0.060000
vt 0.160000 0.860000
vt 0.160000 0.320000
vt 0.160000 0.580000
vt 0.160000 0.040000
vt 0.160000 0.840000
vt 0.160000 0.300000
vt 0.160000 0.560000
vt 0.160000 0.020000
vt 0.160000 0.820000
vt 0.160000 0.280000
vt 0.160000 0.540000
vt 0.166667 0.000000
vt 0.160000 0.800000
vt 0.160000 0.260000
vt 0.160000 0.520000
vt 0.160000 0.780000
vt 0.160000 0.240000
vt 0.160000 0.500000
vt 0.160000 0.760000
vt 0.160000 0.220000
vt 0.160000 0.480000
vt 0.160000 0.740000
vt 0.160000 0.200000
vt 0.160000 0.460000
vt 0.160000 0.720000
vt 0.160000 0.180000
vt 0.166667 1.000000
vt 0.160000 0.980000
vt 0.160000 0.440000
vt 0.160000 0.160000
vt 0.146667 0.300000
vt 0.146667 0.580000
vt 0.146667 0.560000
vt 0.146667 0.040000
vt 0.146667 0.020000
vt 0.146667 0.840000
vt 0.146667 0.820000
vt 0.146667 0.280000
vt 0.146667 0.540000
vt 0.153333 0.000000
vt 0.146667 0.800000
vt 0.146667 0.260000
vt 0.146667 0.520000
vt 0.146667 0.780000
vt 0.146667 0.240000
vt 0.146667 0.500000
vt 0.146667 0.760000
vt 0.146667 0.220000
vt 0.146667 0.480000
vt 0.146667 0.740000
vt 0.146667 0.200000
vt 0.146667 0.460000
vt 0.146667 0.720000
vt 0.146667 0.180000
vt 0.153333 1.000000
vt 0.146667 0.980000
vt 0.146667 0.440000
vt 0.146667 0.700000
vt 0.146667 0.160000
vt 0.146667 0.960000
vt 0.146667 0.420000
vt 0.146667 0.680000
vt 0.146667 0.140000
vt 0.146667 0.940000
vt 0.146667 0.400000
vt 0.146667 0.660000
vt 0.146667 0.120000
vt 0.146667 0.920000
vt 0.146667 0.380000
vt 0.146667 0.640000
vt 0.146667 0.100000
vt 0.146667 0.900000
vt 0.146667 0.360000
vt 0.146667 0.620000
vt 0.146667 0.080000
vt 0.146667 0.880000
vt 0.146667 0.340000
vt 0.146667 0.600000
vt 0.146667 0.060000
vt 0.146667 0.860000
vt 0.146667 0.320000
vt 0.140000 1.000000
vt 0.133333 0.980000
vt 0.133333 0.460000
vt 0.133333 0.440000
vt 0.133333 0.700000
vt 0.133333 0.160000
vt 0.133333 0.960000
vt 0.133333 0.420000
vt 0.133333 0.680000
vt 0.133333 0.140000
vt 0.133333 0.940000
vt 0.133333 0.400000
vt 0.133333 0.660000
vt 0.133333 0.120000
vt 0.133333 0.920000
vt 0.133333 0.380000
vt 0.133333 0.640000
vt 0.133333 0.100000
vt 0.133333 0.900000
vt 0.133333 0.360000
vt 0.133333 0.620000
vt 0.133333 0.080000
vt 0.133333 0.880000
vt 0.133333 0.340000
vt 0.133333 0.600000
vt 0.133333 0.060000
vt 0.133333 0.860000
vt 0.133333 0.320000
vt 0.133333 0.580000
vt 0.133333 0.040000
vt 0.133333 0.840000
vt 0.133333 0.300000
vt 0.133333 0.560000
vt 0.133333 0.020000
vt 0.133333 0.820000
vt 0.133333 0.280000
vt 0.133333 0.540000
vt 0.140000 0.000000
vt 0.133333 0.800000
vt 0.133333 0.260000
vt 0.133333 0.520000
vt 0.133333 0.780000
vt 0.133333 0.240000
vt 0.133333 0.500000
vt 0.133333 0.760000
vt 0.133333 0.220000
vt 0.133333 0.480000
vt 0.133333 0.740000
vt 0.133333 0.200000
vt 0.133333 0.720000
vt 0.133333 0.180000
vt 0.120000 0.340000
vt 0.120000 0.320000
vt 0.120000 0.580000
vt 0.120000 0.060000
vt 0.120000 0.040000
vt 0.120000 0.860000
vt 0.120000 0.840000
vt 0.120000 0.300000
vt 0.120000 0.560000
vt 0.120000 0.020000
vt 0.120000 0.820000
vt 0.120000 0.280000
vt 0.120000 0.540000
vt 0.126667 0.000000
vt 0.120000 0.800000
vt 0.120000 0.260000
vt 0.120000 0.520000
vt 0.120000 0.780000
vt 0.120000 0.240000
vt 0.120000 0.500000
vt 0.120000 0.760000
vt 0.120000 0.220000
vt 0.120000 0.480000
vt 0.120000 0.740000
vt 0.120000 0.200000
vt 0.120000 0.460000
vt 0.120000 0.720000
vt 0.120000 0.180000
vt 0.126667 1.000000
vt 0.120000 0.980000
vt 0.120000 0.440000
vt 0.120000 0.700000
vt 0.120000 0.160000
vt 0.120000 0.960000
vt 0.120000 0.420000
vt 0.120000 0.680000
vt 0.120000 0.140000
vt 0.120000 0.940000
vt 0.120000 0.400000
vt 0.120000 0.660000
vt 0.120000 0.120000
vt 0.120000 0.920000
vt 0.120000 0.380000
vt 0.120000 0.640000
vt 0.120000 0.100000
vt 0.120000 0.900000
vt 0.120000 0.360000
vt 0.120000 0.620000
vt 0.120000 0.080000
vt 0.120000 0.880000
vt 0.120000 0.600000
vt 0.106667 0.460000
vt 0.106667 0.720000
vt 0.106667 0.200000
vt 0.106667 0.180000
vt 0.113333 1.000000
vt 0.106667 0.980000
vt 0.106667 0.440000
vt 0.106667 0.700000
vt 0.106667 0.160000
vt 0.106667 0.960000
vt 0.106667 0.420000
vt 0.106667 0.680000
vt 0.106667 0.140000
vt 0.106667 0.940000
vt 0.106667 0.400000
vt 0.106667 0.660000
vt 0.106667 0.120000
vt 0.106667 0.920000
vt 0.106667 0.380000
vt 0.106667 0.640000
vt 0.106667 0.100000
vt 0.106667 0.900000
vt 0.106667 0.360000
vt 0.106667 0.620000
vt 0.106667 0.080000
vt 0.106667 0.880000
vt 0.106667 0.340000
vt 0.106667 0.600000
vt 0.106667 0.060000
vt 0.106667 0.860000
vt 0.106667 0.320000
vt 0.106667 0.580000
vt 0.106667 0.040000
vt 0.106667 0.840000
vt 0.106667 0.300000
vt 0.106667 0.560000
vt 0.106667 0.020000
vt 0.106667 0.820000
vt 0.106667 0.280000
vt 0.106667 0.540000
vt 0.113333 0.000000
vt 0.106667 0.800000
vt 0.106667 0.260000
vt 0.106667 0.520000
vt 0.106667 0.780000
vt 0.106667 0.240000
vt 0.106667 0.500000
vt 0.106667 0.760000
vt 0.106667 0.220000
vt 0.106667 0.480000
vt 0.106667 0.740000
vt 0.093333 0.340000
vt 0.093333 0.600000
vt 0.093333 0.060000
vt 0.093333 0.860000
vt 0.093333 0.320000
vt 0.093333 0.580000
vt 0.093333 0.040000
vt 0.093333 0.840000
vt 0.093333 0.300000
vt 0.093333 0.560000
vt 0.093333 0.020000
vt 0.093333 0.820000
vt 0.093333 0.280000
vt 0.093333 0.540000
vt 0.100000 0.000000
vt 0.093333 0.800000
vt 0.093333 0.260000
vt 0.093333 0.520000
vt 0.093333 0.780000
vt 0.093333 0.240000
vt 0.093333 0.500000
vt 0.093333 0.760000
vt 0.093333 0.220000
vt 0.093333 0.480000
vt 0.093333 0.740000
vt 0.093333 0.200000
vt 0.093333 0.460000
vt 0.093333 0.720000
vt 0.093333 0.180000
vt 0.100000 1.000000
vt 0.093333 0.980000
vt 0.093333 0.440000
vt 0.093333 0.700000
vt 0.093333 0.160000
vt 0.093333 0.960000
vt 0.093333 0.420000
vt 0.093333 0.680000
vt 0.093333 0.140000
vt 0.093333 0.940000
vt 0.093333 0.400000
vt 0.093333 0.660000
vt 0.093333 0.120000
vt 0.093333 0.920000
vt 0.093333 0.380000
vt 0.093333 0.640000
vt 0.093333 0.100000
vt 0.093333 0.900000
vt 0.093333 0.360000
vt 0.093333 0.620000
vt 0.093333 0.080000
vt 0.093333 0.880000
vt 0.080000 0.620000
vt 0.080000 0.080000
vt 0.080000 0.760000
vt 0.080000 0.740000
vt 0.080000 0.340000
vt 0.080000 0.600000
vt 0.080000 0.060000
vt 0.080000 0.720000
vt 0.080000 0.320000
vt 0.086667 1.000000
vt 0.080000 0.980000
vt 0.080000 0.580000
vt 0.080000 0.040000
vt 0.080000 0.700000
vt 0.080000 0.300000
vt 0.080000 0.960000
vt 0.080000 0.560000
vt 0.080000 0.020000
vt 0.080000 0.680000
vt 0.080000 0.280000
vt 0.080000 0.940000
vt 0.080000 0.540000
vt 0.086667 0.000000
vt 0.080000 0.260000
vt 0.080000 0.920000
vt 0.080000 0.520000
vt 0.080000 0.240000
vt 0.080000 0.900000
vt 0.080000 0.500000
vt 0.080000 0.220000
vt 0.080000 0.880000
vt 0.080000 0.480000
vt 0.080000 0.200000
vt 0.080000 0.860000
vt 0.080000 0.460000
vt 0.080000 0.180000
vt 0.080000 0.840000
vt 0.080000 0.440000
vt 0.080000 0.160000
vt 0.080000 0.820000
vt 0.080000 0.420000
vt 0.080000 0.140000
vt 0.080000 0.800000
vt 0.080000 0.400000
vt 0.080000 0.660000
vt 0.080000 0.120000
vt 0.080000 0.780000
vt 0.080000 0.380000
vt 0.080000 0.640000
vt 0.080000 0.100000
vt 0.080000 0.360000
vt 0.066667 0.520000
vt 0.066667 0.500000
vt 0.066667 0.760000
vt 0.066667 0.240000
vt 0.066667 0.220000
vt 0.066667 0.480000
vt 0.066667 0.740000
vt 0.066667 0.200000
vt 0.066667 0.460000
vt 0.066667 0.720000
vt 0.066667 0.180000
vt 0.073333 1.000000
vt 0.066667 0.980000
vt 0.066667 0.440000
vt 0.066667 0.700000
vt 0.066667 0.160000
vt 0.066667 0.960000
vt 0.066667 0.420000
vt 0.066667 0.680000
vt 0.066667 0.140000
vt 0.066667 0.940000
vt 0.066667 0.400000
vt 0.066667 0.660000
vt 0.066667 0.120000
vt 0.066667 0.920000
vt 0.066667 0.380000
vt 0.066667 0.640000
vt 0.066667 0.100000
vt 0.066667 0.900000
vt 0.066667 0.360000
vt 0.066667 0.620000
vt 0.066667 0.080000
vt 0.066667 0.880000
vt 0.066667 0.340000
vt 0.066667 0.600000
vt 0.066667 0.060000
vt 0.066667 0.860000
vt 0.066667 0.320000
vt 0.066667 0.580000
vt 0.066667 0.040000
vt 0.066667 0.840000
vt 0.066667 0.300000
vt 0.066667 0.560000
vt 0.066667 0.020000
vt 0.066667 0.820000
vt 0.066667 0.280000
vt 0.066667 0.540000
vt 0.073333 0.000000
vt 0.066667 0.800000
vt 0.066667 0.260000
vt 0.066667 0.780000
vt 0.053333 0.660000
vt 0.053333 0.640000
vt 0.053333 0.100000
vt 0.053333 0.920000
vt 0.053333 0.900000
vt 0.053333 0.380000
vt 0.053333 0.360000
vt 0.053333 0.620000
vt 0.053333 0.080000
vt 0.053333 0.880000
vt 0.053333 0.340000
vt 0.053333 0.600000
vt 0.053333 0.060000
vt 0.053333 0.860000
vt 0.053333 0.320000
vt 0.053333 0.580000
vt 0.053333 0.040000
vt 0.053333 0.840000
vt 0.053333 0.300000
vt 0.053333 0.560000
vt 0.053333 0.020000
vt 0.053333 0.820000
vt 0.053333 0.280000
vt 0.053333 0.540000
vt 0.060000 0.000000
vt 0.053333 0.800000
vt 0.053333 0.260000
vt 0.053333 0.520000
vt 0.053333 0.780000
vt 0.053333 0.240000
vt 0.053333 0.500000
vt 0.053333 0.760000
vt 0.053333 0.220000
vt 0.053333 0.480000
vt 0.053333 0.740000
vt 0.053333 0.200000
vt 0.053333 0.460000
vt 0.053333 0.720000
vt 0.053333 0.180000
vt 0.060000 1.000000
vt 0.053333 0.980000
vt 0.053333 0.440000
vt 0.053333 0.700000
vt 0.053333 0.160000
vt 0.053333 0.960000
vt 0.053333 0.420000
vt 0.053333 0.680000
vt 0.053333 0.140000
vt 0.053333 0.940000
vt 0.053333 0.400000
vt 0.053333 0.120000
vt 0.040000 0.540000
vt 0.040000 0.520000
vt 0.040000 0.800000
vt 0.040000 0.780000
vt 0.040000 0.240000
vt 0.040000 0.500000
vt 0.040000 0.760000
vt 0.040000 0.220000
vt 0.040000 0.480000
vt 0.040000 0.740000
vt 0.040000 0.200000
vt 0.040000 0.460000
vt 0.040000 0.720000
vt 0.040000 0.180000
vt 0.046667 1.000000
vt 0.040000 0.980000
vt 0.040000 0.440000
vt 0.040000 0.700000
vt 0.040000 0.160000
vt 0.040000 0.960000
vt 0.040000 0.420000
vt 0.040000 0.680000
vt 0.040000 0.140000
vt 0.040000 0.940000
vt 0.040000 0.400000
vt 0.040000 0.660000
vt 0.040000 0.120000
vt 0.040000 0.920000
vt 0.040000 0.380000
vt 0.040000 0.640000
vt 0.040000 0.100000
vt 0.040000 0.900000
vt 0.040000 0.360000
vt 0.040000 0.620000
vt 0.040000 0.080000
vt 0.040000 0.880000
vt 0.040000 0.340000
vt 0.040000 0.600000
vt 0.040000 0.060000
vt 0.040000 0.860000
vt 0.040000 0.320000
vt 0.040000 0.580000
vt 0.040000 0.040000
vt 0.040000 0.840000
vt 0.040000 0.300000
vt 0.040000 0.560000
vt 0.040000 0.020000
vt 0.040000 0.820000
vt 0.040000 0.280000
vt 0.046667 0.000000
vt 0.040000 0.260000
vt 0.026667 0.680000
vt 0.026667 0.660000
vt 0.026667 0.140000
vt 0.026667 0.120000
vt 0.026667 0.940000
vt 0.026667 0.920000
vt 0.026667 0.400000
vt 0.026667 0.380000
vt 0.026667 0.640000
vt 0.026667 0.100000
vt 0.026667 0.900000
vt 0.026667 0.360000
vt 0.026667 0.620000
vt 0.026667 0.080000
vt 0.026667 0.880000
vt 0.026667 0.340000
vt 0.026667 0.600000
vt 0.026667 0.060000
vt 0.026667 0.860000
vt 0.026667 0.320000
vt 0.026667 0.580000
vt 0.026667 0.040000
vt 0.026667 0.840000
vt 0.026667 0.300000
vt 0.026667 0.560000
vt 0.026667 0.020000
vt 0.026667 0.820000
vt 0.026667 0.280000
vt 0.026667 0.540000
vt 0.033333 0.000000
vt 0.026667 0.800000
vt 0.026667 0.260000
vt 0.026667 0.520000
vt 0.026667 0.780000
vt 0.026667 0.240000
vt 0.026667 0.500000
vt 0.026667 0.760000
vt 0.026667 0.220000
vt 0.026667 0.480000
vt 0.026667 0.740000
vt 0.026667 0.200000
vt 0.026667 0.460000
vt 0.026667 0.720000
vt 0.026667 0.180000
vt 0.033333 1.000000
vt 0.026667 0.980000
vt 0.026667 0.440000
vt 0.026667 0.700000
vt 0.026667 0.160000
vt 0.026667 0.960000
vt 0.026667 0.420000
vt 0.013333 0.540000
vt 0.020000 0.000000
vt 0.013333 0.020000
vt 0.013333 0.800000
vt 0.013333 0.280000
vt 0.013333 0.260000
vt 0.013333 0.520000
vt 0.013333 0.780000
vt 0.013333 0.240000
vt 0.013333 0.500000
vt 0.013333 0.760000
vt 0.013333 0.220000
vt 0.013333 0.480000
vt 0.013333 0.740000
vt 0.013333 0.200000
vt 0.013333 0.460000
vt 0.013333 0.720000
vt 0.013333 0.180000
vt 0.020000 1.000000
vt 0.013333 0.980000
vt 0.013333 0.440000
vt 0.013333 0.700000
vt 0.013333 0.160000
vt 0.013333 0.960000
vt 0.013333 0.420000
vt 0.013333 0.680000
vt 0.013333 0.140000
vt 0.013333 0.940000
vt 0.013333 0.400000
vt 0.013333 0.660000
vt 0.013333 0.120000
vt 0.013333 0.920000
vt 0.013333 0.380000
vt 0.013333 0.640000
vt 0.013333 0.100000
vt 0.013333 0.900000
vt 0.013333 0.360000
vt 0.013333 0.620000
vt 0.013333 0.080000
vt 0.013333 0.880000
vt 0.013333 0.340000
vt 0.013333 0.600000
vt 0.013333 0.060000
vt 0.013333 0.860000
vt 0.013333 0.320000
vt 0.013333 0.580000
vt 0.013333 0.040000
vt 0.013333 0.840000
vt 0.013333 0.300000
vt 0.013333 0.560000
vt 0.013333 0.820000
vt 0.000000 0.700000
vt 0.000000 0.680000
vt 0.000000 0.140000
vt 0.000000 0.940000
vt 0.000000 0.420000
vt 0.000000 0.400000
vt 0.000000 0.660000
vt 0.000000 0.120000
vt 0.000000 0.920000
vt 0.000000 0.380000
vt 0.000000 0.640000
vt 0.000000 0.100000
vt 0.000000 0.900000
vt 0.000000 0.360000
vt 0.000000 0.620000
vt 0.000000 0.080000
vt 0.000000 0.880000
vt 0.000000 0.340000
vt 0.000000 0.600000
vt 0.000000 0.060000
vt 0.000000 0.860000
vt 0.000000 0.320000
vt 0.000000 0.580000
vt 0.000000 0.040000
vt 0.000000 0.840000
vt 0.000000 0.300000
vt 0.000000 0.560000
vt 0.000000 0.020000
vt 0.000000 0.820000
vt 0.000000 0.280000
vt 0.000000 0.540000
vt 0.006667 0.000000
vt 0.000000 0.800000
vt 0.000000 0.260000
vt 0.000000 0.520000
vt 0.000000 0.780000
vt 0.000000 0.240000
vt 0.000000 0.500000
vt 0.000000 0.760000
vt 0.000000 0.220000
vt 0.000000 0.480000
vt 0.000000 0.740000
vt 0.000000 0.200000
vt 0.000000 0.460000
vt 0.000000 0.720000
vt 0.000000 0.180000
vt 0.006667 1.000000
vt 0.000000 0.980000
vt 0.000000 0.440000
vt 0.000000 0.160000
vt 0.000000 0.960000
vt 1.000000 0.560000
vt 0.986667 0.580000
vt 0.986667 0.560000
vt 1.000000 0.040000
vt 0.986667 0.020000
vt 1.000000 0.020000
vt 1.000000 0.820000
vt 0.986667 0.840000
vt 0.986667 0.820000
vt 1.000000 0.280000
vt 0.986667 0.300000
vt 0.986667 0.280000
vt 0.986667 0.540000
vt 1.000000 0.540000
vt 0.993333 0.000000
vt 0.986667 0.800000
vt 1.000000 0.800000
vt 1.000000 0.260000
vt 0.986667 0.260000
vt 1.000000 0.520000
vt 0.986667 0.520000
vt 1.000000 0.780000
vt 0.986667 0.780000
vt 0.986667 0.240000
vt 1.000000 0.240000
vt 1.000000 0.500000
vt 0.986667 0.500000
vt 0.986667 0.760000
vt 1.000000 0.760000
vt 1.000000 0.220000
vt 0.986667 0.220000
vt 0.986667 0.480000
vt 1.000000 0.480000
vt 1.000000 0.740000
vt 0.986667 0.740000
vt 0.986667 0.200000
vt 1.000000 0.200000
vt 0.986667 0.460000
vt 1.000000 0.460000
vt 0.986667 0.720000
vt 1.000000 0.720000
vt 1.000000 0.180000
vt 0.986667 0.180000
vt 1.000000 0.980000
vt 0.993333 1.000000
vt 0.986667 0.980000
vt 1.000000 0.440000
vt 0.986667 0.440000
vt 0.986667 0.700000
vt 1.000000 0.700000
vt 0.986667 0.160000
vt 1.000000 0.160000
vt 0.986667 0.960000
vt 1.000000 0.960000
vt 0.986667 0.420000
vt 1.000000 0.420000
vt 1.000000 0.680000
vt 0.986667 0.680000
vt 0.986667 0.140000
vt 1.000000 0.140000
vt 1.000000 0.940000
vt 0.986667 0.940000
vt 1.000000 0.400000
vt 0.986667 0.400000
vt 0.986667 0.660000
vt 1.000000 0.660000
vt 1.000000 0.120000
vt 0.986667 0.120000
vt 1.000000 0.920000
vt 0.986667 0.920000
vt 1.000000 0.380000
vt 0.986667 0.380000
vt 1.000000 0.640000
vt 0.986667 0.640000
vt 0.986667 0.100000
vt 1.000000 0.100000
vt 1.000000 0.900000
vt 0.986667 0.900000
vt 1.000000 0.360000
vt 0.986667 0.360000
vt 0.986667 0.620000
vt 1.000000 0.620000
vt 0.986667 0.080000
vt 1.000000 0.080000
vt 0.986667 0.880000
vt 1.000000 0.880000
vt 0.986667 0.340000
vt 1.000000 0.340000
vt 0.986667 0.600000
vt 1.000000 0.600000
vt 0.986667 0.060000
vt 1.000000 0.060000
vt 0.986667 0.860000
vt 1.000000 0.860000
vt 1.000000 0.320000
vt 0.986667 0.320000
vt 1.000000 0.580000
vt 0.986667 0.040000
vt 1.000000 0.840000
vt 1.000000 0.300000
vt 0.973333 0.700000
vt 0.973333 0.160000
vt 0.973333 0.960000
vt 0.973333 0.420000
vt 0.973333 0.680000
vt 0.973333 0.140000
vt 0.973333 0.940000
vt 0.973333 0.400000
vt 0.973333 0.660000
vt 0.973333 0.120000
vt 0.973333 0.920000
vt 0.973333 0.380000
vt 0.973333 0.640000
vt 0.973333 0.100000
vt 0.973333 0.900000
vt 0.973333 0.360000
vt 0.973333 0.620000
vt 0.973333 0.080000
vt 0.973333 0.880000
vt 0.973333 0.340000
vt 0.973333 0.600000
vt 0.973333 0.060000
vt 0.973333 0.860000
vt 0.973333 0.320000
vt 0.973333 0.580000
vt 0.973333 0.040000
vt 0.973333 0.840000
vt 0.973333 0.300000
vt 0.973333 0.560000
vt 0.973333 0.020000
vt 0.973333 0.820000
vt 0.973333 0.280000
vt 0.973333 0.540000
vt 0.980000 0.000000
vt 0.973333 0.800000
vt 0.973333 0.260000
vt 0.973333 0.520000
vt 0.973333 0.780000
vt 0.973333 0.240000
vt 0.973333 0.500000
vt 0.973333 0.760000
vt 0.973333 0.220000
vt 0.973333 0.480000
vt 0.973333 0.740000
vt 0.973333 0.200000
vt 0.973333 0.460000
vt 0.973333 0.720000
vt 0.973333 0.180000
vt 0.980000 1.000000
vt 0.973333 0.980000
vt 0.973333 0.440000
vt 0.960000 0.580000
vt 0.960000 0.060000
vt 0.960000 0.040000
vt 0.960000 0.860000
vt 0.960000 0.840000
vt 0.960000 0.300000
vt 0.960000 0.560000
vt 0.960000 0.020000
vt 0.960000 0.820000
vt 0.960000 0.280000
vt 0.960000 0.540000
vt 0.966667 0.000000
vt 0.960000 0.800000
vt 0.960000 0.260000
vt 0.960000 0.520000
vt 0.960000 0.780000
vt 0.960000 0.240000
vt 0.960000 0.500000
vt 0.960000 0.760000
vt 0.960000 0.220000
vt 0.960000 0.480000
vt 0.960000 0.740000
vt 0.960000 0.200000
vt 0.960000 0.460000
vt 0.960000 0.720000
vt 0.960000 0.180000
vt 0.966667 1.000000
vt 0.960000 0.980000
vt 0.960000 0.440000
vt 0.960000 0.700000
vt 0.960000 0.160000
vt 0.960000 0.960000
vt 0.960000 0.420000
vt 0.960000 0.680000
vt 0.960000 0.140000
vt 0.960000 0.940000
vt 0.960000 0.400000
vt 0.960000 0.660000
vt 0.960000 0.120000
vt 0.960000 0.920000
vt 0.960000 0.380000
vt 0.960000 0.640000
vt 0.960000 0.100000
vt 0.960000 0.900000
vt 0.960000 0.360000
vt 0.960000 0.620000
vt 0.960000 0.080000
vt 0.960000 0.880000
vt 0.960000 0.340000
vt 0.960000 0.600000
vt 0.960000 0.320000
vt 0.946667 0.720000
vt 0.946667 0.200000
vt 0.946667 0.180000
vt 0.953333 1.000000
vt 0.946667 0.980000
vt 0.946667 0.460000
vt 0.946667 0.440000
vt 0.946667 0.700000
vt 0.946667 0.160000
vt 0.946667 0.960000
vt 0.946667 0.420000
vt 0.946667 0.680000
vt 0.946667 0.140000
vt 0.946667 0.940000
vt 0.946667 0.400000
vt 0.946667 0.660000
vt 0.946667 0.120000
vt 0.946667 0.920000
vt 0.946667 0.380000
vt 0.946667 0.640000
vt 0.946667 0.100000
vt 0.946667 0.900000
vt 0.946667 0.360000
vt 0.946667 0.620000
vt 0.946667 0.080000
vt 0.946667 0.880000
vt 0.946667 0.340000
vt 0.946667 0.600000
vt 0.946667 0.060000
vt 0.946667 0.860000
vt 0.946667 0.320000
vt 0.946667 0.580000
vt 0.946667 0.040000
vt 0.946667 0.840000
vt 0.946667 0.300000
vt 0.946667 0.560000
vt 0.946667 0.020000
vt 0.946667 0.820000
vt 0.946667 0.280000
vt 0.946667 0.540000
vt 0.953333 0.000000
vt 0.946667 0.800000
vt 0.946667 0.260000
vt 0.946667 0.520000
vt 0.946667 0.780000
vt 0.946667 0.240000
vt 0.946667 0.500000
vt 0.946667 0.760000
vt 0.946667 0.220000
vt 0.946667 0.480000
vt 0.946667 0.740000
vt 0.933333 0.600000
vt 0.933333 0.080000
vt 0.933333 0.060000
vt 0.933333 0.860000
vt 0.933333 0.340000
vt 0.933333 0.320000
vt 0.933333 0.580000
vt 0.933333 0.040000
vt 0.933333 0.840000
vt 0.933333 0.300000
vt 0.933333 0.560000
vt 0.933333 0.020000
vt 0.933333 0.820000
vt 0.933333 0.280000
vt 0.933333 0.540000
vt 0.940000 0.000000
vt 0.933333 0.800000
vt 0.933333 0.260000
vt 0.933333 0.520000
vt 0.933333 0.780000
vt 0.933333 0.240000
vt 0.933333 0.500000
vt 0.933333 0.760000
vt 0.933333 0.220000
vt 0.933333 0.480000
vt 0.933333 0.740000
vt 0.933333 0.200000
vt 0.933333 0.460000
vt 0.933333 0.720000
vt 0.933333 0.180000
vt 0.940000 1.000000
vt 0.933333 0.980000
vt 0.933333 0.440000
vt 0.933333 0.700000
vt 0.933333 0.160000
vt 0.933333 0.960000
vt 0.933333 0.420000
vt 0.933333 0.680000
vt 0.933333 0.140000
vt 0.933333 0.940000
vt 0.933333 0.400000
vt 0.933333 0.660000
vt 0.933333 0.120000
vt 0.933333 0.920000
vt 0.933333 0.380000
vt 0.933333 0.640000
vt 0.933333 0.100000
vt 0.933333 0.900000
vt 0.933333 0.360000
vt 0.933333 0.620000
vt 0.933333 0.880000
vt 0.920000 0.760000
vt 0.920000 0.740000
vt 0.920000 0.200000
vt 0.920000 0.460000
vt 0.920000 0.720000
vt 0.920000 0.180000
vt 0.926667 1.000000
vt 0.920000 0.980000
vt 0.920000 0.440000
vt 0.920000 0.700000
vt 0.920000 0.160000
vt 0.920000 0.960000
vt 0.920000 0.420000
vt 0.920000 0.680000
vt 0.920000 0.140000
vt 0.920000 0.940000
vt 0.920000 0.400000
vt 0.920000 0.660000
vt 0.920000 0.120000
vt 0.920000 0.920000
vt 0.920000 0.380000
vt 0.920000 0.640000
vt 0.920000 0.100000
vt 0.920000 0.900000
vt 0.920000 0.360000
vt 0.920000 0.620000
vt 0.920000 0.080000
vt 0.920000 0.880000
vt 0.920000 0.340000
vt 0.920000 0.600000
vt 0.920000 0.060000
vt 0.920000 0.860000
vt 0.920000 0.320000
vt 0.920000 0.580000
vt 0.920000 0.040000
vt 0.920000 0.840000
vt 0.920000 0.300000
vt 0.920000 0.560000
vt 0.920000 0.020000
vt 0.920000 0.820000
vt 0.920000 0.280000
vt 0.920000 0.540000
vt 0.926667 0.000000
vt 0.920000 0.800000
vt 0.920000 0.260000
vt 0.920000 0.520000
vt 0.920000 0.780000
vt 0.920000 0.240000
vt 0.920000 0.500000
vt 0.920000 0.220000
vt 0.920000 0.480000
vt 0.906667 0.620000
vt 0.906667 0.080000
vt 0.906667 0.900000
vt 0.906667 0.880000
vt 0.906667 0.340000
vt 0.906667 0.600000
vt 0.906667 0.060000
vt 0.906667 0.860000
vt 0.906667 0.320000
vt 0.906667 0.580000
vt 0.906667 0.040000
vt 0.906667 0.840000
vt 0.906667 0.300000
vt 0.906667 0.560000
vt 0.906667 0.020000
vt 0.906667 0.820000
vt 0.906667 0.280000
vt 0.906667 0.540000
vt 0.913333 0.000000
vt 0.906667 0.800000
vt 0.906667 0.260000
vt 0.906667 0.520000
vt 0.906667 0.780000
vt 0.906667 0.240000
vt 0.906667 0.500000
vt 0.906667 0.760000
vt 0.906667 0.220000
vt 0.906667 0.480000
vt 0.906667 0.740000
vt 0.906667 0.200000
vt 0.906667 0.460000
vt 0.906667 0.720000
vt 0.906667 0.180000
vt 0.913333 1.000000
vt 0.906667 0.980000
vt 0.906667 0.440000
vt 0.906667 0.700000
vt 0.906667 0.160000
vt 0.906667 0.960000
vt 0.906667 0.420000
vt 0.906667 0.680000
vt 0.906667 0.140000
vt 0.906667 0.940000
vt 0.906667 0.400000
vt 0.906667 0.660000
vt 0.906667 0.120000
vt 0.906667 0.920000
vt 0.906667 0.380000
vt 0.906667 0.640000
vt 0.906667 0.100000
vt 0.906667 0.360000
vt 0.893333 0.760000
vt 0.893333 0.240000
vt 0.893333 0.220000
vt 0.893333 0.480000
vt 0.893333 0.740000
vt 0.893333 0.200000
vt 0.893333 0.460000
vt 0.893333 0.720000
vt 0.893333 0.180000
vt 0.900000 1.000000
vt 0.893333 0.980000
vt 0.893333 0.440000
vt 0.893333 0.700000
vt 0.893333 0.160000
vt 0.893333 0.960000
vt 0.893333 0.420000
vt 0.893333 0.680000
vt 0.893333 0.140000
vt 0.893333 0.940000
vt 0.893333 0.400000
vt 0.893333 0.660000
vt 0.893333 0.120000
vt 0.893333 0.920000
vt 0.893333 0.380000
vt 0.893333 0.640000
vt 0.893333 0.100000
vt 0.893333 0.900000
vt 0.893333 0.360000
vt 0.893333 0.620000
vt 0.893333 0.080000
vt 0.893333 0.880000
vt 0.893333 0.340000
vt 0.893333 0.600000
vt 0.893333 0.060000
vt 0.893333 0.860000
vt 0.893333 0.320000
vt 0.893333 0.580000
vt 0.893333 0.040000
vt 0.893333 0.840000
vt 0.893333 0.300000
vt 0.893333 0.560000
vt 0.893333 0.020000
vt 0.893333 0.820000
vt 0.893333 0.280000
vt 0.893333 0.540000
vt 0.900000 0.000000
vt 0.893333 0.800000
vt 0.893333 0.260000
vt 0.893333 0.520000
vt 0.893333 0.780000
vt 0.893333 0.500000
vt 0.880000 0.660000
vt 0.880000 0.640000
vt 0.880000 0.120000
vt 0.880000 0.100000
vt 0.880000 0.920000
vt 0.880000 0.900000
vt 0.880000 0.360000
vt 0.880000 0.620000
vt 0.880000 0.080000
vt 0.880000 0.880000
vt 0.880000 0.340000
vt 0.880000 0.600000
vt 0.880000 0.060000
vt 0.880000 0.860000
vt 0.880000 0.320000
vt 0.880000 0.580000
vt 0.880000 0.040000
vt 0.880000 0.840000
vt 0.880000 0.300000
vt 0.880000 0.560000
vt 0.880000 0.020000
vt 0.880000 0.820000
vt 0.880000 0.280000
vt 0.880000 0.540000
vt 0.886667 0.000000
vt 0.880000 0.800000
vt 0.880000 0.260000
vt 0.880000 0.520000
vt 0.880000 0.780000
vt 0.880000 0.240000
vt 0.880000 0.500000
vt 0.880000 0.760000
vt 0.880000 0.220000
vt 0.880000 0.480000
vt 0.880000 0.740000
vt 0.880000 0.200000
vt 0.880000 0.460000
vt 0.880000 0.720000
vt 0.880000 0.180000
vt 0.886667 1.000000
vt 0.880000 0.980000
vt 0.880000 0.440000
vt 0.880000 0.700000
vt 0.880000 0.160000
vt 0.880000 0.960000
vt 0.880000 0.420000
vt 0.880000 0.680000
vt 0.880000 0.140000
vt 0.880000 0.940000
vt 0.880000 0.400000
vt 0.880000 0.380000
vt 0.866667 0.800000
vt 0.866667 0.780000
vt 0.866667 0.240000
vt 0.866667 0.060000
vt 0.866667 0.040000
vt 0.866667 0.500000
vt 0.866667 0.760000
vt 0.866667 0.020000
vt 0.866667 0.480000
vt 0.866667 0.740000
vt 0.873333 0.000000
vt 0.866667 0.460000
vt 0.866667 0.720000
vt 0.873333 1.000000
vt 0.866667 0.980000
vt 0.866667 0.440000
vt 0.866667 0.700000
vt 0.866667 0.960000
vt 0.866667 0.420000
vt 0.866667 0.220000
vt 0.866667 0.680000
vt 0.866667 0.940000
vt 0.866667 0.400000
vt 0.866667 0.200000
vt 0.866667 0.660000
vt 0.866667 0.920000
vt 0.866667 0.380000
vt 0.866667 0.180000
vt 0.866667 0.640000
vt 0.866667 0.900000
vt 0.866667 0.360000
vt 0.866667 0.160000
vt 0.866667 0.620000
vt 0.866667 0.880000
vt 0.866667 0.340000
vt 0.866667 0.140000
vt 0.866667 0.600000
vt 0.866667 0.860000
vt 0.866667 0.320000
vt 0.866667 0.120000
vt 0.866667 0.580000
vt 0.866667 0.840000
vt 0.866667 0.300000
vt 0.866667 0.100000
vt 0.866667 0.560000
vt 0.866667 0.820000
vt 0.866667 0.280000
vt 0.866667 0.080000
vt 0.866667 0.540000
vt 0.866667 0.260000
vt 0.866667 0.520000
vt 0.853333 0.460000
vt 0.853333 0.720000
vt 0.853333 0.200000
vt 0.853333 0.180000
vt 0.860000 1.000000
vt 0.853333 0.980000
vt 0.853333 0.440000
vt 0.853333 0.700000
vt 0.853333 0.160000
vt 0.853333 0.960000
vt 0.853333 0.420000
vt 0.853333 0.680000
vt 0.853333 0.140000
vt 0.853333 0.940000
vt 0.853333 0.400000
vt 0.853333 0.660000
vt 0.853333 0.120000
vt 0.853333 0.920000
vt 0.853333 0.380000
vt 0.853333 0.640000
vt 0.853333 0.100000
vt 0.853333 0.900000
vt 0.853333 0.360000
vt 0.853333 0.620000
vt 0.853333 0.080000
vt 0.853333 0.880000
vt 0.853333 0.340000
vt 0.853333 0.600000
vt 0.853333 0.060000
vt 0.853333 0.860000
vt 0.853333 0.320000
vt 0.853333 0.580000
vt 0.853333 0.040000
vt 0.853333 0.840000
vt 0.853333 0.300000
vt 0.853333 0.560000
vt 0.853333 0.020000
vt 0.853333 0.820000
vt 0.853333 0.280000
vt 0.853333 0.540000
vt 0.860000 0.000000
vt 0.853333 0.800000
vt 0.853333 0.260000
vt 0.853333 0.520000
vt 0.853333 0.780000
vt 0.853333 0.240000
vt 0.853333 0.500000
vt 0.853333 0.760000
vt 0.853333 0.220000
vt 0.853333 0.480000
vt 0.853333 0.740000
vt 0.840000 0.340000
vt 0.840000 0.600000
vt 0.840000 0.060000
vt 0.840000 0.860000
vt 0.840000 0.320000
vt 0.840000 0.580000
vt 0.840000 0.040000
vt 0.840000 0.840000
vt 0.840000 0.300000
vt 0.840000 0.560000
vt 0.840000 0.020000
vt 0.840000 0.820000
vt 0.840000 0.280000
vt 0.840000 0.540000
vt 0.846667 0.000000
vt 0.840000 0.800000
vt 0.840000 0.260000
vt 0.840000 0.520000
vt 0.840000 0.780000
vt 0.840000 0.240000
vt 0.840000 0.500000
vt 0.840000 0.760000
vt 0.840000 0.220000
vt 0.840000 0.480000
vt 0.840000 0.740000
vt 0.840000 0.200000
vt 0.840000 0.460000
vt 0.840000 0.720000
vt 0.840000 0.180000
vt 0.846667 1.000000
vt 0.840000 0.980000
vt 0.840000 0.440000
vt 0.840000 0.700000
vt 0.840000 0.160000
vt 0.840000 0.960000
vt 0.840000 0.420000
vt 0.840000 0.680000
vt 0.840000 0.140000
vt 0.840000 0.940000
vt 0.840000 0.400000
vt 0.840000 0.660000
vt 0.840000 0.120000
vt 0.840000 0.920000
vt 0.840000 0.380000
vt 0.840000 0.640000
vt 0.840000 0.100000
vt 0.840000 0.900000
vt 0.840000 0.360000
vt 0.840000 0.620000
vt 0.840000 0.080000
vt 0.840000 0.880000
vt 0.826667 0.500000
vt 0.826667 0.480000
vt 0.826667 0.760000
vt 0.826667 0.740000
vt 0.826667 0.200000
vt 0.826667 0.460000
vt 0.826667 0.720000
vt 0.826667 0.180000
vt 0.833333 1.000000
vt 0.826667 0.980000
vt 0.826667 0.440000
vt 0.826667 0.700000
vt 0.826667 0.160000
vt 0.826667 0.960000
vt 0.826667 0.420000
vt 0.826667 0.680000
vt 0.826667 0.140000
vt 0.826667 0.940000
vt 0.826667 0.400000
vt 0.826667 0.660000
vt 0.826667 0.120000
vt 0.826667 0.920000
vt 0.826667 0.380000
vt 0.826667 0.640000
vt 0.826667 0.100000
vt 0.826667 0.900000
vt 0.826667 0.360000
vt 0.826667 0.620000
vt 0.826667 0.080000
vt 0.826667 0.880000
vt 0.826667 0.340000
vt 0.826667 0.600000
vt 0.826667 0.060000
vt 0.826667 0.860000
vt 0.826667 0.320000
vt 0.826667 0.580000
vt 0.826667 0.040000
vt 0.826667 0.840000
vt 0.826667 0.300000
vt 0.826667 0.560000
vt 0.826667 0.020000
vt 0.826667 0.820000
vt 0.826667 0.280000
vt 0.826667 0.540000
vt 0.833333 0.000000
vt 0.826667 0.800000
vt 0.826667 0.260000
vt 0.826667 0.520000
vt 0.826667 0.780000
vt 0.826667 0.240000
vt 0.826667 0.220000
vt 0.813333 0.360000
vt 0.813333 0.640000
vt 0.813333 0.620000
vt 0.813333 0.080000
vt 0.813333 0.880000
vt 0.813333 0.340000
vt 0.813333 0.600000
vt 0.813333 0.060000
vt 0.813333 0.860000
vt 0.813333 0.320000
vt 0.813333 0.580000
vt 0.813333 0.040000
vt 0.813333 0.840000
vt 0.813333 0.300000
vt 0.813333 0.560000
vt 0.813333 0.020000
vt 0.813333 0.820000
vt 0.813333 0.280000
vt 0.813333 0.540000
vt 0.820000 0.000000
vt 0.813333 0.800000
vt 0.813333 0.260000
vt 0.813333 0.520000
vt 0.813333 0.780000
vt 0.813333 0.240000
vt 0.813333 0.500000
vt 0.813333 0.760000
vt 0.813333 0.220000
vt 0.813333 0.480000
vt 0.813333 0.740000
vt 0.813333 0.200000
vt 0.813333 0.460000
vt 0.813333 0.720000
vt 0.813333 0.180000
vt 0.820000 1.000000
vt 0.813333 0.980000
vt 0.813333 0.440000
vt 0.813333 0.700000
vt 0.813333 0.160000
vt 0.813333 0.960000
vt 0.813333 0.420000
vt 0.813333 0.680000
vt 0.813333 0.140000
vt 0.813333 0.940000
vt 0.813333 0.400000
vt 0.813333 0.660000
vt 0.813333 0.120000
vt 0.813333 0.920000
vt 0.813333 0.380000
vt 0.813333 0.100000
vt 0.813333 0.900000
vt 0.800000 0.520000
vt 0.800000 0.500000
vt 0.800000 0.760000
vt 0.800000 0.240000
vt 0.800000 0.220000
vt 0.800000 0.480000
vt 0.800000 0.740000
vt 0.800000 0.200000
vt 0.800000 0.460000
vt 0.800000 0.720000
vt 0.800000 0.180000
vt 0.806667 1.000000
vt 0.800000 0.980000
vt 0.800000 0.440000
vt 0.800000 0.700000
vt 0.800000 0.160000
vt 0.800000 0.960000
vt 0.800000 0.420000
vt 0.800000 0.680000
vt 0.800000 0.140000
vt 0.800000 0.940000
vt 0.800000 0.400000
vt 0.800000 0.660000
vt 0.800000 0.120000
vt 0.800000 0.920000
vt 0.800000 0.380000
vt 0.800000 0.640000
vt 0.800000 0.100000
vt 0.800000 0.900000
vt 0.800000 0.360000
vt 0.800000 0.620000
vt 0.800000 0.080000
vt 0.800000 0.880000
vt 0.800000 0.340000
vt 0.800000 0.600000
vt 0.800000 0.060000
vt 0.800000 0.860000
vt 0.800000 0.320000
vt 0.800000 0.580000
vt 0.800000 0.040000
vt 0.800000 0.840000
vt 0.800000 0.300000
vt 0.800000 0.560000
vt 0.800000 0.020000
vt 0.800000 0.820000
vt 0.800000 0.280000
vt 0.800000 0.540000
vt 0.806667 0.000000
vt 0.800000 0.800000
vt 0.800000 0.260000
vt 0.800000 0.780000
vt 0.786667 0.400000
vt 0.786667 0.380000
vt 0.786667 0.640000
vt 0.786667 0.120000
vt 0.786667 0.100000
vt 0.786667 0.920000
vt 0.786667 0.900000
vt 0.786667 0.360000
vt 0.786667 0.620000
vt 0.786667 0.080000
vt 0.786667 0.880000
vt 0.786667 0.340000
vt 0.786667 0.600000
vt 0.786667 0.060000
vt 0.786667 0.860000
vt 0.786667 0.320000
vt 0.786667 0.580000
vt 0.786667 0.040000
vt 0.786667 0.840000
vt 0.786667 0.300000
vt 0.786667 0.560000
vt 0.786667 0.020000
vt 0.786667 0.820000
vt 0.786667 0.280000
vt 0.786667 0.540000
vt 0.793333 0.000000
vt 0.786667 0.800000
vt 0.786667 0.260000
vt 0.786667 0.520000
vt 0.786667 0.780000
vt 0.786667 0.240000
vt 0.786667 0.500000
vt 0.786667 0.760000
vt 0.786667 0.220000
vt 0.786667 0.480000
vt 0.786667 0.740000
vt 0.786667 0.200000
vt 0.786667 0.460000
vt 0.786667 0.720000
vt 0.786667 0.180000
vt 0.793333 1.000000
vt 0.786667 0.980000
vt 0.786667 0.440000
vt 0.786667 0.700000
vt 0.786667 0.160000
vt 0.786667 0.960000
vt 0.786667 0.420000
vt 0.786667 0.680000
vt 0.786667 0.140000
vt 0.786667 0.940000
vt 0.786667 0.660000
vt 0.773333 0.540000
vt 0.773333 0.520000
vt 0.773333 0.800000
vt 0.773333 0.780000
vt 0.773333 0.240000
vt 0.773333 0.500000
vt 0.773333 0.760000
vt 0.773333 0.220000
vt 0.773333 0.480000
vt 0.773333 0.740000
vt 0.773333 0.200000
vt 0.773333 0.460000
vt 0.773333 0.720000
vt 0.773333 0.180000
vt 0.780000 1.000000
vt 0.773333 0.980000
vt 0.773333 0.440000
vt 0.773333 0.700000
vt 0.773333 0.160000
vt 0.773333 0.960000
vt 0.773333 0.420000
vt 0.773333 0.680000
vt 0.773333 0.140000
vt 0.773333 0.940000
vt 0.773333 0.400000
vt 0.773333 0.660000
vt 0.773333 0.120000
vt 0.773333 0.920000
vt 0.773333 0.380000
vt 0.773333 0.640000
vt 0.773333 0.100000
vt 0.773333 0.900000
vt 0.773333 0.360000
vt 0.773333 0.620000
vt 0.773333 0.080000
vt 0.773333 0.880000
vt 0.773333 0.340000
vt 0.773333 0.600000
vt 0.773333 0.060000
vt 0.773333 0.860000
vt 0.773333 0.320000
vt 0.773333 0.580000
vt 0.773333 0.040000
vt 0.773333 0.840000
vt 0.773333 0.300000
vt 0.773333 0.560000
vt 0.773333 0.020000
vt 0.773333 0.820000
vt 0.773333 0.280000
vt 0.780000 0.000000
vt 0.773333 0.260000
vt 0.760000 0.420000
vt 0.760000 0.400000
vt 0.760000 0.660000
vt 0.760000 0.140000
vt 0.760000 0.120000
vt 0.760000 0.940000
vt 0.760000 0.920000
vt 0.760000 0.380000
vt 0.760000 0.640000
vt 0.760000 0.100000
vt 0.760000 0.900000
vt 0.760000 0.360000
vt 0.760000 0.620000
vt 0.760000 0.080000
vt 0.760000 0.880000
vt 0.760000 0.340000
vt 0.760000 0.600000
vt 0.760000 0.060000
vt 0.760000 0.860000
vt 0.760000 0.320000
vt 0.760000 0.580000
vt 0.760000 0.040000
vt 0.760000 0.840000
vt 0.760000 0.300000
vt 0.760000 0.560000
vt 0.760000 0.020000
vt 0.760000 0.820000
vt 0.760000 0.280000
vt 0.760000 0.540000
vt 0.766667 0.000000
vt 0.760000 0.800000
vt 0.760000 0.260000
vt 0.760000 0.520000
vt 0.760000 0.780000
vt 0.760000 0.240000
vt 0.760000 0.500000
vt 0.760000 0.760000
vt 0.760000 0.220000
vt 0.760000 0.480000
vt 0.760000 0.740000
vt 0.760000 0.200000
vt 0.760000 0.460000
vt 0.760000 0.720000
vt 0.760000 0.180000
vt 0.766667 1.000000
vt 0.760000 0.980000
vt 0.760000 0.440000
vt 0.760000 0.700000
vt 0.760000 0.160000
vt 0.760000 0.960000
vt 0.760000 0.680000
vt 0.753333 0.000000
vt 0.753333 1.000000
s 1
f 7/1/1 43/2/1 44/3/1
f 3652/4/2 31/5/2 3653/6/2
f 11/7/3 57/8/3 58/9/4
f 2/10/5 18/11/5 3643/12/5
f 3665/13/6 44/3/6 45/14/6
f 3653/6/7 32/15/7 6/16/7
f 12/17/8 58/9/8 59/18/8
f 3643/12/9 19/19/9 3644/20/9
f 3666/21/10 45/14/10 46/22/10
f 6/16/11 33/23/11 3654/24/12
f 3675/25/13 59/18/13 60/26/13
f 3644/20/14 20/27/15 3645/28/15
f 3667/29/16 46/22/16 47/30/17
f 3654/24/18 34/31/18 3655/32/18
f 3676/33/19 60/26/20 61/34/21
f 3645/28/22 21/35/22 3646/36/22
f 3668/37/23 47/30/23 48/38/23
f 3656/39/24 34/31/24 35/40/24
f 13/41/25 61/34/26 62/42/26
f 3646/36/27 22/43/27 3647/44/27
f 8/45/28 48/38/28 49/46/28
f 3656/39/29 36/47/29 3657/48/29
f 3677/49/30 13/41/31 62/42/32
f 3647/44/33 23/50/33 3648/51/33
f 9/52/34 49/46/34 50/53/34
f 3658/54/35 36/47/35 37/55/35
f 3648/51/36 24/56/36 3/57/36
f 3669/58/37 50/53/37 51/59/37
f 3659/60/38 37/55/38 38/61/38
f 3/57/39 25/62/39 3649/63/39
f 10/64/40 51/59/40 52/65/40
f 3659/60/41 39/66/41 3660/67/41
f 3649/63/42 26/68/42 4/69/42
f 3670/70/43 52/65/43 53/71/43
f 3660/67/44 40/72/44 3661/73/44
f 4/69/45 27/74/45 5/75/45
f 3671/76/46 53/71/46 54/77/47
f 1/78/48 2611/79/49 14/80/50
f 3662/81/51 40/72/51 41/82/51
f 5/75/52 28/83/52 3650/84/52
f 3672/85/53 54/77/53 55/86/53
f 1/78/54 15/87/55 3641/88/56
f 3662/81/57 42/89/57 3663/90/57
f 3650/84/58 29/91/58 3651/92/58
f 3673/93/59 55/86/59 56/94/59
f 3641/88/60 16/95/61 3642/96/62
f 3664/97/63 42/89/63 43/2/64
f 3651/92/65 30/98/65 3652/4/65
f 3674/99/66 56/94/67 57/8/66
f 3642/96/68 17/100/68 2/10/68
f 61/34/21 109/101/69 110/102/69
f 20/27/70 70/103/70 21/35/70
f 48/38/71 96/104/71 97/105/71
f 34/31/72 84/106/72 35/40/72
f 61/34/26 111/107/73 62/42/26
f 22/43/74 70/103/74 71/108/74
f 48/38/75 98/109/75 49/46/75
f 36/47/76 84/106/76 85/110/76
f 3677/111/30 62/42/32 111/107/77
f 23/50/78 71/108/78 72/112/78
f 49/46/79 99/113/79 50/53/80
f 37/55/81 85/110/81 86/114/81
f 23/50/82 73/115/82 24/56/82
f 50/53/83 100/116/83 51/59/83
f 37/55/84 87/117/84 38/61/85
f 25/62/86 73/115/86 74/118/86
f 51/59/87 101/119/87 52/65/87
f 38/61/88 88/120/89 39/66/88
f 26/68/90 74/118/90 75/121/90
f 52/65/91 102/122/91 53/71/91
f 39/66/92 89/123/92 40/72/93
f 26/68/94 76/124/94 27/74/94
f 53/71/95 103/125/95 54/77/95
f 14/80/50 2611/126/49 63/127/96
f 40/72/97 90/128/97 41/82/97
f 27/74/98 77/129/98 28/83/98
f 54/77/99 104/130/99 55/86/99
f 14/80/100 64/131/100 15/87/55
f 42/89/101 90/128/101 91/132/101
f 28/83/102 78/133/102 29/91/102
f 56/94/103 104/130/103 105/134/103
f 16/95/61 64/131/104 65/135/104
f 43/2/105 91/132/105 92/136/106
f 30/98/107 78/133/108 79/137/108
f 56/94/109 106/138/109 57/8/109
f 17/100/110 65/135/110 66/139/110
f 43/2/111 93/140/111 44/3/111
f 30/98/112 80/141/112 31/5/112
f 58/9/113 106/138/113 107/142/113
f 17/100/114 67/143/114 18/11/114
f 44/3/115 94/144/115 45/14/115
f 32/15/116 80/141/116 81/145/116
f 59/18/117 107/142/117 108/146/117
f 18/11/118 68/147/118 19/19/118
f 45/14/119 95/148/119 46/22/119
f 33/23/120 81/145/120 82/149/120
f 59/18/121 109/101/121 60/26/121
f 20/27/122 68/147/122 69/150/122
f 46/22/123 96/104/124 47/30/123
f 33/23/125 83/151/125 34/31/125
f 76/124/126 124/152/126 125/153/126
f 103/125/127 151/154/127 152/155/127
f 63/127/96 2611/156/49 112/157/128
f 90/128/129 138/158/129 139/159/129
f 76/124/130 126/160/130 77/129/130
f 104/130/131 152/155/131 153/161/131
f 63/127/132 113/162/133 64/131/100
f 90/128/134 140/163/134 91/132/134
f 77/129/135 127/164/135 78/133/135
f 105/134/136 153/161/136 154/165/136
f 64/131/104 114/166/137 65/135/104
f 91/132/138 141/167/138 92/136/139
f 78/133/140 128/168/140 79/137/141
f 105/134/142 155/169/142 106/138/142
f 66/139/143 114/166/143 115/170/143
f 92/136/144 142/171/144 93/140/144
f 80/141/145 128/168/145 129/172/145
f 106/138/146 156/173/146 107/142/146
f 67/143/147 115/170/147 116/174/147
f 93/140/148 143/175/148 94/144/148
f 80/141/149 130/176/149 81/145/149
f 108/146/150 156/173/150 157/177/150
f 68/147/151 116/174/151 117/178/151
f 94/144/152 144/179/152 95/148/152
f 81/145/153 131/180/153 82/149/153
f 108/146/154 158/181/154 109/101/154
f 68/147/155 118/182/155 69/150/155
f 96/104/156 144/179/157 145/183/157
f 82/149/158 132/184/158 83/151/159
f 109/101/69 159/185/160 110/102/69
f 69/150/161 119/186/161 70/103/161
f 97/105/162 145/183/162 146/187/162
f 84/106/163 132/184/163 133/188/163
f 110/102/164 160/189/165 111/107/73
f 70/103/166 120/190/166 71/108/166
f 97/105/167 147/191/167 98/109/167
f 84/106/168 134/192/168 85/110/168
f 3677/193/30 111/107/77 160/189/169
f 71/108/170 121/194/170 72/112/170
f 98/109/171 148/195/171 99/113/171
f 86/114/172 134/192/172 135/196/172
f 72/112/173 122/197/173 73/115/173
f 100/116/174 148/195/174 149/198/174
f 86/114/175 136/199/175 87/117/175
f 73/115/176 123/200/176 74/118/176
f 101/119/177 149/198/177 150/201/177
f 87/117/178 137/202/178 88/120/178
f 74/118/179 124/152/179 75/121/179
f 101/119/180 151/154/180 102/122/180
f 88/120/181 138/158/181 89/123/181
f 157/177/182 207/203/182 158/181/182
f 117/178/183 167/204/183 118/182/183
f 145/183/184 193/205/184 194/206/184
f 131/180/185 181/207/185 132/184/185
f 159/185/160 207/203/186 208/208/186
f 118/182/187 168/209/187 119/186/187
f 145/183/188 195/210/188 146/187/188
f 133/188/189 181/207/189 182/211/189
f 159/185/190 209/212/191 160/189/165
f 120/190/192 168/209/192 169/213/192
f 146/187/193 196/214/193 147/191/193
f 133/188/194 183/215/194 134/192/194
f 3677/216/195 160/189/196 209/212/197
f 120/190/198 170/217/198 121/194/198
f 147/191/199 197/218/199 148/195/199
f 135/196/200 183/215/200 184/219/200
f 121/194/201 171/220/201 122/197/201
f 148/195/202 198/221/202 149/198/202
f 135/196/203 185/222/203 136/199/203
f 122/197/204 172/223/204 123/200/204
f 150/201/205 198/221/205 199/224/205
f 137/202/206 185/222/206 186/225/206
f 124/152/207 172/223/207 173/226/207
f 150/201/208 200/227/208 151/154/208
f 137/202/209 187/228/209 138/158/209
f 124/152/210 174/229/210 125/153/210
f 152/155/211 200/227/211 201/230/211
f 112/157/128 2611/231/49 161/232/212
f 139/159/213 187/228/213 188/233/213
f 125/153/214 175/234/214 126/160/214
f 152/155/215 202/235/215 153/161/215
f 112/157/216 162/236/217 113/162/133
f 139/159/218 189/237/218 140/163/218
f 126/160/219 176/238/219 127/164/219
f 154/165/220 202/235/220 203/239/220
f 113/162/221 163/240/222 114/166/137
f 141/167/223 189/237/223 190/241/223
f 127/164/224 177/242/224 128/168/224
f 154/165/225 204/243/225 155/169/225
f 114/166/226 164/244/226 115/170/226
f 141/167/227 191/245/227 142/171/227
f 128/168/228 178/246/228 129/172/229
f 156/173/230 204/243/230 205/247/230
f 116/174/231 164/244/231 165/248/231
f 142/171/232 192/249/232 143/175/232
f 130/176/233 178/246/233 179/250/233
f 156/173/234 206/251/234 157/177/234
f 116/174/235 166/252/235 117/178/235
f 144/179/236 192/249/236 193/205/236
f 130/176/237 180/253/237 131/180/237
f 173/226/238 221/254/238 222/255/238
f 199/224/239 249/256/239 200/227/239
f 186/225/240 236/257/240 187/228/240
f 174/229/241 222/255/241 223/258/241
f 201/230/242 249/256/242 250/259/242
f 161/232/212 2611/260/49 210/261/243
f 187/228/244 237/262/244 188/233/244
f 174/229/245 224/263/245 175/234/245
f 201/230/246 251/264/246 202/235/246
f 161/232/247 211/265/248 162/236/217
f 188/233/249 238/266/249 189/237/249
f 175/234/250 225/267/250 176/238/250
f 203/239/251 251/264/251 252/268/252
f 162/236/253 212/269/254 163/240/222
f 189/237/255 239/270/255 190/241/255
f 176/238/256 226/271/256 177/242/256
f 203/239/257 253/272/257 204/243/257
f 164/244/258 212/269/258 213/273/258
f 190/241/259 240/274/259 191/245/259
f 177/242/260 227/275/260 178/246/260
f 204/243/261 254/276/261 205/247/261
f 165/248/262 213/273/262 214/277/262
f 191/245/263 241/278/263 192/249/263
f 179/250/264 227/275/264 228/279/265
f 206/251/266 254/276/266 255/280/266
f 166/252/267 214/277/267 215/281/267
f 193/205/268 241/278/268 242/282/268
f 180/253/269 228/279/269 229/283/269
f 207/203/270 255/280/270 256/284/270
f 167/204/271 215/281/271 216/285/271
f 194/206/272 242/282/272 243/286/272
f 180/253/273 230/287/273 181/207/273
f 207/203/186 257/288/274 208/208/186
f 167/204/275 217/289/275 168/209/275
f 194/206/276 244/290/276 195/210/276
f 182/211/277 230/287/277 231/291/277
f 209/212/191 257/288/278 258/292/279
f 169/213/280 217/289/280 218/293/280
f 195/210/281 245/294/281 196/214/281
f 182/211/282 232/295/282 183/215/282
f 3677/296/195 209/212/197 258/292/283
f 169/213/284 219/297/284 170/217/284
f 196/214/285 246/298/285 197/218/285
f 184/219/286 232/295/286 233/299/286
f 171/220/287 219/297/287 220/300/287
f 197/218/288 247/301/288 198/221/288
f 184/219/289 234/302/289 185/222/289
f 172/223/290 220/300/290 221/254/290
f 198/221/291 248/303/291 199/224/291
f 186/225/292 234/302/292 235/304/292
f 254/276/293 304/305/293 255/280/293
f 214/277/294 264/306/294 215/281/294
f 242/282/295 290/307/295 291/308/295
f 228/279/296 278/309/296 229/283/296
f 255/280/297 305/310/297 256/284/297
f 216/285/298 264/306/298 265/311/298
f 243/286/299 291/308/299 292/312/299
f 229/283/300 279/313/300 230/287/300
f 256/284/301 306/314/301 257/288/274
f 216/285/302 266/315/302 217/289/302
f 244/290/303 292/312/303 293/316/303
f 231/291/304 279/313/304 280/317/304
f 258/292/279 306/314/305 307/318/305
f 218/293/306 266/315/306 267/319/306
f 244/290/307 294/320/307 245/294/307
f 231/291/308 281/321/308 232/295/308
f 3677/322/195 258/292/283 307/318/309
f 218/293/310 268/323/310 219/297/311
f 245/294/312 295/324/312 246/298/312
f 233/299/313 281/321/313 282/325/313
f 220/300/314 268/323/314 269/326/314
f 246/298/315 296/327/315 247/301/315
f 233/299/316 283/328/316 234/302/316
f 220/300/317 270/329/317 221/254/317
f 247/301/318 297/330/318 248/303/318
f 235/304/319 283/328/319 284/331/319
f 222/255/320 270/329/320 271/332/320
f 248/303/321 298/333/321 249/256/321
f 235/304/322 285/334/322 236/257/322
f 223/258/323 271/332/323 272/335/324
f 250/259/325 298/333/325 299/336/325
f 210/261/243 2611/337/49 259/338/326
f 237/262/327 285/334/327 286/339/328
f 224/263/329 272/335/329 273/340/329
f 250/259/330 300/341/330 251/264/330
f 211/265/248 259/338/331 260/342/331
f 237/262/332 287/343/332 238/266/332
f 224/263/333 274/344/333 225/267/333
f 251/264/334 301/345/334 252/268/334
f 212/269/254 260/342/335 261/346/335
f 239/270/336 287/343/336 288/347/336
f 225/267/337 275/348/337 226/271/337
f 252/268/338 302/349/338 253/272/339
f 212/269/340 262/350/340 213/273/340
f 239/270/341 289/351/341 240/274/341
f 226/271/342 276/352/342 227/275/342
f 254/276/343 302/349/343 303/353/343
f 214/277/344 262/350/344 263/354/344
f 240/274/345 290/307/345 241/278/345
f 228/279/346 276/352/346 277/355/346
f 269/326/347 319/356/347 270/329/347
f 297/330/348 345/357/348 346/358/348
f 284/331/349 332/359/349 333/360/349
f 271/332/350 319/356/350 320/361/350
f 297/330/351 347/362/351 298/333/351
f 284/331/352 334/363/352 285/334/352
f 271/332/353 321/364/353 272/335/353
f 299/336/354 347/362/354 348/365/354
f 259/338/326 2611/366/49 308/367/355
f 286/339/356 334/363/356 335/368/356
f 273/340/357 321/364/357 322/369/357
f 299/336/358 349/370/358 300/341/358
f 259/338/331 309/371/359 260/342/331
f 286/339/360 336/372/360 287/343/360
f 273/340/361 323/373/361 274/344/361
f 301/345/362 349/370/362 350/374/362
f 260/342/335 310/375/363 261/346/335
f 288/347/364 336/372/364 337/376/364
f 275/348/365 323/373/365 324/377/365
f 301/345/366 351/378/366 302/349/366
f 261/346/367 311/379/367 262/350/367
f 288/347/368 338/380/368 289/351/368
f 275/348/369 325/381/369 276/352/369
f 302/349/370 352/382/371 303/353/371
f 262/350/372 312/383/372 263/354/372
f 290/307/373 338/380/373 339/384/373
f 276/352/374 326/385/374 277/355/374
f 303/353/375 353/386/375 304/305/375
f 263/354/376 313/387/377 264/306/377
f 291/308/378 339/384/378 340/388/378
f 278/309/379 326/385/379 327/389/379
f 304/305/380 354/390/380 305/310/380
f 265/311/381 313/387/381 314/391/381
f 291/308/382 341/392/382 292/312/382
f 278/309/383 328/393/383 279/313/383
f 305/310/384 355/394/384 306/314/301
f 265/311/385 315/395/385 266/315/385
f 293/316/386 341/392/386 342/396/387
f 280/317/388 328/393/388 329/397/388
f 306/314/305 356/398/389 307/318/305
f 267/319/390 315/395/390 316/399/390
f 293/316/391 343/400/391 294/320/392
f 280/317/393 330/401/393 281/321/394
f 3677/402/195 307/318/309 356/398/395
f 267/319/396 317/403/396 268/323/396
f 294/320/397 344/404/397 295/324/398
f 282/325/399 330/401/399 331/405/399
f 269/326/400 317/403/400 318/406/400
f 295/324/401 345/357/401 296/327/401
f 282/325/402 332/359/402 283/328/402
f 351/378/403 401/407/403 352/382/403
f 312/383/404 360/408/404 361/409/404
f 339/384/405 387/410/405 388/411/405
f 325/381/406 375/412/406 326/385/406
f 352/382/407 402/413/407 353/386/407
f 313/387/408 361/409/408 362/414/408
f 339/384/409 389/415/409 340/388/409
f 327/389/410 375/412/410 376/416/410
f 353/386/411 403/417/411 354/390/411
f 314/391/412 362/414/413 363/418/412
f 340/388/414 390/419/414 341/392/414
f 327/389/415 377/420/415 328/393/415
f 354/390/416 404/421/416 355/394/384
f 314/391/417 364/422/417 315/395/417
f 341/392/418 391/423/418 342/396/418
f 329/397/419 377/420/419 378/424/419
f 355/394/420 405/425/421 356/398/389
f 316/399/422 364/422/422 365/426/422
f 342/396/423 392/427/423 343/400/423
f 329/397/424 379/428/424 330/401/424
f 3677/429/195 356/398/395 405/425/425
f 316/399/426 366/430/426 317/403/426
f 344/404/427 392/427/427 393/431/427
f 331/405/428 379/428/428 380/432/428
f 318/406/429 366/430/429 367/433/429
f 344/404/430 394/434/430 345/357/430
f 332/359/431 380/432/431 381/435/431
f 318/406/432 368/436/432 319/356/432
f 346/358/433 394/434/433 395/437/433
f 332/359/434 382/438/434 333/360/434
f 320/361/435 368/436/435 369/439/435
f 346/358/436 396/440/436 347/362/436
f 333/360/437 383/441/437 334/363/437
f 320/361/438 370/442/438 321/364/438
f 348/365/439 396/440/439 397/443/439
f 308/367/440 2611/444/441 357/445/442
f 335/368/443 383/441/443 384/446/444
f 322/369/445 370/442/445 371/447/445
f 348/365/446 398/448/446 349/370/446
f 309/371/359 357/445/447 358/449/447
f 335/368/448 385/450/448 336/372/448
f 322/369/449 372/451/449 323/373/449
f 350/374/450 398/448/450 399/452/450
f 309/371/451 359/453/452 310/375/363
f 337/376/453 385/450/453 386/454/453
f 324/377/454 372/451/454 373/455/454
f 350/374/455 400/456/456 351/378/456
f 310/375/457 360/408/457 311/379/457
f 337/376/458 387/410/458 338/380/458
f 324/377/459 374/457/459 325/381/459
f 367/433/460 415/458/460 416/459/460
f 393/431/461 443/460/461 394/434/461
f 380/432/462 430/461/462 381/435/462
f 367/433/463 417/462/463 368/436/463
f 395/437/464 443/460/464 444/463/464
f 382/438/465 430/461/465 431/464/465
f 369/439/466 417/462/466 418/465/466
f 395/437/467 445/466/467 396/440/468
f 382/438/469 432/467/469 383/441/469
f 369/439/470 419/468/470 370/442/470
f 397/443/471 445/466/471 446/469/471
f 357/445/442 2611/470/441 406/471/472
f 384/446/473 432/467/473 433/472/473
f 371/447/474 419/468/474 420/473/474
f 397/443/475 447/474/475 398/448/475
f 357/445/447 407/475/476 358/449/447
f 384/446/477 434/476/477 385/450/477
f 371/447/478 421/477/478 372/451/478
f 399/452/479 447/474/479 448/478/479
f 359/453/452 407/475/480 408/479/481
f 386/454/482 434/476/482 435/480/482
f 372/451/483 422/481/483 373/455/483
f 399/452/484 449/482/484 400/456/484
f 360/408/485 408/479/485 409/483/485
f 386/454/486 436/484/486 387/410/486
f 373/455/487 423/485/487 374/457/487
f 400/456/488 450/486/488 401/407/488
f 361/409/489 409/483/489 410/487/489
f 388/411/490 436/484/490 437/488/490
f 374/457/491 424/489/491 375/412/492
f 401/407/493 451/490/493 402/413/493
f 362/414/494 410/487/494 411/491/494
f 389/415/495 437/488/495 438/492/496
f 376/416/497 424/489/497 425/493/497
f 402/413/498 452/494/498 403/417/498
f 363/418/499 411/491/499 412/495/499
f 389/415/500 439/496/500 390/419/500
f 376/416/501 426/497/501 377/420/501
f 403/417/502 453/498/502 404/421/416
f 363/418/503 413/499/503 364/422/503
f 390/419/504 440/500/504 391/423/504
f 378/424/505 426/497/505 427/501/505
f 404/421/506 454/502/506 405/425/421
f 365/426/507 413/499/507 414/503/507
f 391/423/508 441/504/508 392/427/508
f 378/424/509 428/505/509 379/428/509
f 3677/506/195 405/425/425 454/502/510
f 365/426/511 415/458/511 366/430/511
f 393/431/512 441/504/512 442/507/512
f 380/432/513 428/505/513 429/508/513
f 449/482/514 497/509/514 498/510/514
f 408/479/515 458/511/515 409/483/515
f 435/480/516 485/512/516 436/484/516
f 422/481/517 472/513/517 423/485/517
f 449/482/518 499/514/518 450/486/518
f 409/483/519 459/515/519 410/487/519
f 437/488/520 485/512/520 486/516/520
f 423/485/521 473/517/521 424/489/521
f 451/490/522 499/514/522 500/518/522
f 410/487/523 460/519/523 411/491/523
f 438/492/524 486/516/524 487/520/524
f 425/493/525 473/517/525 474/521/525
f 451/490/526 501/522/526 452/494/526
f 411/491/527 461/523/527 412/495/527
f 438/492/528 488/524/528 439/496/528
f 425/493/529 475/525/529 426/497/529
f 452/494/530 502/526/530 453/498/502
f 412/495/531 462/527/531 413/499/531
f 439/496/532 489/528/532 440/500/532
f 427/501/533 475/525/533 476/529/533
f 453/498/534 503/530/535 454/502/506
f 414/503/536 462/527/536 463/531/536
f 440/500/537 490/532/537 441/504/537
f 427/501/538 477/533/538 428/505/538
f 3677/534/539 454/502/540 503/530/541
f 414/503/542 464/535/542 415/458/542
f 442/507/543 490/532/543 491/536/543
f 429/508/544 477/533/544 478/537/544
f 416/459/545 464/535/545 465/538/545
f 442/507/546 492/539/546 443/460/546
f 429/508/547 479/540/547 430/461/547
f 416/459/548 466/541/548 417/462/548
f 444/463/549 492/539/549 493/542/550
f 431/464/551 479/540/551 480/543/551
f 418/465/552 466/541/552 467/544/552
f 444/463/553 494/545/553 445/466/553
f 431/464/554 481/546/554 432/467/554
f 418/465/555 468/547/555 419/468/555
f 446/469/556 494/545/556 495/548/556
f 406/471/472 2611/549/441 455/550/557
f 433/472/558 481/546/558 482/551/558
f 420/473/559 468/547/559 469/552/559
f 446/469/560 496/553/560 447/474/560
f 406/471/561 456/554/562 407/475/476
f 433/472/563 483/555/563 434/476/563
f 421/477/564 469/552/564 470/556/564
f 447/474/565 497/509/565 448/478/565
f 408/479/481 456/554/481 457/557/566
f 435/480/567 483/555/567 484/558/567
f 421/477/568 471/559/568 422/481/568
f 463/531/569 513/560/569 464/535/569
f 491/536/570 539/561/570 540/562/571
f 478/537/572 526/563/572 527/564/572
f 465/538/573 513/560/573 514/565/573
f 491/536/574 541/566/574 492/539/574
f 478/537/575 528/567/575 479/540/575
f 465/538/576 515/568/576 466/541/576
f 493/542/577 541/566/577 542/569/577
f 480/543/578 528/567/578 529/570/578
f 467/544/579 515/568/579 516/571/579
f 493/542/580 543/572/580 494/545/580
f 480/543/581 530/573/581 481/546/581
f 467/544/582 517/574/582 468/547/582
f 495/548/583 543/572/583 544/575/583
f 455/550/557 2611/576/441 504/577/584
f 482/551/585 530/573/585 531/578/585
f 469/552/586 517/574/586 518/579/586
f 495/548/587 545/580/587 496/553/587
f 455/550/588 505/581/589 456/554/562
f 482/551/590 532/582/590 483/555/590
f 469/552/591 519/583/591 470/556/591
f 496/553/592 546/584/592 497/509/592
f 457/557/566 505/581/593 506/585/593
f 484/558/594 532/582/594 533/586/594
f 471/559/595 519/583/595 520/587/595
f 498/510/596 546/584/596 547/588/596
f 458/511/597 506/585/597 507/589/597
f 484/558/598 534/590/598 485/512/598
f 472/513/599 520/587/599 521/591/599
f 498/510/600 548/592/600 499/514/600
f 459/515/601 507/589/601 508/593/601
f 486/516/602 534/590/602 535/594/602
f 472/513/603 522/595/603 473/517/603
f 500/518/604 548/592/604 549/596/604
f 459/515/605 509/597/605 460/519/605
f 486/516/606 536/598/606 487/520/606
f 474/521/607 522/595/607 523/599/607
f 501/522/608 549/596/608 550/600/608
f 460/519/609 510/601/609 461/523/609
f 487/520/610 537/602/610 488/524/610
f 474/521/611 524/603/611 475/525/611
f 501/522/612 551/604/613 502/526/530
f 462/527/614 510/601/614 511/605/614
f 489/528/615 537/602/615 538/606/615
f 476/529/616 524/603/616 525/607/616
f 503/530/535 551/604/617 552/608/617
f 463/531/618 511/605/618 512/609/618
f 489/528/619 539/561/619 490/532/620
f 476/529/621 526/563/621 477/533/621
f 3677/610/539 503/530/541 552/608/622
f 545/580/623 595/611/623 546/584/623
f 505/581/593 555/612/624 506/585/593
f 532/582/625 582/613/625 533/586/625
f 519/583/626 569/614/626 520/587/626
f 547/588/627 595/611/627 596/615/627
f 506/585/628 556/616/629 507/589/629
f 534/590/630 582/613/630 583/617/630
f 520/587/631 570/618/631 521/591/631
f 547/588/632 597/619/632 548/592/632
f 508/593/633 556/616/633 557/620/633
f 535/594/634 583/617/634 584/621/635
f 521/591/636 571/622/636 522/595/636
f 548/592/637 598/623/637 549/596/637
f 508/593/638 558/624/638 509/597/638
f 535/594/639 585/625/639 536/598/639
f 523/599/640 571/622/641 572/626/641
f 550/600/642 598/623/643 599/627/642
f 509/597/644 559/628/644 510/601/644
f 537/602/645 585/625/645 586/629/645
f 523/599/646 573/630/646 524/603/646
f 550/600/647 600/631/648 551/604/613
f 511/605/649 559/628/649 560/632/649
f 537/602/650 587/633/650 538/606/650
f 525/607/651 573/630/651 574/634/651
f 551/604/617 601/635/652 552/608/617
f 512/609/653 560/632/653 561/636/653
f 538/606/654 588/637/654 539/561/654
f 525/607/655 575/638/655 526/563/655
f 3677/639/539 552/608/622 601/635/656
f 512/609/657 562/640/657 513/560/657
f 540/562/658 588/637/658 589/641/658
f 527/564/659 575/638/659 576/642/659
f 514/565/660 562/640/660 563/643/660
f 540/562/661 590/644/661 541/566/661
f 527/564/662 577/645/662 528/567/662
f 514/565/663 564/646/663 515/568/663
f 542/569/664 590/644/664 591/647/664
f 529/570/665 577/645/665 578/648/665
f 516/571/666 564/646/666 565/649/666
f 542/569/667 592/650/667 543/572/667
f 529/570/668 579/651/668 530/573/668
f 516/571/669 566/652/669 517/574/669
f 544/575/670 592/650/670 593/653/670
f 504/577/584 2611/654/441 553/655/671
f 531/578/672 579/651/672 580/656/672
f 518/579/673 566/652/673 567/657/673
f 544/575/674 594/658/674 545/580/674
f 504/577/675 554/659/675 505/581/589
f 531/578/676 581/660/676 532/582/676
f 518/579/677 568/661/677 519/583/677
f 561/636/678 609/662/678 610/663/678
f 587/633/679 637/664/679 588/637/679
f 574/634/680 624/665/680 575/638/680
f 3677/666/539 601/635/656 650/667/681
f 561/636/682 611/668/682 562/640/682
f 589/641/683 637/664/683 638/669/683
f 576/642/684 624/665/684 625/670/684
f 563/643/685 611/668/685 612/671/685
f 589/641/686 639/672/686 590/644/686
f 576/642/687 626/673/687 577/645/687
f 563/643/688 613/674/688 564/646/688
f 590/644/689 640/675/689 591/647/690
f 578/648/691 626/673/691 627/676/692
f 565/649/693 613/674/693 614/677/693
f 591/647/694 641/678/694 592/650/695
f 578/648/696 628/679/696 579/651/696
f 565/649/697 615/680/697 566/652/697
f 593/653/698 641/678/698 642/681/698
f 553/655/671 2611/682/441 602/683/699
f 580/656/700 628/679/700 629/684/700
f 567/657/701 615/680/701 616/685/701
f 593/653/702 643/686/702 594/658/702
f 553/655/703 603/687/704 554/659/675
f 580/656/705 630/688/705 581/660/705
f 568/661/706 616/685/706 617/689/706
f 594/658/707 644/690/707 595/611/707
f 554/659/708 604/691/709 555/612/624
f 581/660/710 631/692/710 582/613/710
f 568/661/711 618/693/711 569/614/711
f 596/615/712 644/690/712 645/694/712
f 555/612/713 605/695/713 556/616/713
f 582/613/714 632/696/714 583/617/714
f 570/618/715 618/693/715 619/697/715
f 597/619/716 645/694/716 646/698/716
f 556/616/717 606/699/717 557/620/717
f 584/621/718 632/696/718 633/700/718
f 570/618/719 620/701/719 571/622/719
f 597/619/720 647/702/721 598/623/721
f 557/620/722 607/703/722 558/624/722
f 584/621/723 634/704/723 585/625/723
f 572/626/724 620/701/724 621/705/724
f 599/627/725 647/702/725 648/706/725
f 558/624/726 608/707/726 559/628/726
f 586/629/727 634/704/727 635/708/727
f 572/626/728 622/709/728 573/630/728
f 599/627/729 649/710/730 600/631/648
f 559/628/731 609/662/731 560/632/731
f 586/629/732 636/711/732 587/633/732
f 574/634/733 622/709/733 623/712/733
f 600/631/734 650/667/735 601/635/652
f 642/681/736 692/713/736 643/686/736
f 603/687/704 651/714/737 652/715/737
f 629/684/738 679/716/738 630/688/739
f 617/689/740 665/717/740 666/718/740
f 643/686/741 693/719/741 644/690/741
f 604/691/709 652/715/742 653/720/743
f 630/688/744 680/721/744 631/692/744
f 617/689/745 667/722/745 618/693/745
f 645/694/746 693/719/746 694/723/746
f 605/695/747 653/720/747 654/724/747
f 632/696/748 680/721/748 681/725/748
f 619/697/749 667/722/749 668/726/749
f 645/694/750 695/727/750 646/698/750
f 605/695/751 655/728/751 606/699/751
f 633/700/752 681/725/752 682/729/752
f 619/697/753 669/730/753 620/701/753
f 646/698/754 696/731/754 647/702/754
f 607/703/755 655/728/755 656/732/755
f 633/700/756 683/733/756 634/704/756
f 620/701/757 670/734/757 621/705/757
f 647/702/758 697/735/758 648/706/758
f 607/703/759 657/736/759 608/707/759
f 635/708/760 683/733/760 684/737/760
f 622/709/761 670/734/761 671/738/761
f 648/706/762 698/739/763 649/710/730
f 609/662/764 657/736/764 658/740/764
f 635/708/765 685/741/765 636/711/765
f 623/712/766 671/738/766 672/742/766
f 649/710/767 699/743/768 650/667/735
f 610/663/769 658/740/769 659/744/769
f 636/711/770 686/745/770 637/664/770
f 623/712/771 673/746/771 624/665/771
f 3677/747/539 650/667/681 699/743/772
f 610/663/773 660/748/773 611/668/773
f 638/669/774 686/745/774 687/749/774
f 625/670/775 673/746/775 674/750/775
f 612/671/776 660/748/776 661/751/776
f 638/669/777 688/752/777 639/672/778
f 625/670/779 675/753/779 626/673/779
f 612/671/780 662/754/780 613/674/780
f 639/672/781 689/755/781 640/675/781
f 627/676/782 675/753/782 676/756/782
f 614/677/783 662/754/783 663/757/783
f 640/675/784 690/758/784 641/678/784
f 627/676/785 677/759/785 628/679/785
f 614/677/786 664/760/786 615/680/786
f 642/681/787 690/758/787 691/761/788
f 602/683/789 2611/762/790 651/714/791
f 629/684/792 677/759/792 678/763/792
f 615/680/793 665/717/793 616/685/793
f 658/740/794 706/764/794 707/765/794
f 684/737/795 734/766/795 685/741/795
f 672/742/796 720/767/796 721/768/796
f 698/739/797 748/769/797 699/743/768
f 659/744/798 707/765/798 708/770/798
f 686/745/799 734/766/799 735/771/799
f 672/742/800 722/772/800 673/746/800
f 3677/773/539 699/743/772 748/769/801
f 659/744/802 709/774/802 660/748/802
f 687/749/803 735/771/803 736/775/803
f 674/750/804 722/772/804 723/776/804
f 661/751/805 709/774/805 710/777/805
f 687/749/806 737/778/806 688/752/806
f 674/750/807 724/779/807 675/753/807
f 661/751/808 711/780/808 662/754/808
f 689/755/809 737/778/809 738/781/809
f 676/756/810 724/779/810 725/782/810
f 663/757/811 711/780/811 712/783/811
f 689/755/812 739/784/812 690/758/812
f 676/756/813 726/785/813 677/759/813
f 663/757/814 713/786/814 664/760/814
f 691/761/815 739/784/815 740/787/815
f 651/714/791 2611/788/790 700/789/816
f 678/763/817 726/785/817 727/790/817
f 664/760/818 714/791/818 665/717/818
f 691/761/819 741/792/819 692/713/819
f 651/714/737 701/793/820 652/715/737
f 678/763/821 728/794/821 679/716/821
f 666/718/822 714/791/822 715/795/822
f 692/713/823 742/796/823 693/719/823
f 652/715/742 702/797/824 653/720/743
f 679/716/825 729/798/825 680/721/825
f 666/718/826 716/799/826 667/722/826
f 694/723/827 742/796/827 743/800/827
f 654/724/828 702/797/828 703/801/828
f 681/725/829 729/798/829 730/802/829
f 668/726/830 716/799/830 717/803/830
f 695/727/831 743/800/831 744/804/831
f 655/728/832 703/801/832 704/805/832
f 682/729/833 730/802/833 731/806/833
f 668/726/834 718/807/834 669/730/834
f 695/727/835 745/808/835 696/731/835
f 655/728/836 705/809/836 656/732/836
f 682/729/837 732/810/837 683/733/837
f 669/730/838 719/811/838 670/734/838
f 696/731/839 746/812/839 697/735/839
f 656/732/840 706/764/840 657/736/840
f 684/737/841 732/810/841 733/813/841
f 671/738/842 719/811/842 720/767/842
f 697/735/843 747/814/843 698/739/763
f 740/787/844 788/815/844 789/816/844
f 700/789/816 2611/817/790 749/818/845
f 727/790/846 775/819/846 776/820/846
f 713/786/847 763/821/847 714/791/847
f 740/787/848 790/822/848 741/792/848
f 701/793/820 749/818/849 750/823/849
f 727/790/850 777/824/850 728/794/850
f 715/795/851 763/821/851 764/825/851
f 741/792/852 791/826/852 742/796/852
f 701/793/853 751/827/854 702/797/824
f 728/794/855 778/828/855 729/798/855
f 715/795/856 765/829/856 716/799/856
f 743/800/857 791/826/857 792/830/857
f 702/797/858 752/831/858 703/801/858
f 730/802/859 778/828/859 779/832/859
f 717/803/860 765/829/860 766/833/860
f 743/800/861 793/834/861 744/804/861
f 703/801/862 753/835/862 704/805/862
f 731/806/863 779/832/863 780/836/863
f 717/803/864 767/837/864 718/807/864
f 744/804/865 794/838/865 745/808/865
f 704/805/866 754/839/866 705/809/866
f 731/806/867 781/840/867 732/810/867
f 718/807/868 768/841/868 719/811/868
f 745/808/869 795/842/869 746/812/869
f 705/809/870 755/843/870 706/764/870
f 733/813/871 781/840/871 782/844/871
f 720/767/872 768/841/872 769/845/872
f 746/812/873 796/846/873 747/814/843
f 707/765/874 755/843/874 756/847/874
f 733/813/875 783/848/875 734/766/875
f 721/768/876 769/845/876 770/849/876
f 747/814/877 797/850/878 748/769/797
f 708/770/879 756/847/879 757/851/879
f 735/771/880 783/848/880 784/852/880
f 721/768/881 771/853/881 722/772/881
f 3677/854/882 748/769/883 797/850/884
f 708/770/885 758/855/885 709/774/885
f 736/775/886 784/852/886 785/856/886
f 723/776/887 771/853/887 772/857/887
f 710/777/888 758/855/888 759/858/888
f 736/775/889 786/859/889 737/778/889
f 723/776/890 773/860/890 724/779/890
f 710/777/891 760/861/891 711/780/891
f 738/781/892 786/859/892 787/862/892
f 724/779/893 774/863/893 725/782/893
f 712/783/894 760/861/894 761/864/894
f 738/781/895 788/815/895 739/784/895
f 725/782/896 775/819/896 726/785/896
f 712/783/897 762/865/897 713/786/897
f 754/839/898 804/866/898 755/843/898
f 782/844/899 830/867/899 831/868/899
f 769/845/900 817/869/900 818/870/900
f 795/842/901 845/871/902 796/846/873
f 756/847/903 804/866/903 805/872/903
f 782/844/904 832/873/904 783/848/904
f 770/849/905 818/870/905 819/874/905
f 796/846/906 846/875/907 797/850/878
f 757/851/908 805/872/908 806/876/908
f 784/852/909 832/873/909 833/877/909
f 770/849/910 820/878/910 771/853/910
f 3677/879/882 797/850/884 846/875/911
f 757/851/912 807/880/912 758/855/912
f 785/856/913 833/877/913 834/881/913
f 772/857/914 820/878/914 821/882/914
f 759/858/915 807/880/915 808/883/916
f 785/856/917 835/884/917 786/859/917
f 772/857/918 822/885/918 773/860/918
f 759/858/919 809/886/919 760/861/919
f 787/862/920 835/884/920 836/887/920
f 774/863/921 822/885/921 823/888/921
f 761/864/922 809/886/922 810/889/922
f 787/862/923 837/890/923 788/815/923
f 774/863/924 824/891/924 775/819/924
f 761/864/925 811/892/925 762/865/925
f 789/816/926 837/890/926 838/893/926
f 749/818/845 2611/894/790 798/895/927
f 776/820/928 824/891/928 825/896/928
f 762/865/929 812/897/929 763/821/929
f 789/816/930 839/898/930 790/822/930
f 749/818/849 799/899/931 750/823/849
f 776/820/932 826/900/932 777/824/932
f 764/825/933 812/897/933 813/901/933
f 790/822/934 840/902/934 791/826/934
f 751/827/854 799/899/935 800/903/936
f 777/824/937 827/904/937 778/828/937
f 764/825/938 814/905/938 765/829/938
f 792/830/939 840/902/939 841/906/939
f 752/831/940 800/903/940 801/907/940
f 779/832/941 827/904/941 828/908/941
f 766/833/942 814/905/942 815/909/942
f 792/830/943 842/910/943 793/834/943
f 753/835/944 801/907/944 802/911/944
f 780/836/945 828/908/945 829/912/945
f 766/833/946 816/913/946 767/837/946
f 793/834/947 843/914/947 794/838/947
f 753/835/948 803/915/948 754/839/948
f 780/836/949 830/867/949 781/840/949
f 767/837/950 817/869/950 768/841/950
f 794/838/951 844/916/951 795/842/951
f 834/881/952 882/917/952 883/918/952
f 821/882/953 869/919/953 870/920/953
f 808/883/954 856/921/954 857/922/954
f 834/881/955 884/923/955 835/884/955
f 822/885/956 870/920/956 871/924/956
f 808/883/957 858/925/957 809/886/957
f 836/887/958 884/923/958 885/926/958
f 822/885/959 872/927/959 823/888/959
f 810/889/960 858/925/960 859/928/960
f 836/887/961 886/929/961 837/890/961
f 823/888/962 873/930/962 824/891/962
f 810/889/963 860/931/963 811/892/963
f 838/893/964 886/929/964 887/932/964
f 798/895/927 2611/933/790 847/934/965
f 825/896/966 873/930/966 874/935/966
f 811/892/967 861/936/967 812/897/968
f 838/893/969 888/937/969 839/898/969
f 798/895/970 848/938/971 799/899/931
f 825/896/972 875/939/972 826/900/972
f 813/901/973 861/936/973 862/940/973
f 839/898/974 889/941/974 840/902/974
f 800/903/936 848/938/975 849/942/976
f 826/900/977 876/943/977 827/904/977
f 813/901/978 863/944/978 814/905/978
f 841/906/979 889/941/979 890/945/979
f 800/903/980 850/946/980 801/907/980
f 828/908/981 876/943/981 877/947/981
f 815/909/982 863/944/982 864/948/982
f 841/906/983 891/949/983 842/910/984
f 801/907/985 851/950/985 802/911/985
f 829/912/986 877/947/986 878/951/986
f 815/909/987 865/952/987 816/913/987
f 842/910/988 892/953/988 843/914/988
f 802/911/989 852/954/990 803/915/990
f 829/912/991 879/955/991 830/867/991
f 816/913/992 866/956/992 817/869/992
f 844/916/993 892/953/993 893/957/993
f 803/915/994 853/958/994 804/866/994
f 831/868/995 879/955/995 880/959/995
f 818/870/996 866/956/996 867/960/996
f 845/871/902 893/957/997 894/961/997
f 805/872/998 853/958/998 854/962/998
f 831/868/999 881/963/999 832/873/999
f 819/874/1000 867/960/1000 868/964/1000
f 846/875/907 894/961/1001 895/965/1001
f 806/876/1002 854/962/1002 855/966/1002
f 833/877/1003 881/963/1003 882/917/1004
f 819/874/1005 869/919/1005 820/878/1005
f 3677/967/882 846/875/911 895/965/1006
f 806/876/1007 856/921/1007 807/880/1007
f 849/942/976 897/968/1008 898/969/1008
f 875/939/1009 925/970/1009 876/943/1009
f 862/940/1010 912/971/1010 863/944/1010
f 890/945/1011 938/972/1011 939/973/1011
f 850/946/1012 898/969/1012 899/974/1012
f 877/947/1013 925/970/1013 926/975/1013
f 864/948/1014 912/971/1014 913/976/1014
f 890/945/1015 940/977/1015 891/949/1015
f 851/950/1016 899/974/1017 900/978/1016
f 878/951/1018 926/975/1018 927/979/1018
f 864/948/1019 914/980/1019 865/952/1019
f 891/949/1020 941/981/1021 892/953/1021
f 851/950/1022 901/982/1022 852/954/1022
f 878/951/1023 928/983/1023 879/955/1023
f 865/952/1024 915/984/1024 866/956/1024
f 892/953/1025 942/985/1025 893/957/1025
f 852/954/1026 902/986/1026 853/958/1026
f 880/959/1027 928/983/1027 929/987/1027
f 867/960/1028 915/984/1028 916/988/1028
f 893/957/997 943/989/1029 894/961/997
f 854/962/1030 902/986/1030 903/990/1030
f 880/959/1031 930/991/1031 881/963/1031
f 868/964/1032 916/988/1032 917/992/1032
f 894/961/1001 944/993/1033 895/965/1001
f 855/966/1034 903/990/1034 904/994/1034
f 882/917/1035 930/991/1035 931/995/1035
f 868/964/1036 918/996/1036 869/919/1036
f 3677/997/882 895/965/1006 944/993/1037
f 855/966/1038 905/998/1038 856/921/1038
f 883/918/1039 931/995/1039 932/999/1039
f 870/920/1040 918/996/1041 919/1000/1041
f 857/922/1042 905/998/1042 906/1001/1042
f 883/918/1043 933/1002/1043 884/923/1043
f 870/920/1044 920/1003/1044 871/924/1044
f 857/922/1045 907/1004/1045 858/925/1045
f 885/926/1046 933/1002/1046 934/1005/1046
f 871/924/1047 921/1006/1047 872/927/1047
f 859/928/1048 907/1004/1048 908/1007/1048
f 885/926/1049 935/1008/1049 886/929/1050
f 872/927/1051 922/1009/1052 873/930/1051
f 859/928/1053 909/1010/1053 860/931/1053
f 887/932/1054 935/1008/1054 936/1011/1054
f 847/934/965 2611/1012/790 896/1013/1055
f 874/935/1056 922/1009/1056 923/1014/1056
f 860/931/1057 910/1015/1057 861/936/1057
f 887/932/1058 937/1016/1058 888/937/1058
f 848/938/971 896/1013/1059 897/968/1059
f 874/935/1060 924/1017/1060 875/939/1060
f 862/940/1061 910/1015/1061 911/1018/1061
f 888/937/1062 938/972/1062 889/941/1062
f 931/995/1063 979/1019/1063 980/1020/1063
f 917/992/1064 967/1021/1064 918/996/1064
f 3677/1022/882 944/993/1037 993/1023/1065
f 904/994/1066 954/1024/1066 905/998/1066
f 932/999/1067 980/1020/1067 981/1025/1067
f 919/1000/1068 967/1021/1068 968/1026/1068
f 906/1001/1069 954/1024/1069 955/1027/1069
f 932/999/1070 982/1028/1070 933/1002/1070
f 919/1000/1071 969/1029/1071 920/1003/1071
f 906/1001/1072 956/1030/1072 907/1004/1072
f 934/1005/1073 982/1028/1073 983/1031/1073
f 920/1003/1074 970/1032/1074 921/1006/1074
f 908/1007/1075 956/1030/1075 957/1033/1075
f 934/1005/1076 984/1034/1076 935/1008/1076
f 921/1006/1077 971/1035/1077 922/1009/1077
f 908/1007/1078 958/1036/1078 909/1010/1078
f 936/1011/1079 984/1034/1079 985/1037/1079
f 896/1013/1080 2611/1038/1081 945/1039/1082
f 923/1014/1083 971/1035/1083 972/1040/1083
f 909/1010/1084 959/1041/1084 910/1015/1085
f 936/1011/1086 986/1042/1086 937/1016/1086
f 896/1013/1059 946/1043/1087 897/968/1059
f 923/1014/1088 973/1044/1088 924/1017/1088
f 911/1018/1089 959/1041/1089 960/1045/1089
f 937/1016/1090 987/1046/1090 938/972/1090
f 897/968/1008 947/1047/1091 898/969/1008
f 924/1017/1092 974/1048/1092 925/970/1092
f 911/1018/1093 961/1049/1093 912/971/1093
f 939/973/1094 987/1046/1094 988/1050/1094
f 898/969/1095 948/1051/1095 899/974/1095
f 926/975/1096 974/1048/1096 975/1052/1096
f 913/976/1097 961/1049/1097 962/1053/1097
f 939/973/1098 989/1054/1098 940/977/1098
f 900/978/1099 948/1051/1099 949/1055/1099
f 927/979/1100 975/1052/1101 976/1056/1101
f 913/976/1102 963/1057/1103 914/980/1102
f 940/977/1104 990/1058/1104 941/981/1104
f 901/982/1105 949/1055/1105 950/1059/1105
f 927/979/1106 977/1060/1106 928/983/1106
f 914/980/1107 964/1061/1107 915/984/1107
f 942/985/1108 990/1058/1108 991/1062/1108
f 901/982/1109 951/1063/1109 902/986/1109
f 929/987/1110 977/1060/1110 978/1064/1110
f 916/988/1111 964/1061/1111 965/1065/1111
f 943/989/1029 991/1062/1112 992/1066/1113
f 903/990/1114 951/1063/1114 952/1067/1114
f 929/987/1115 979/1019/1115 930/991/1115
f 917/992/1116 965/1065/1116 966/1068/1116
f 943/989/1117 993/1023/1118 944/993/1033
f 904/994/1119 952/1067/1119 953/1069/1119
f 945/1039/1120 995/1070/1120 946/1043/1087
f 972/1040/1121 1022/1071/1121 973/1044/1121
f 960/1045/1122 1008/1072/1122 1009/1073/1122
f 986/1042/1123 1036/1074/1123 987/1046/1123
f 946/1043/1124 996/1075/1125 947/1047/1091
f 973/1044/1126 1023/1076/1126 974/1048/1126
f 960/1045/1127 1010/1077/1128 961/1049/1127
f 988/1050/1129 1036/1074/1129 1037/1078/1129
f 947/1047/1130 997/1079/1130 948/1051/1130
f 975/1052/1131 1023/1076/1131 1024/1080/1131
f 962/1053/1132 1010/1077/1132 1011/1081/1132
f 988/1050/1133 1038/1082/1133 989/1054/1134
f 948/1051/1135 998/1083/1135 949/1055/1135
f 976/1056/1136 1024/1080/1136 1025/1084/1136
f 962/1053/1137 1012/1085/1137 963/1057/1137
f 989/1054/1138 1039/1086/1138 990/1058/1138
f 949/1055/1139 999/1087/1139 950/1059/1139
f 976/1056/1140 1026/1088/1140 977/1060/1140
f 963/1057/1141 1013/1089/1141 964/1061/1141
f 990/1058/1142 1040/1090/1142 991/1062/1142
f 950/1059/1143 1000/1091/1143 951/1063/1143
f 978/1064/1144 1026/1088/1145 1027/1092/1145
f 965/1065/1146 1013/1089/1146 1014/1093/1146
f 992/1066/1113 1040/1090/1147 1041/1094/1147
f 952/1067/1148 1000/1091/1148 1001/1095/1148
f 978/1064/1149 1028/1096/1149 979/1019/1149
f 966/1068/1150 1014/1093/1150 1015/1097/1150
f 993/1023/1118 1041/1094/1151 1042/1098/1151
f 953/1069/1152 1001/1095/1152 1002/1099/1152
f 980/1020/1153 1028/1096/1153 1029/1100/1153
f 966/1068/1154 1016/1101/1154 967/1021/1154
f 3677/1102/882 993/1023/1065 1042/1098/1155
f 953/1069/1156 1003/1103/1156 954/1024/1156
f 981/1025/1157 1029/1100/1157 1030/1104/1158
f 968/1026/1159 1016/1101/1159 1017/1105/1159
f 955/1027/1160 1003/1103/1160 1004/1106/1160
f 981/1025/1161 1031/1107/1161 982/1028/1161
f 968/1026/1162 1018/1108/1162 969/1029/1162
f 955/1027/1163 1005/1109/1163 956/1030/1163
f 983/1031/1164 1031/1107/1164 1032/1110/1164
f 969/1029/1165 1019/1111/1165 970/1032/1165
f 957/1033/1166 1005/1109/1166 1006/1112/1166
f 983/1031/1167 1033/1113/1167 984/1034/1167
f 970/1032/1168 1020/1114/1168 971/1035/1168
f 957/1033/1169 1007/1115/1169 958/1036/1169
f 985/1037/1170 1033/1113/1170 1034/1116/1170
f 945/1039/1082 2611/1117/1081 994/1118/1171
f 972/1040/1172 1020/1114/1172 1021/1119/1172
f 958/1036/1173 1008/1072/1173 959/1041/1173
f 985/1037/1174 1035/1120/1174 986/1042/1174
f 1027/1092/1175 1077/1121/1175 1028/1096/1175
f 1015/1097/1176 1063/1122/1176 1064/1123/1176
f 1041/1094/1151 1091/1124/1177 1042/1098/1151
f 1002/1099/1178 1050/1125/1178 1051/1126/1178
f 1029/1100/1179 1077/1121/1179 1078/1127/1179
f 1015/1097/1180 1065/1128/1180 1016/1101/1180
f 3677/1129/1181 1042/1098/1182 1091/1124/1183
f 1002/1099/1184 1052/1130/1184 1003/1103/1184
f 1030/1104/1185 1078/1127/1185 1079/1131/1185
f 1017/1105/1186 1065/1128/1186 1066/1132/1186
f 1004/1106/1187 1052/1130/1187 1053/1133/1187
f 1030/1104/1188 1080/1134/1188 1031/1107/1188
f 1017/1105/1189 1067/1135/1189 1018/1108/1189
f 1004/1106/1190 1054/1136/1190 1005/1109/1190
f 1032/1110/1191 1080/1134/1191 1081/1137/1192
f 1018/1108/1193 1068/1138/1193 1019/1111/1193
f 1006/1112/1194 1054/1136/1194 1055/1139/1194
f 1032/1110/1195 1082/1140/1195 1033/1113/1195
f 1019/1111/1196 1069/1141/1196 1020/1114/1196
f 1006/1112/1197 1056/1142/1197 1007/1115/1197
f 1034/1116/1198 1082/1140/1198 1083/1143/1198
f 994/1118/1171 2611/1144/1081 1043/1145/1199
f 1021/1119/1200 1069/1141/1200 1070/1146/1200
f 1007/1115/1201 1057/1147/1201 1008/1072/1201
f 1034/1116/1202 1084/1148/1202 1035/1120/1202
f 994/1118/1203 1044/1149/1203 995/1070/1120
f 1021/1119/1204 1071/1150/1204 1022/1071/1204
f 1009/1073/1205 1057/1147/1205 1058/1151/1205
f 1035/1120/1206 1085/1152/1206 1036/1074/1206
f 995/1070/1207 1045/1153/1208 996/1075/1125
f 1022/1071/1209 1072/1154/1209 1023/1076/1209
f 1009/1073/1210 1059/1155/1211 1010/1077/1210
f 1037/1078/1212 1085/1152/1212 1086/1156/1212
f 996/1075/1213 1046/1157/1213 997/1079/1213
f 1024/1080/1214 1072/1154/1214 1073/1158/1214
f 1011/1081/1215 1059/1155/1215 1060/1159/1215
f 1037/1078/1216 1087/1160/1216 1038/1082/1216
f 997/1079/1217 1047/1161/1217 998/1083/1217
f 1025/1084/1218 1073/1158/1219 1074/1162/1219
f 1011/1081/1220 1061/1163/1221 1012/1085/1220
f 1038/1082/1222 1088/1164/1222 1039/1086/1222
f 999/1087/1223 1047/1161/1223 1048/1165/1223
f 1025/1084/1224 1075/1166/1224 1026/1088/1225
f 1012/1085/1226 1062/1167/1226 1013/1089/1226
f 1039/1086/1227 1089/1168/1227 1040/1090/1227
f 999/1087/1228 1049/1169/1228 1000/1091/1228
f 1027/1092/1229 1075/1166/1230 1076/1170/1230
f 1014/1093/1231 1062/1167/1231 1063/1122/1232
f 1040/1090/1147 1090/1171/1233 1041/1094/1147
f 1001/1095/1234 1049/1169/1234 1050/1125/1234
f 1043/1145/1199 2611/1172/1081 1092/1173/1235
f 1070/1146/1236 1118/1174/1236 1119/1175/1236
f 1056/1142/1237 1106/1176/1237 1057/1147/1237
f 1083/1143/1238 1133/1177/1238 1084/1148/1238
f 1043/1145/1239 1093/1178/1240 1044/1149/1203
f 1070/1146/1241 1120/1179/1241 1071/1150/1241
f 1058/1151/1242 1106/1176/1242 1107/1180/1242
f 1084/1148/1243 1134/1181/1243 1085/1152/1243
f 1045/1153/1208 1093/1178/1244 1094/1182/1244
f 1071/1150/1245 1121/1183/1245 1072/1154/1245
f 1058/1151/1246 1108/1184/1246 1059/1155/1246
f 1086/1156/1247 1134/1181/1247 1135/1185/1247
f 1046/1157/1248 1094/1182/1248 1095/1186/1248
f 1073/1158/1249 1121/1183/1249 1122/1187/1249
f 1060/1159/1250 1108/1184/1250 1109/1188/1250
f 1086/1156/1251 1136/1189/1251 1087/1160/1251
f 1047/1161/1252 1095/1186/1252 1096/1190/1252
f 1074/1162/1253 1122/1187/1253 1123/1191/1253
f 1060/1159/1254 1110/1192/1254 1061/1163/1254
f 1087/1160/1255 1137/1193/1255 1088/1164/1255
f 1047/1161/1256 1097/1194/1256 1048/1165/1256
f 1074/1162/1257 1124/1195/1257 1075/1166/1257
f 1061/1163/1258 1111/1196/1258 1062/1167/1258
f 1088/1164/1259 1138/1197/1259 1089/1168/1259
f 1048/1165/1260 1098/1198/1260 1049/1169/1260
f 1075/1166/1261 1125/1199/1261 1076/1170/1261
f 1063/1122/1262 1111/1196/1262 1112/1200/1262
f 1089/1168/1263 1139/1201/1263 1090/1171/1233
f 1050/1125/1264 1098/1198/1264 1099/1202/1264
f 1076/1170/1265 1126/1203/1265 1077/1121/1265
f 1064/1123/1266 1112/1200/1266 1113/1204/1267
f 1091/1124/1177 1139/1201/1268 1140/1205/1268
f 1051/1126/1269 1099/1202/1269 1100/1206/1269
f 1078/1127/1270 1126/1203/1270 1127/1207/1270
f 1064/1123/1271 1114/1208/1271 1065/1128/1271
f 3677/1209/1181 1091/1124/1183 1140/1205/1272
f 1051/1126/1273 1101/1210/1273 1052/1130/1273
f 1079/1131/1274 1127/1207/1274 1128/1211/1274
f 1066/1132/1275 1114/1208/1275 1115/1212/1275
f 1053/1133/1276 1101/1210/1276 1102/1213/1276
f 1079/1131/1277 1129/1214/1277 1080/1134/1277
f 1067/1135/1278 1115/1212/1278 1116/1215/1278
f 1053/1133/1279 1103/1216/1279 1054/1136/1279
f 1081/1137/1280 1129/1214/1280 1130/1217/1281
f 1067/1135/1282 1117/1218/1282 1068/1138/1282
f 1055/1139/1283 1103/1216/1283 1104/1219/1283
f 1081/1137/1284 1131/1220/1284 1082/1140/1284
f 1068/1138/1285 1118/1174/1285 1069/1141/1285
f 1055/1139/1286 1105/1221/1286 1056/1142/1286
f 1083/1143/1287 1131/1220/1287 1132/1222/1287
f 1125/1199/1288 1173/1223/1288 1174/1224/1288
f 1112/1200/1289 1160/1225/1289 1161/1226/1289
f 1138/1197/1290 1188/1227/1290 1139/1201/1263
f 1099/1202/1291 1147/1228/1291 1148/1229/1291
f 1125/1199/1292 1175/1230/1292 1126/1203/1293
f 1113/1204/1294 1161/1226/1294 1162/1231/1294
f 1139/1201/1268 1189/1232/1295 1140/1205/1268
f 1100/1206/1296 1148/1229/1296 1149/1233/1296
f 1127/1207/1297 1175/1230/1297 1176/1234/1297
f 1113/1204/1298 1163/1235/1298 1114/1208/1298
f 3677/1236/1181 1140/1205/1272 1189/1232/1299
f 1100/1206/1300 1150/1237/1300 1101/1210/1300
f 1128/1211/1301 1176/1234/1301 1177/1238/1301
f 1115/1212/1302 1163/1235/1302 1164/1239/1302
f 1102/1213/1303 1150/1237/1303 1151/1240/1303
f 1128/1211/1304 1178/1241/1304 1129/1214/1304
f 1116/1215/1305 1164/1239/1305 1165/1242/1305
f 1102/1213/1306 1152/1243/1306 1103/1216/1306
f 1130/1217/1307 1178/1241/1307 1179/1244/1307
f 1116/1215/1308 1166/1245/1308 1117/1218/1308
f 1104/1219/1309 1152/1243/1309 1153/1246/1309
f 1130/1217/1310 1180/1247/1310 1131/1220/1310
f 1117/1218/1311 1167/1248/1311 1118/1174/1311
f 1104/1219/1312 1154/1249/1312 1105/1221/1312
f 1132/1222/1313 1180/1247/1313 1181/1250/1313
f 1092/1173/1235 2611/1251/1081 1141/1252/1314
f 1119/1175/1315 1167/1248/1315 1168/1253/1315
f 1105/1221/1316 1155/1254/1316 1106/1176/1316
f 1132/1222/1317 1182/1255/1317 1133/1177/1317
f 1092/1173/1318 1142/1256/1318 1093/1178/1240
f 1119/1175/1319 1169/1257/1319 1120/1179/1319
f 1107/1180/1320 1155/1254/1320 1156/1258/1320
f 1133/1177/1321 1183/1259/1321 1134/1181/1321
f 1093/1178/1244 1143/1260/1322 1094/1182/1244
f 1120/1179/1323 1170/1261/1323 1121/1183/1323
f 1107/1180/1324 1157/1262/1324 1108/1184/1324
f 1135/1185/1325 1183/1259/1325 1184/1263/1325
f 1095/1186/1326 1143/1260/1326 1144/1264/1326
f 1122/1187/1327 1170/1261/1327 1171/1265/1327
f 1109/1188/1328 1157/1262/1328 1158/1266/1328
f 1135/1185/1329 1185/1267/1329 1136/1189/1329
f 1096/1190/1330 1144/1264/1331 1145/1268/1330
f 1123/1191/1332 1171/1265/1332 1172/1269/1332
f 1109/1188/1333 1159/1270/1333 1110/1192/1333
f 1136/1189/1334 1186/1271/1335 1137/1193/1335
f 1097/1194/1336 1145/1268/1336 1146/1272/1336
f 1123/1191/1337 1173/1223/1337 1124/1195/1338
f 1110/1192/1339 1160/1225/1339 1111/1196/1339
f 1137/1193/1340 1187/1273/1340 1138/1197/1340
f 1097/1194/1341 1147/1228/1341 1098/1198/1342
f 1166/1245/1343 1216/1274/1343 1167/1248/1343
f 1153/1246/1344 1203/1275/1344 1154/1249/1345
f 1181/1250/1346 1229/1276/1346 1230/1277/1346
f 1141/1252/1314 2611/1278/1081 1190/1279/1347
f 1168/1253/1348 1216/1274/1348 1217/1280/1348
f 1154/1249/1349 1204/1281/1349 1155/1254/1349
f 1181/1250/1350 1231/1282/1350 1182/1255/1350
f 1141/1252/1351 1191/1283/1351 1142/1256/1318
f 1168/1253/1352 1218/1284/1352 1169/1257/1352
f 1156/1258/1353 1204/1281/1353 1205/1285/1353
f 1182/1255/1354 1232/1286/1354 1183/1259/1354
f 1142/1256/1355 1192/1287/1356 1143/1260/1322
f 1169/1257/1357 1219/1288/1357 1170/1261/1357
f 1156/1258/1358 1206/1289/1358 1157/1262/1358
f 1184/1263/1359 1232/1286/1359 1233/1290/1359
f 1143/1260/1360 1193/1291/1360 1144/1264/1360
f 1171/1265/1361 1219/1288/1361 1220/1292/1361
f 1158/1266/1362 1206/1289/1362 1207/1293/1362
f 1184/1263/1363 1234/1294/1363 1185/1267/1363
f 1145/1268/1364 1193/1291/1364 1194/1295/1364
f 1172/1269/1365 1220/1292/1365 1221/1296/1365
f 1158/1266/1366 1208/1297/1366 1159/1270/1366
f 1185/1267/1367 1235/1298/1367 1186/1271/1367
f 1146/1272/1368 1194/1295/1368 1195/1299/1368
f 1172/1269/1369 1222/1300/1369 1173/1223/1369
f 1159/1270/1370 1209/1301/1370 1160/1225/1370
f 1186/1271/1371 1236/1302/1371 1187/1273/1371
f 1146/1272/1372 1196/1303/1372 1147/1228/1372
f 1174/1224/1373 1222/1300/1373 1223/1304/1373
f 1161/1226/1374 1209/1301/1374 1210/1305/1374
f 1187/1273/1375 1237/1306/1376 1188/1227/1290
f 1147/1228/1377 1197/1307/1377 1148/1229/1377
f 1174/1224/1378 1224/1308/1378 1175/1230/1378
f 1162/1231/1379 1210/1305/1379 1211/1309/1379
f 1188/1227/1380 1238/1310/1381 1189/1232/1295
f 1149/1233/1382 1197/1307/1382 1198/1311/1382
f 1176/1234/1383 1224/1308/1383 1225/1312/1383
f 1162/1231/1384 1212/1313/1384 1163/1235/1384
f 3677/1314/1181 1189/1232/1299 1238/1310/1385
f 1149/1233/1386 1199/1315/1386 1150/1237/1386
f 1177/1238/1387 1225/1312/1387 1226/1316/1387
f 1164/1239/1388 1212/1313/1388 1213/1317/1388
f 1151/1240/1389 1199/1315/1389 1200/1318/1389
f 1177/1238/1390 1227/1319/1390 1178/1241/1391
f 1165/1242/1392 1213/1317/1392 1214/1320/1393
f 1151/1240/1394 1201/1321/1394 1152/1243/1394
f 1179/1244/1395 1227/1319/1395 1228/1322/1395
f 1165/1242/1396 1215/1323/1396 1166/1245/1396
f 1153/1246/1397 1201/1321/1397 1202/1324/1397
f 1179/1244/1398 1229/1276/1398 1180/1247/1398
f 1221/1296/1399 1271/1325/1399 1222/1300/1399
f 1208/1297/1400 1258/1326/1400 1209/1301/1400
f 1235/1298/1401 1285/1327/1401 1236/1302/1401
f 1195/1299/1402 1245/1328/1402 1196/1303/1402
f 1223/1304/1403 1271/1325/1403 1272/1329/1403
f 1210/1305/1404 1258/1326/1404 1259/1330/1404
f 1236/1302/1405 1286/1331/1406 1237/1306/1376
f 1197/1307/1407 1245/1328/1407 1246/1332/1407
f 1223/1304/1408 1273/1333/1408 1224/1308/1409
f 1211/1309/1410 1259/1330/1410 1260/1334/1410
f 1238/1310/1381 1286/1331/1411 1287/1335/1411
f 1198/1311/1412 1246/1332/1412 1247/1336/1412
f 1225/1312/1413 1273/1333/1413 1274/1337/1413
f 1211/1309/1414 1261/1338/1414 1212/1313/1414
f 3677/1339/1181 1238/1310/1385 1287/1335/1415
f 1198/1311/1416 1248/1340/1416 1199/1315/1416
f 1226/1316/1417 1274/1337/1417 1275/1341/1417
f 1213/1317/1418 1261/1338/1418 1262/1342/1418
f 1200/1318/1419 1248/1340/1419 1249/1343/1419
f 1226/1316/1420 1276/1344/1420 1227/1319/1420
f 1214/1320/1421 1262/1342/1421 1263/1345/1421
f 1200/1318/1422 1250/1346/1422 1201/1321/1422
f 1228/1322/1423 1276/1344/1423 1277/1347/1423
f 1214/1320/1424 1264/1348/1424 1215/1323/1425
f 1202/1324/1426 1250/1346/1426 1251/1349/1426
f 1228/1322/1427 1278/1350/1427 1229/1276/1427
f 1215/1323/1428 1265/1351/1428 1216/1274/1428
f 1202/1324/1429 1252/1352/1429 1203/1275/1429
f 1230/1277/1430 1278/1350/1430 1279/1353/1430
f 1190/1279/1431 2611/1354/1432 1239/1355/1433
f 1217/1280/1434 1265/1351/1434 1266/1356/1434
f 1203/1275/1435 1253/1357/1435 1204/1281/1435
f 1230/1277/1436 1280/1358/1436 1231/1282/1436
f 1190/1279/1437 1240/1359/1437 1191/1283/1351
f 1217/1280/1438 1267/1360/1438 1218/1284/1438
f 1205/1285/1439 1253/1357/1439 1254/1361/1439
f 1231/1282/1440 1281/1362/1440 1232/1286/1440
f 1191/1283/1441 1241/1363/1442 1192/1287/1356
f 1218/1284/1443 1268/1364/1443 1219/1288/1443
f 1205/1285/1444 1255/1365/1444 1206/1289/1444
f 1233/1290/1445 1281/1362/1445 1282/1366/1445
f 1192/1287/1446 1242/1367/1446 1193/1291/1446
f 1220/1292/1447 1268/1364/1447 1269/1368/1447
f 1207/1293/1448 1255/1365/1448 1256/1369/1448
f 1233/1290/1449 1283/1370/1450 1234/1294/1450
f 1194/1295/1451 1242/1367/1451 1243/1371/1451
f 1221/1296/1452 1269/1368/1452 1270/1372/1452
f 1207/1293/1453 1257/1373/1453 1208/1297/1453
f 1234/1294/1454 1284/1374/1454 1235/1298/1454
f 1194/1295/1455 1244/1375/1456 1195/1299/1456
f 1263/1345/1457 1313/1376/1457 1264/1348/1457
f 1251/1349/1458 1299/1377/1458 1300/1378/1458
f 1277/1347/1459 1327/1379/1459 1278/1350/1459
f 1264/1348/1460 1314/1380/1460 1265/1351/1460
f 1251/1349/1461 1301/1381/1461 1252/1352/1462
f 1279/1353/1463 1327/1379/1463 1328/1382/1463
f 1239/1355/1433 2611/1383/1432 1288/1384/1464
f 1266/1356/1465 1314/1380/1466 1315/1385/1466
f 1252/1352/1467 1302/1386/1467 1253/1357/1467
f 1279/1353/1468 1329/1387/1468 1280/1358/1468
f 1239/1355/1469 1289/1388/1470 1240/1359/1437
f 1266/1356/1471 1316/1389/1471 1267/1360/1471
f 1254/1361/1472 1302/1386/1472 1303/1390/1472
f 1280/1358/1473 1330/1391/1473 1281/1362/1473
f 1240/1359/1474 1290/1392/1475 1241/1363/1442
f 1267/1360/1476 1317/1393/1476 1268/1364/1476
f 1254/1361/1477 1304/1394/1477 1255/1365/1477
f 1282/1366/1478 1330/1391/1478 1331/1395/1478
f 1242/1367/1479 1290/1392/1479 1291/1396/1479
f 1269/1368/1480 1317/1393/1480 1318/1397/1480
f 1256/1369/1481 1304/1394/1481 1305/1398/1481
f 1283/1370/1482 1331/1395/1482 1332/1399/1482
f 1243/1371/1483 1291/1396/1483 1292/1400/1483
f 1270/1372/1484 1318/1397/1484 1319/1401/1484
f 1256/1369/1485 1306/1402/1485 1257/1373/1485
f 1283/1370/1486 1333/1403/1486 1284/1374/1486
f 1243/1371/1487 1293/1404/1487 1244/1375/1487
f 1270/1372/1488 1320/1405/1488 1271/1325/1488
f 1257/1373/1489 1307/1406/1489 1258/1326/1489
f 1284/1374/1490 1334/1407/1490 1285/1327/1490
f 1244/1375/1491 1294/1408/1491 1245/1328/1491
f 1272/1329/1492 1320/1405/1492 1321/1409/1492
f 1259/1330/1493 1307/1406/1493 1308/1410/1493
f 1285/1327/1494 1335/1411/1495 1286/1331/1406
f 1246/1332/1496 1294/1408/1496 1295/1412/1496
f 1272/1329/1497 1322/1413/1497 1273/1333/1497
f 1260/1334/1498 1308/1410/1498 1309/1414/1498
f 1286/1331/1411 1336/1415/1499 1287/1335/1411
f 1247/1336/1500 1295/1412/1500 1296/1416/1500
f 1274/1337/1501 1322/1413/1501 1323/1417/1502
f 1260/1334/1503 1310/1418/1504 1261/1338/1503
f 3677/1419/1181 1287/1335/1415 1336/1415/1505
f 1247/1336/1506 1297/1420/1506 1248/1340/1506
f 1275/1341/1507 1323/1417/1507 1324/1421/1507
f 1262/1342/1508 1310/1418/1508 1311/1422/1508
f 1249/1343/1509 1297/1420/1509 1298/1423/1509
f 1275/1341/1510 1325/1424/1510 1276/1344/1510
f 1263/1345/1511 1311/1422/1511 1312/1425/1511
f 1249/1343/1512 1299/1377/1512 1250/1346/1512
f 1277/1347/1513 1325/1424/1513 1326/1426/1513
f 1319/1401/1514 1367/1427/1514 1368/1428/1514
f 1305/1398/1515 1355/1429/1515 1306/1402/1515
f 1332/1399/1516 1382/1430/1516 1333/1403/1516
f 1292/1400/1517 1342/1431/1517 1293/1404/1517
f 1319/1401/1518 1369/1432/1518 1320/1405/1518
f 1306/1402/1519 1356/1433/1519 1307/1406/1519
f 1333/1403/1520 1383/1434/1521 1334/1407/1521
f 1293/1404/1522 1343/1435/1522 1294/1408/1522
f 1320/1405/1523 1370/1436/1523 1321/1409/1523
f 1307/1406/1524 1357/1437/1524 1308/1410/1524
f 1335/1411/1495 1383/1434/1525 1384/1438/1526
f 1295/1412/1527 1343/1435/1527 1344/1439/1527
f 1321/1409/1528 1371/1440/1528 1322/1413/1528
f 1309/1414/1529 1357/1437/1529 1358/1441/1529
f 1335/1411/1530 1385/1442/1531 1336/1415/1499
f 1296/1416/1532 1344/1439/1532 1345/1443/1532
f 1323/1417/1533 1371/1440/1533 1372/1444/1533
f 1309/1414/1534 1359/1445/1534 1310/1418/1534
f 3677/1446/1535 1336/1415/1536 1385/1442/1537
f 1296/1416/1538 1346/1447/1538 1297/1420/1538
f 1324/1421/1539 1372/1444/1539 1373/1448/1539
f 1311/1422/1540 1359/1445/1541 1360/1449/1541
f 1298/1423/1542 1346/1447/1542 1347/1450/1542
f 1324/1421/1543 1374/1451/1543 1325/1424/1543
f 1312/1425/1544 1360/1449/1544 1361/1452/1544
f 1298/1423/1545 1348/1453/1545 1299/1377/1545
f 1326/1426/1546 1374/1451/1546 1375/1454/1546
f 1312/1425/1547 1362/1455/1547 1313/1376/1547
f 1300/1378/1548 1348/1453/1548 1349/1456/1548
f 1326/1426/1549 1376/1457/1549 1327/1379/1549
f 1313/1376/1550 1363/1458/1551 1314/1380/1550
f 1300/1378/1552 1350/1459/1552 1301/1381/1552
f 1328/1382/1553 1376/1457/1553 1377/1460/1553
f 1288/1384/1464 2611/1461/1432 1337/1462/1554
f 1315/1385/1555 1363/1458/1555 1364/1463/1555
f 1301/1381/1556 1351/1464/1556 1302/1386/1556
f 1328/1382/1557 1378/1465/1557 1329/1387/1557
f 1289/1388/1470 1337/1462/1558 1338/1466/1558
f 1315/1385/1559 1365/1467/1559 1316/1389/1559
f 1303/1390/1560 1351/1464/1560 1352/1468/1560
f 1329/1387/1561 1379/1469/1561 1330/1391/1561
f 1290/1392/1475 1338/1466/1562 1339/1470/1562
f 1317/1393/1563 1365/1467/1563 1366/1471/1563
f 1303/1390/1564 1353/1472/1564 1304/1394/1564
f 1331/1395/1565 1379/1469/1565 1380/1473/1565
f 1291/1396/1566 1339/1470/1567 1340/1474/1566
f 1317/1393/1568 1367/1427/1568 1318/1397/1568
f 1304/1394/1569 1354/1475/1569 1305/1398/1569
f 1332/1399/1570 1380/1473/1570 1381/1476/1570
f 1292/1400/1571 1340/1474/1571 1341/1477/1571
f 1361/1452/1572 1409/1478/1572 1410/1479/1572
f 1347/1450/1573 1397/1480/1573 1348/1453/1574
f 1375/1454/1575 1423/1481/1575 1424/1482/1575
f 1361/1452/1576 1411/1483/1576 1362/1455/1576
f 1349/1456/1577 1397/1480/1577 1398/1484/1577
f 1375/1454/1578 1425/1485/1578 1376/1457/1578
f 1362/1455/1579 1412/1486/1579 1363/1458/1579
f 1349/1456/1580 1399/1487/1580 1350/1459/1580
f 1377/1460/1581 1425/1485/1581 1426/1488/1581
f 1337/1462/1554 2611/1489/1432 1386/1490/1582
f 1364/1463/1583 1412/1486/1583 1413/1491/1583
f 1350/1459/1584 1400/1492/1584 1351/1464/1584
f 1377/1460/1585 1427/1493/1586 1378/1465/1586
f 1337/1462/1558 1387/1494/1587 1338/1466/1558
f 1364/1463/1588 1414/1495/1588 1365/1467/1588
f 1352/1468/1589 1400/1492/1589 1401/1496/1589
f 1378/1465/1590 1428/1497/1590 1379/1469/1590
f 1338/1466/1562 1388/1498/1591 1339/1470/1562
f 1366/1471/1592 1414/1495/1592 1415/1499/1592
f 1352/1468/1593 1402/1500/1593 1353/1472/1593
f 1380/1473/1594 1428/1497/1594 1429/1501/1594
f 1339/1470/1595 1389/1502/1595 1340/1474/1595
f 1366/1471/1596 1416/1503/1596 1367/1427/1596
f 1354/1475/1597 1402/1500/1597 1403/1504/1597
f 1380/1473/1598 1430/1505/1598 1381/1476/1598
f 1341/1477/1599 1389/1502/1599 1390/1506/1599
f 1368/1428/1600 1416/1503/1600 1417/1507/1600
f 1354/1475/1601 1404/1508/1601 1355/1429/1601
f 1381/1476/1602 1431/1509/1602 1382/1430/1602
f 1342/1431/1603 1390/1506/1603 1391/1510/1603
f 1368/1428/1604 1418/1511/1604 1369/1432/1604
f 1355/1429/1605 1405/1512/1605 1356/1433/1605
f 1383/1434/1606 1431/1509/1606 1432/1513/1606
f 1342/1431/1607 1392/1514/1607 1343/1435/1607
f 1370/1436/1608 1418/1511/1608 1419/1515/1608
f 1356/1433/1609 1406/1516/1609 1357/1437/1609
f 1384/1438/1526 1432/1513/1610 1433/1517/1610
f 1344/1439/1611 1392/1514/1611 1393/1518/1611
f 1370/1436/1612 1420/1519/1612 1371/1440/1612
f 1358/1441/1613 1406/1516/1613 1407/1520/1613
f 1385/1442/1531 1433/1517/1614 1434/1521/1614
f 1345/1443/1615 1393/1518/1616 1394/1522/1615
f 1372/1444/1617 1420/1519/1617 1421/1523/1617
f 1358/1441/1618 1408/1524/1618 1359/1445/1619
f 3677/1525/1535 1385/1442/1537 1434/1521/1620
f 1345/1443/1621 1395/1526/1621 1346/1447/1621
f 1373/1448/1622 1421/1523/1622 1422/1527/1622
f 1360/1449/1623 1408/1524/1623 1409/1478/1623
f 1347/1450/1624 1395/1526/1624 1396/1528/1624
f 1373/1448/1625 1423/1481/1625 1374/1451/1625
f 1415/1499/1626 1465/1529/1626 1416/1503/1626
f 1403/1504/1627 1451/1530/1627 1452/1531/1627
f 1429/1501/1628 1479/1532/1628 1430/1505/1628
f 1390/1506/1629 1438/1533/1629 1439/1534/1629
f 1417/1507/1630 1465/1529/1630 1466/1535/1630
f 1403/1504/1631 1453/1536/1631 1404/1508/1631
f 1430/1505/1632 1480/1537/1632 1431/1509/1632
f 1391/1510/1633 1439/1534/1633 1440/1538/1633
f 1417/1507/1634 1467/1539/1634 1418/1511/1634
f 1405/1512/1635 1453/1536/1635 1454/1540/1635
f 1432/1513/1636 1480/1537/1636 1481/1541/1636
f 1391/1510/1637 1441/1542/1637 1392/1514/1637
f 1418/1511/1638 1468/1543/1638 1419/1515/1639
f 1405/1512/1640 1455/1544/1640 1406/1516/1640
f 1432/1513/1610 1482/1545/1641 1433/1517/1610
f 1393/1518/1642 1441/1542/1642 1442/1546/1642
f 1419/1515/1643 1469/1547/1643 1420/1519/1643
f 1407/1520/1644 1455/1544/1644 1456/1548/1644
f 1433/1517/1614 1483/1549/1645 1434/1521/1614
f 1394/1522/1646 1442/1546/1646 1443/1550/1646
f 1420/1519/1647 1470/1551/1647 1421/1523/1647
f 1407/1520/1648 1457/1552/1648 1408/1524/1648
f 3677/1553/1535 1434/1521/1620 1483/1549/1649
f 1394/1522/1650 1444/1554/1650 1395/1526/1650
f 1422/1527/1651 1470/1551/1651 1471/1555/1652
f 1409/1478/1653 1457/1552/1653 1458/1556/1653
f 1396/1528/1654 1444/1554/1654 1445/1557/1655
f 1422/1527/1656 1472/1558/1656 1423/1481/1656
f 1410/1479/1657 1458/1556/1657 1459/1559/1657
f 1396/1528/1658 1446/1560/1658 1397/1480/1658
f 1424/1482/1659 1472/1558/1659 1473/1561/1659
f 1410/1479/1660 1460/1562/1660 1411/1483/1660
f 1398/1484/1661 1446/1560/1661 1447/1563/1661
f 1424/1482/1662 1474/1564/1662 1425/1485/1662
f 1411/1483/1663 1461/1565/1663 1412/1486/1663
f 1398/1484/1664 1448/1566/1664 1399/1487/1664
f 1426/1488/1665 1474/1564/1665 1475/1567/1665
f 1386/1490/1582 2611/1568/1432 1435/1569/1666
f 1413/1491/1667 1461/1565/1667 1462/1570/1668
f 1399/1487/1669 1449/1571/1669 1400/1492/1669
f 1426/1488/1670 1476/1572/1670 1427/1493/1670
f 1386/1490/1671 1436/1573/1672 1387/1494/1587
f 1413/1491/1673 1463/1574/1673 1414/1495/1673
f 1401/1496/1674 1449/1571/1674 1450/1575/1674
f 1427/1493/1675 1477/1576/1675 1428/1497/1675
f 1387/1494/1676 1437/1577/1676 1388/1498/1591
f 1415/1499/1677 1463/1574/1677 1464/1578/1677
f 1401/1496/1678 1451/1530/1679 1402/1500/1678
f 1429/1501/1680 1477/1576/1680 1478/1579/1680
f 1388/1498/1681 1438/1533/1681 1389/1502/1681
f 1458/1556/1682 1506/1580/1682 1507/1581/1682
f 1445/1557/1683 1493/1582/1683 1494/1583/1683
f 1471/1555/1684 1521/1584/1684 1472/1558/1684
f 1459/1559/1685 1507/1581/1685 1508/1585/1685
f 1445/1557/1686 1495/1586/1686 1446/1560/1686
f 1473/1561/1687 1521/1584/1687 1522/1587/1687
f 1459/1559/1688 1509/1588/1688 1460/1562/1688
f 1447/1563/1689 1495/1586/1689 1496/1589/1689
f 1473/1561/1690 1523/1590/1690 1474/1564/1690
f 1460/1562/1691 1510/1591/1691 1461/1565/1691
f 1447/1563/1692 1497/1592/1692 1448/1566/1692
f 1475/1567/1693 1523/1590/1693 1524/1593/1693
f 1435/1569/1666 2611/1594/1432 1484/1595/1694
f 1462/1570/1695 1510/1591/1695 1511/1596/1695
f 1448/1566/1696 1498/1597/1696 1449/1571/1696
f 1475/1567/1697 1525/1598/1697 1476/1572/1697
f 1436/1573/1672 1484/1595/1698 1485/1599/1698
f 1462/1570/1699 1512/1600/1699 1463/1574/1699
f 1450/1575/1700 1498/1597/1700 1499/1601/1700
f 1476/1572/1701 1526/1602/1701 1477/1576/1701
f 1436/1573/1702 1486/1603/1702 1437/1577/1676
f 1464/1578/1703 1512/1600/1703 1513/1604/1703
f 1451/1530/1704 1499/1601/1704 1500/1605/1704
f 1478/1579/1705 1526/1602/1705 1527/1606/1705
f 1438/1533/1706 1486/1603/1706 1487/1607/1706
f 1464/1578/1707 1514/1608/1707 1465/1529/1707
f 1452/1531/1708 1500/1605/1708 1501/1609/1708
f 1478/1579/1709 1528/1610/1709 1479/1532/1709
f 1439/1534/1710 1487/1607/1710 1488/1611/1710
f 1466/1535/1711 1514/1608/1711 1515/1612/1711
f 1452/1531/1712 1502/1613/1712 1453/1536/1712
f 1479/1532/1713 1529/1614/1713 1480/1537/1713
f 1440/1538/1714 1488/1611/1714 1489/1615/1714
f 1466/1535/1715 1516/1616/1715 1467/1539/1715
f 1454/1540/1716 1502/1613/1716 1503/1617/1716
f 1480/1537/1717 1530/1618/1717 1481/1541/1717
f 1440/1538/1718 1490/1619/1718 1441/1542/1718
f 1467/1539/1719 1517/1620/1719 1468/1543/1719
f 1454/1540/1720 1504/1621/1720 1455/1544/1720
f 1481/1541/1721 1531/1622/1722 1482/1545/1641
f 1442/1546/1723 1490/1619/1723 1491/1623/1723
f 1468/1543/1724 1518/1624/1724 1469/1547/1724
f 1456/1548/1725 1504/1621/1725 1505/1625/1725
f 1482/1545/1726 1532/1626/1727 1483/1549/1645
f 1443/1550/1728 1491/1623/1728 1492/1627/1728
f 1470/1551/1729 1518/1624/1729 1519/1628/1729
f 1456/1548/1730 1506/1580/1730 1457/1552/1730
f 3677/1629/1535 1483/1549/1649 1532/1626/1731
f 1443/1550/1732 1493/1582/1732 1444/1554/1732
f 1471/1555/1733 1519/1628/1733 1520/1630/1734
f 1513/1604/1735 1561/1631/1735 1562/1632/1735
f 1500/1605/1736 1548/1633/1736 1549/1634/1736
f 1527/1606/1737 1575/1635/1737 1576/1636/1737
f 1486/1603/1738 1536/1637/1738 1487/1607/1738
f 1513/1604/1739 1563/1638/1739 1514/1608/1739
f 1501/1609/1740 1549/1634/1740 1550/1639/1740
f 1527/1606/1741 1577/1640/1741 1528/1610/1741
f 1488/1611/1742 1536/1637/1742 1537/1641/1742
f 1515/1612/1743 1563/1638/1743 1564/1642/1743
f 1501/1609/1744 1551/1643/1744 1502/1613/1744
f 1528/1610/1745 1578/1644/1745 1529/1614/1745
f 1489/1615/1746 1537/1641/1746 1538/1645/1746
f 1515/1612/1747 1565/1646/1747 1516/1616/1747
f 1503/1617/1748 1551/1643/1748 1552/1647/1748
f 1530/1618/1749 1578/1644/1749 1579/1648/1749
f 1489/1615/1750 1539/1649/1750 1490/1619/1750
f 1516/1616/1751 1566/1650/1751 1517/1620/1751
f 1503/1617/1752 1553/1651/1752 1504/1621/1752
f 1531/1622/1722 1579/1648/1753 1580/1652/1754
f 1491/1623/1755 1539/1649/1755 1540/1653/1755
f 1517/1620/1756 1567/1654/1756 1518/1624/1756
f 1505/1625/1757 1553/1651/1757 1554/1655/1757
f 1532/1626/1727 1580/1652/1758 1581/1656/1759
f 1492/1627/1760 1540/1653/1760 1541/1657/1760
f 1519/1628/1761 1567/1654/1761 1568/1658/1761
f 1505/1625/1762 1555/1659/1762 1506/1580/1762
f 3677/1660/1535 1532/1626/1731 1581/1656/1763
f 1492/1627/1764 1542/1661/1764 1493/1582/1764
f 1520/1630/1765 1568/1658/1765 1569/1662/1765
f 1507/1581/1766 1555/1659/1766 1556/1663/1766
f 1494/1583/1767 1542/1661/1767 1543/1664/1768
f 1520/1630/1769 1570/1665/1769 1521/1584/1769
f 1508/1585/1770 1556/1663/1770 1557/1666/1770
f 1494/1583/1771 1544/1667/1771 1495/1586/1771
f 1522/1587/1772 1570/1665/1772 1571/1668/1772
f 1508/1585/1773 1558/1669/1773 1509/1588/1773
f 1496/1589/1774 1544/1667/1774 1545/1670/1774
f 1522/1587/1775 1572/1671/1775 1523/1590/1775
f 1509/1588/1776 1559/1672/1776 1510/1591/1776
f 1496/1589/1777 1546/1673/1777 1497/1592/1777
f 1524/1593/1778 1572/1671/1778 1573/1674/1778
f 1484/1595/1779 2611/1675/1780 1533/1676/1781
f 1511/1596/1782 1559/1672/1782 1560/1677/1782
f 1497/1592/1783 1547/1678/1783 1498/1597/1783
f 1524/1593/1784 1574/1679/1784 1525/1598/1784
f 1484/1595/1698 1534/1680/1785 1485/1599/1698
f 1511/1596/1786 1561/1631/1786 1512/1600/1786
f 1499/1601/1787 1547/1678/1787 1548/1633/1787
f 1525/1598/1788 1575/1635/1788 1526/1602/1788
f 1485/1599/1789 1535/1681/1789 1486/1603/1702
f 1554/1655/1790 1604/1682/1790 1555/1659/1790
f 3677/1683/1535 1581/1656/1763 1630/1684/1791
f 1541/1657/1792 1591/1685/1792 1542/1661/1792
f 1569/1662/1793 1617/1686/1793 1618/1687/1793
f 1556/1663/1794 1604/1682/1794 1605/1688/1794
f 1543/1664/1795 1591/1685/1795 1592/1689/1795
f 1569/1662/1796 1619/1690/1796 1570/1665/1797
f 1557/1666/1798 1605/1688/1798 1606/1691/1798
f 1543/1664/1799 1593/1692/1799 1544/1667/1799
f 1571/1668/1800 1619/1690/1800 1620/1693/1800
f 1557/1666/1801 1607/1694/1801 1558/1669/1801
f 1545/1670/1802 1593/1692/1802 1594/1695/1802
f 1571/1668/1803 1621/1696/1803 1572/1671/1803
f 1558/1669/1804 1608/1697/1804 1559/1672/1804
f 1545/1670/1805 1595/1698/1805 1546/1673/1805
f 1573/1674/1806 1621/1696/1806 1622/1699/1806
f 1533/1676/1781 2611/1700/1780 1582/1701/1807
f 1560/1677/1808 1608/1697/1808 1609/1702/1808
f 1546/1673/1809 1596/1703/1809 1547/1678/1809
f 1573/1674/1810 1623/1704/1810 1574/1679/1811
f 1533/1676/1812 1583/1705/1813 1534/1680/1785
f 1560/1677/1814 1610/1706/1814 1561/1631/1814
f 1548/1633/1815 1596/1703/1815 1597/1707/1815
f 1574/1679/1816 1624/1708/1816 1575/1635/1816
f 1534/1680/1817 1584/1709/1818 1535/1681/1789
f 1562/1632/1819 1610/1706/1819 1611/1710/1820
f 1549/1634/1821 1597/1707/1821 1598/1711/1821
f 1576/1636/1822 1624/1708/1822 1625/1712/1822
f 1535/1681/1823 1585/1713/1823 1536/1637/1823
f 1562/1632/1824 1612/1714/1824 1563/1638/1825
f 1550/1639/1826 1598/1711/1826 1599/1715/1826
f 1576/1636/1827 1626/1716/1827 1577/1640/1827
f 1537/1641/1828 1585/1713/1828 1586/1717/1828
f 1564/1642/1829 1612/1714/1829 1613/1718/1829
f 1550/1639/1830 1600/1719/1830 1551/1643/1830
f 1577/1640/1831 1627/1720/1831 1578/1644/1831
f 1538/1645/1832 1586/1717/1832 1587/1721/1832
f 1564/1642/1833 1614/1722/1833 1565/1646/1833
f 1552/1647/1834 1600/1719/1834 1601/1723/1834
f 1579/1648/1835 1627/1720/1835 1628/1724/1835
f 1538/1645/1836 1588/1725/1836 1539/1649/1836
f 1565/1646/1837 1615/1726/1837 1566/1650/1837
f 1552/1647/1838 1602/1727/1838 1553/1651/1838
f 1580/1652/1754 1628/1724/1839 1629/1728/1839
f 1540/1653/1840 1588/1725/1840 1589/1729/1840
f 1566/1650/1841 1616/1730/1841 1567/1654/1841
f 1554/1655/1842 1602/1727/1842 1603/1731/1842
f 1581/1656/1759 1629/1728/1843 1630/1684/1843
f 1541/1657/1844 1589/1729/1844 1590/1732/1844
f 1568/1658/1845 1616/1730/1845 1617/1686/1845
f 1587/1721/1846 1637/1733/1846 1588/1725/1846
f 1614/1722/1847 1664/1734/1847 1615/1726/1848
f 1601/1723/1849 1651/1735/1849 1602/1727/1849
f 1628/1724/1839 1678/1736/1850 1629/1728/1839
f 1589/1729/1851 1637/1733/1851 1638/1737/1851
f 1615/1726/1852 1665/1738/1852 1616/1730/1852
f 1603/1731/1853 1651/1735/1853 1652/1739/1853
f 1629/1728/1843 1679/1740/1854 1630/1684/1843
f 1590/1732/1855 1638/1737/1855 1639/1741/1855
f 1617/1686/1856 1665/1738/1856 1666/1742/1856
f 1603/1731/1857 1653/1743/1857 1604/1682/1857
f 3677/1744/1858 1630/1684/1859 1679/1740/1860
f 1590/1732/1861 1640/1745/1861 1591/1685/1861
f 1618/1687/1862 1666/1742/1862 1667/1746/1862
f 1605/1688/1863 1653/1743/1863 1654/1747/1863
f 1592/1689/1864 1640/1745/1864 1641/1748/1864
f 1618/1687/1865 1668/1749/1865 1619/1690/1865
f 1606/1691/1866 1654/1747/1866 1655/1750/1866
f 1592/1689/1867 1642/1751/1867 1593/1692/1867
f 1620/1693/1868 1668/1749/1868 1669/1752/1868
f 1606/1691/1869 1656/1753/1869 1607/1694/1869
f 1594/1695/1870 1642/1751/1870 1643/1754/1871
f 1620/1693/1872 1670/1755/1872 1621/1696/1872
f 1607/1694/1873 1657/1756/1873 1608/1697/1873
f 1594/1695/1874 1644/1757/1874 1595/1698/1874
f 1622/1699/1875 1670/1755/1875 1671/1758/1875
f 1582/1701/1807 2611/1759/1780 1631/1760/1876
f 1609/1702/1877 1657/1756/1877 1658/1761/1877
f 1595/1698/1878 1645/1762/1878 1596/1703/1878
f 1622/1699/1879 1672/1763/1879 1623/1704/1879
f 1582/1701/1880 1632/1764/1880 1583/1705/1813
f 1609/1702/1881 1659/1765/1881 1610/1706/1881
f 1597/1707/1882 1645/1762/1882 1646/1766/1882
f 1623/1704/1883 1673/1767/1883 1624/1708/1883
f 1583/1705/1884 1633/1768/1885 1584/1709/1818
f 1611/1710/1886 1659/1765/1886 1660/1769/1886
f 1598/1711/1887 1646/1766/1887 1647/1770/1887
f 1625/1712/1888 1673/1767/1888 1674/1771/1888
f 1584/1709/1889 1634/1772/1889 1585/1713/1889
f 1611/1710/1890 1661/1773/1890 1612/1714/1890
f 1599/1715/1891 1647/1770/1891 1648/1774/1891
f 1625/1712/1892 1675/1775/1892 1626/1716/1892
f 1586/1717/1893 1634/1772/1893 1635/1776/1893
f 1613/1718/1894 1661/1773/1894 1662/1777/1894
f 1599/1715/1895 1649/1778/1895 1600/1719/1895
f 1626/1716/1896 1676/1779/1896 1627/1720/1896
f 1587/1721/1897 1635/1776/1897 1636/1780/1897
f 1613/1718/1898 1663/1781/1898 1614/1722/1898
f 1601/1723/1899 1649/1778/1899 1650/1782/1899
f 1627/1720/1900 1677/1783/1900 1628/1724/1900
f 1669/1752/1901 1719/1784/1901 1670/1755/1901
f 1656/1753/1902 1706/1785/1902 1657/1756/1902
f 1643/1754/1903 1693/1786/1903 1644/1757/1903
f 1671/1758/1904 1719/1784/1904 1720/1787/1904
f 1631/1760/1876 2611/1788/1780 1680/1789/1905
f 1658/1761/1906 1706/1785/1906 1707/1790/1906
f 1644/1757/1907 1694/1791/1907 1645/1762/1907
f 1671/1758/1908 1721/1792/1909 1672/1763/1909
f 1631/1760/1910 1681/1793/1910 1632/1764/1880
f 1658/1761/1911 1708/1794/1911 1659/1765/1911
f 1646/1766/1912 1694/1791/1912 1695/1795/1912
f 1672/1763/1913 1722/1796/1913 1673/1767/1913
f 1632/1764/1914 1682/1797/1914 1633/1768/1885
f 1660/1769/1915 1708/1794/1915 1709/1798/1916
f 1647/1770/1917 1695/1795/1917 1696/1799/1917
f 1674/1771/1918 1722/1796/1919 1723/1800/1918
f 1633/1768/1920 1683/1801/1920 1634/1772/1920
f 1660/1769/1921 1710/1802/1921 1661/1773/1921
f 1648/1774/1922 1696/1799/1922 1697/1803/1922
f 1674/1771/1923 1724/1804/1923 1675/1775/1923
f 1635/1776/1924 1683/1801/1924 1684/1805/1924
f 1662/1777/1925 1710/1802/1925 1711/1806/1925
f 1648/1774/1926 1698/1807/1926 1649/1778/1926
f 1675/1775/1927 1725/1808/1927 1676/1779/1927
f 1636/1780/1928 1684/1805/1928 1685/1809/1928
f 1662/1777/1929 1712/1810/1929 1663/1781/1929
f 1650/1782/1930 1698/1807/1930 1699/1811/1930
f 1676/1779/1931 1726/1812/1931 1677/1783/1931
f 1636/1780/1932 1686/1813/1933 1637/1733/1933
f 1663/1781/1934 1713/1814/1934 1664/1734/1934
f 1650/1782/1935 1700/1815/1935 1651/1735/1935
f 1678/1736/1850 1726/1812/1936 1727/1816/1937
f 1638/1737/1938 1686/1813/1938 1687/1817/1938
f 1664/1734/1939 1714/1818/1939 1665/1738/1939
f 1652/1739/1940 1700/1815/1940 1701/1819/1940
f 1678/1736/1941 1728/1820/1941 1679/1740/1854
f 1639/1741/1942 1687/1817/1943 1688/1821/1942
f 1666/1742/1944 1714/1818/1944 1715/1822/1944
f 1652/1739/1945 1702/1823/1945 1653/1743/1945
f 3677/1824/1858 1679/1740/1860 1728/1820/1946
f 1639/1741/1947 1689/1825/1947 1640/1745/1947
f 1667/1746/1948 1715/1822/1948 1716/1826/1948
f 1654/1747/1949 1702/1823/1949 1703/1827/1949
f 1641/1748/1950 1689/1825/1950 1690/1828/1950
f 1667/1746/1951 1717/1829/1951 1668/1749/1951
f 1655/1750/1952 1703/1827/1952 1704/1830/1952
f 1641/1748/1953 1691/1831/1953 1642/1751/1954
f 1669/1752/1955 1717/1829/1955 1718/1832/1955
f 1655/1750/1956 1705/1833/1956 1656/1753/1956
f 1643/1754/1957 1691/1831/1957 1692/1834/1957
f 1685/1809/1958 1733/1835/1958 1734/1836/1959
f 1711/1806/1960 1761/1837/1960 1712/1810/1960
f 1699/1811/1961 1747/1838/1961 1748/1839/1961
f 1725/1808/1962 1775/1840/1962 1726/1812/1962
f 1685/1809/1963 1735/1841/1963 1686/1813/1963
f 1712/1810/1964 1762/1842/1964 1713/1814/1964
f 1699/1811/1965 1749/1843/1965 1700/1815/1966
f 1727/1816/1937 1775/1840/1967 1776/1844/1967
f 1687/1817/1968 1735/1841/1968 1736/1845/1968
f 1713/1814/1969 1763/1846/1969 1714/1818/1969
f 1701/1819/1970 1749/1843/1970 1750/1847/1970
f 1727/1816/1971 1777/1848/1972 1728/1820/1941
f 1688/1821/1973 1736/1845/1974 1737/1849/1973
f 1715/1822/1975 1763/1846/1975 1764/1850/1975
f 1701/1819/1976 1751/1851/1976 1702/1823/1976
f 3677/1852/1858 1728/1820/1946 1777/1848/1977
f 1688/1821/1978 1738/1853/1978 1689/1825/1978
f 1716/1826/1979 1764/1850/1979 1765/1854/1979
f 1703/1827/1980 1751/1851/1980 1752/1855/1980
f 1690/1828/1981 1738/1853/1981 1739/1856/1981
f 1716/1826/1982 1766/1857/1982 1717/1829/1982
f 1704/1830/1983 1752/1855/1983 1753/1858/1983
f 1690/1828/1984 1740/1859/1984 1691/1831/1984
f 1718/1832/1985 1766/1857/1985 1767/1860/1985
f 1704/1830/1986 1754/1861/1986 1705/1833/1987
f 1692/1834/1988 1740/1859/1988 1741/1862/1988
f 1718/1832/1989 1768/1863/1989 1719/1784/1989
f 1705/1833/1990 1755/1864/1990 1706/1785/1990
f 1692/1834/1991 1742/1865/1991 1693/1786/1991
f 1720/1787/1992 1768/1863/1992 1769/1866/1992
f 1680/1789/1905 2611/1867/1780 1729/1868/1993
f 1707/1790/1994 1755/1864/1994 1756/1869/1994
f 1693/1786/1995 1743/1870/1995 1694/1791/1995
f 1720/1787/1996 1770/1871/1997 1721/1792/1997
f 1680/1789/1998 1730/1872/1999 1681/1793/1910
f 1707/1790/2000 1757/1873/2000 1708/1794/2000
f 1695/1795/2001 1743/1870/2001 1744/1874/2002
f 1721/1792/2003 1771/1875/2003 1722/1796/2003
f 1681/1793/2004 1731/1876/2005 1682/1797/1914
f 1709/1798/2006 1757/1873/2006 1758/1877/2006
f 1696/1799/2007 1744/1874/2007 1745/1878/2008
f 1723/1800/2009 1771/1875/2009 1772/1879/2009
f 1682/1797/2010 1732/1880/2010 1683/1801/2010
f 1709/1798/2011 1759/1881/2011 1710/1802/2011
f 1697/1803/2012 1745/1878/2012 1746/1882/2012
f 1723/1800/2013 1773/1883/2013 1724/1804/2013
f 1684/1805/2014 1732/1880/2014 1733/1835/2014
f 1711/1806/2015 1759/1881/2015 1760/1884/2015
f 1697/1803/2016 1747/1838/2016 1698/1807/2016
f 1724/1804/2017 1774/1885/2017 1725/1808/2017
f 1767/1860/2018 1815/1886/2018 1816/1887/2018
f 1753/1858/2019 1803/1888/2019 1754/1861/2019
f 1741/1862/2020 1789/1889/2020 1790/1890/2020
f 1767/1860/2021 1817/1891/2021 1768/1863/2021
f 1754/1861/2022 1804/1892/2022 1755/1864/2022
f 1741/1862/2023 1791/1893/2023 1742/1865/2023
f 1769/1866/2024 1817/1891/2024 1818/1894/2024
f 1729/1868/1993 2611/1895/1780 1778/1896/2025
f 1756/1869/2026 1804/1892/2026 1805/1897/2026
f 1742/1865/2027 1792/1898/2027 1743/1870/2027
f 1769/1866/2028 1819/1899/2028 1770/1871/2028
f 1729/1868/2029 1779/1900/2029 1730/1872/1999
f 1756/1869/2030 1806/1901/2031 1757/1873/2030
f 1743/1870/2032 1793/1902/2032 1744/1874/2032
f 1770/1871/2033 1820/1903/2033 1771/1875/2033
f 1731/1876/2005 1779/1900/2034 1780/1904/2034
f 1758/1877/2035 1806/1901/2035 1807/1905/2035
f 1745/1878/2036 1793/1902/2036 1794/1906/2036
f 1772/1879/2037 1820/1903/2037 1821/1907/2037
f 1731/1876/2038 1781/1908/2038 1732/1880/2038
f 1758/1877/2039 1808/1909/2039 1759/1881/2039
f 1746/1882/2040 1794/1906/2040 1795/1910/2040
f 1772/1879/2041 1822/1911/2041 1773/1883/2041
f 1733/1835/2042 1781/1908/2042 1782/1912/2042
f 1760/1884/2043 1808/1909/2043 1809/1913/2043
f 1746/1882/2044 1796/1914/2044 1747/1838/2044
f 1773/1883/2045 1823/1915/2045 1774/1885/2045
f 1734/1836/2046 1782/1912/2046 1783/1916/2046
f 1760/1884/2047 1810/1917/2047 1761/1837/2047
f 1748/1839/2048 1796/1914/2048 1797/1918/2048
f 1774/1885/2049 1824/1919/2050 1775/1840/2050
f 1734/1836/2051 1784/1920/2051 1735/1841/2051
f 1761/1837/2052 1811/1921/2052 1762/1842/2052
f 1748/1839/2053 1798/1922/2053 1749/1843/2053
f 1775/1840/1967 1825/1923/2054 1776/1844/1967
f 1736/1845/2055 1784/1920/2055 1785/1924/2055
f 1762/1842/2056 1812/1925/2056 1763/1846/2056
f 1750/1847/2057 1798/1922/2058 1799/1926/2058
f 1777/1848/1972 1825/1923/2059 1826/1927/2059
f 1737/1849/2060 1785/1924/2060 1786/1928/2060
f 1764/1850/2061 1812/1925/2061 1813/1929/2061
f 1750/1847/2062 1800/1930/2062 1751/1851/2062
f 3677/1931/1858 1777/1848/1977 1826/1927/2063
f 1737/1849/2064 1787/1932/2064 1738/1853/2064
f 1765/1854/2065 1813/1929/2065 1814/1933/2065
f 1752/1855/2066 1800/1930/2066 1801/1934/2066
f 1739/1856/2067 1787/1932/2067 1788/1935/2067
f 1765/1854/2068 1815/1886/2068 1766/1857/2068
f 1753/1858/2069 1801/1934/2069 1802/1936/2069
f 1739/1856/2070 1789/1889/2070 1740/1859/2070
f 1782/1912/2071 1830/1937/2071 1831/1938/2071
f 1809/1913/2072 1857/1939/2072 1858/1940/2072
f 1795/1910/2073 1845/1941/2073 1796/1914/2073
f 1822/1911/2074 1872/1942/2074 1823/1915/2074
f 1783/1916/2075 1831/1938/2075 1832/1943/2075
f 1809/1913/2076 1859/1944/2076 1810/1917/2076
f 1797/1918/2077 1845/1941/2077 1846/1945/2077
f 1824/1919/2078 1872/1942/2078 1873/1946/2078
f 1783/1916/2079 1833/1947/2079 1784/1920/2079
f 1810/1917/2080 1860/1948/2080 1811/1921/2080
f 1797/1918/2081 1847/1949/2081 1798/1922/2081
f 1825/1923/2054 1873/1946/2082 1874/1950/2083
f 1785/1924/2084 1833/1947/2084 1834/1951/2084
f 1811/1921/2085 1861/1952/2085 1812/1925/2085
f 1799/1926/2086 1847/1949/2086 1848/1953/2086
f 1825/1923/2059 1875/1954/2087 1826/1927/2059
f 1786/1928/2088 1834/1951/2088 1835/1955/2088
f 1813/1929/2089 1861/1952/2089 1862/1956/2089
f 1799/1926/2090 1849/1957/2090 1800/1930/2090
f 3677/1958/1858 1826/1927/2063 1875/1954/2091
f 1786/1928/2092 1836/1959/2092 1787/1932/2092
f 1814/1933/2093 1862/1956/2093 1863/1960/2093
f 1801/1934/2094 1849/1957/2094 1850/1961/2094
f 1788/1935/2095 1836/1959/2095 1837/1962/2095
f 1814/1933/2096 1864/1963/2096 1815/1886/2096
f 1802/1936/2097 1850/1961/2097 1851/1964/2097
f 1788/1935/2098 1838/1965/2098 1789/1889/2098
f 1816/1887/2099 1864/1963/2099 1865/1966/2099
f 1802/1936/2100 1852/1967/2100 1803/1888/2100
f 1790/1890/2101 1838/1965/2101 1839/1968/2101
f 1816/1887/2102 1866/1969/2102 1817/1891/2102
f 1803/1888/2103 1853/1970/2103 1804/1892/2103
f 1790/1890/2104 1840/1971/2104 1791/1893/2104
f 1818/1894/2105 1866/1969/2105 1867/1972/2105
f 1778/1896/2106 2611/1973/2107 1827/1974/2108
f 1805/1897/2109 1853/1970/2109 1854/1975/2109
f 1791/1893/2110 1841/1976/2110 1792/1898/2110
f 1818/1894/2111 1868/1977/2111 1819/1899/2111
f 1778/1896/2112 1828/1978/2113 1779/1900/2029
f 1805/1897/2114 1855/1979/2114 1806/1901/2114
f 1792/1898/2115 1842/1980/2115 1793/1902/2115
f 1819/1899/2116 1869/1981/2116 1820/1903/2116
f 1779/1900/2034 1829/1982/2117 1780/1904/2034
f 1807/1905/2118 1855/1979/2118 1856/1983/2118
f 1794/1906/2119 1842/1980/2119 1843/1984/2119
f 1821/1907/2120 1869/1981/2120 1870/1985/2120
f 1780/1904/2121 1830/1937/2121 1781/1908/2121
f 1807/1905/2122 1857/1939/2122 1808/1909/2122
f 1795/1910/2123 1843/1984/2123 1844/1986/2123
f 1821/1907/2124 1871/1987/2124 1822/1911/2124
f 1863/1960/2125 1913/1988/2125 1864/1963/2125
f 1851/1964/2126 1899/1989/2126 1900/1990/2126
f 1837/1962/2127 1887/1991/2127 1838/1965/2127
f 1865/1966/2128 1913/1988/2128 1914/1992/2128
f 1851/1964/2129 1901/1993/2129 1852/1967/2129
f 1839/1968/2130 1887/1991/2130 1888/1994/2130
f 1865/1966/2131 1915/1995/2131 1866/1969/2131
f 1852/1967/2132 1902/1996/2132 1853/1970/2132
f 1839/1968/2133 1889/1997/2133 1840/1971/2133
f 1867/1972/2134 1915/1995/2134 1916/1998/2134
f 1827/1974/2108 2611/1999/2107 1876/2000/2135
f 1854/1975/2136 1902/1996/2136 1903/2001/2136
f 1840/1971/2137 1890/2002/2137 1841/1976/2137
f 1867/1972/2138 1917/2003/2138 1868/1977/2138
f 1828/1978/2113 1876/2000/2139 1877/2004/2139
f 1854/1975/2140 1904/2005/2140 1855/1979/2140
f 1841/1976/2141 1891/2006/2141 1842/1980/2141
f 1868/1977/2142 1918/2007/2142 1869/1981/2142
f 1829/1982/2117 1877/2004/2143 1878/2008/2143
f 1856/1983/2144 1904/2005/2144 1905/2009/2144
f 1843/1984/2145 1891/2006/2145 1892/2010/2145
f 1870/1985/2146 1918/2007/2146 1919/2011/2146
f 1830/1937/2147 1878/2008/2147 1879/2012/2147
f 1856/1983/2148 1906/2013/2148 1857/1939/2148
f 1844/1986/2149 1892/2010/2149 1893/2014/2149
f 1870/1985/2150 1920/2015/2150 1871/1987/2150
f 1831/1938/2151 1879/2012/2151 1880/2016/2151
f 1858/1940/2152 1906/2013/2152 1907/2017/2152
f 1844/1986/2153 1894/2018/2153 1845/1941/2153
f 1871/1987/2154 1921/2019/2154 1872/1942/2154
f 1832/1943/2155 1880/2016/2155 1881/2020/2155
f 1858/1940/2156 1908/2021/2156 1859/1944/2156
f 1846/1945/2157 1894/2018/2157 1895/2022/2157
f 1872/1942/2158 1922/2023/2158 1873/1946/2158
f 1832/1943/2159 1882/2024/2159 1833/1947/2159
f 1859/1944/2160 1909/2025/2160 1860/1948/2161
f 1846/1945/2162 1896/2026/2162 1847/1949/2162
f 1874/1950/2083 1922/2023/2163 1923/2027/2163
f 1834/1951/2164 1882/2024/2164 1883/2028/2164
f 1861/1952/2165 1909/2025/2165 1910/2029/2165
f 1848/1953/2166 1896/2026/2166 1897/2030/2167
f 1874/1950/2168 1924/2031/2168 1875/1954/2087
f 1835/1955/2169 1883/2028/2169 1884/2032/2169
f 1861/1952/2170 1911/2033/2170 1862/1956/2170
f 1848/1953/2171 1898/2034/2171 1849/1957/2171
f 3677/2035/1858 1875/1954/2091 1924/2031/2172
f 1835/1955/2173 1885/2036/2173 1836/1959/2173
f 1863/1960/2174 1911/2033/2174 1912/2037/2174
f 1850/1961/2175 1898/2034/2175 1899/1989/2175
f 1837/1962/2176 1885/2036/2176 1886/2038/2176
f 1878/2008/2177 1928/2039/2177 1879/2012/2177
f 1905/2009/2178 1955/2040/2178 1906/2013/2178
f 1893/2014/2179 1941/2041/2179 1942/2042/2179
f 1919/2011/2180 1969/2043/2180 1920/2015/2180
f 1880/2016/2181 1928/2039/2181 1929/2044/2181
f 1907/2017/2182 1955/2040/2182 1956/2045/2182
f 1893/2014/2183 1943/2046/2183 1894/2018/2184
f 1920/2015/2185 1970/2047/2185 1921/2019/2185
f 1881/2020/2186 1929/2044/2186 1930/2048/2186
f 1907/2017/2187 1957/2049/2187 1908/2021/2187
f 1895/2022/2188 1943/2046/2188 1944/2050/2188
f 1921/2019/2189 1971/2051/2189 1922/2023/2189
f 1881/2020/2190 1931/2052/2190 1882/2024/2190
f 1908/2021/2191 1958/2053/2191 1909/2025/2192
f 1895/2022/2193 1945/2054/2193 1896/2026/2193
f 1922/2023/2163 1972/2055/2194 1923/2027/2163
f 1883/2028/2195 1931/2052/2195 1932/2056/2195
f 1909/2025/2196 1959/2057/2196 1910/2029/2196
f 1897/2030/2197 1945/2054/2197 1946/2058/2197
f 1923/2027/2198 1973/2059/2199 1924/2031/2168
f 1884/2032/2200 1932/2056/2200 1933/2060/2201
f 1911/2033/2202 1959/2057/2202 1960/2061/2202
f 1897/2030/2203 1947/2062/2203 1898/2034/2203
f 3677/2063/2204 1924/2031/2205 1973/2059/2206
f 1884/2032/2207 1934/2064/2207 1885/2036/2207
f 1912/2037/2208 1960/2061/2208 1961/2065/2208
f 1899/1989/2209 1947/2062/2209 1948/2066/2209
f 1886/2038/2210 1934/2064/2210 1935/2067/2210
f 1912/2037/2211 1962/2068/2211 1913/1988/2211
f 1900/1990/2212 1948/2066/2212 1949/2069/2212
f 1886/2038/2213 1936/2070/2213 1887/1991/2213
f 1914/1992/2214 1962/2068/2214 1963/2071/2214
f 1900/1990/2215 1950/2072/2215 1901/1993/2216
f 1888/1994/2217 1936/2070/2217 1937/2073/2217
f 1914/1992/2218 1964/2074/2218 1915/1995/2218
f 1901/1993/2219 1951/2075/2219 1902/1996/2219
f 1888/1994/2220 1938/2076/2220 1889/1997/2220
f 1916/1998/2221 1964/2074/2221 1965/2077/2221
f 1876/2000/2135 2611/2078/2107 1925/2079/2222
f 1903/2001/2223 1951/2075/2223 1952/2080/2223
f 1889/1997/2224 1939/2081/2224 1890/2002/2224
f 1916/1998/2225 1966/2082/2226 1917/2003/2226
f 1876/2000/2139 1926/2083/2227 1877/2004/2139
f 1903/2001/2228 1953/2084/2228 1904/2005/2228
f 1891/2006/2229 1939/2081/2229 1940/2085/2229
f 1917/2003/2230 1967/2086/2230 1918/2007/2230
f 1877/2004/2143 1927/2087/2231 1878/2008/2143
f 1905/2009/2232 1953/2084/2232 1954/2088/2232
f 1892/2010/2233 1940/2085/2234 1941/2041/2234
f 1919/2011/2235 1967/2086/2235 1968/2089/2235
f 1961/2065/2236 2009/2090/2236 2010/2091/2236
f 1948/2066/2237 1996/2092/2237 1997/2093/2237
f 1935/2067/2238 1983/2094/2238 1984/2095/2238
f 1961/2065/2239 2011/2096/2239 1962/2068/2239
f 1949/2069/2240 1997/2093/2240 1998/2097/2240
f 1935/2067/2241 1985/2098/2241 1936/2070/2241
f 1963/2071/2242 2011/2096/2242 2012/2099/2242
f 1949/2069/2243 1999/2100/2243 1950/2072/2243
f 1937/2073/2244 1985/2098/2244 1986/2101/2244
f 1963/2071/2245 2013/2102/2245 1964/2074/2245
f 1950/2072/2246 2000/2103/2246 1951/2075/2246
f 1937/2073/2247 1987/2104/2247 1938/2076/2247
f 1965/2077/2248 2013/2102/2248 2014/2105/2248
f 1925/2079/2222 2611/2106/2107 1974/2107/2249
f 1952/2080/2250 2000/2103/2250 2001/2108/2250
f 1938/2076/2251 1988/2109/2251 1939/2081/2251
f 1965/2077/2252 2015/2110/2252 1966/2082/2252
f 1925/2079/2253 1975/2111/2253 1926/2083/2227
f 1952/2080/2254 2002/2112/2254 1953/2084/2254
f 1940/2085/2255 1988/2109/2255 1989/2113/2255
f 1966/2082/2256 2016/2114/2256 1967/2086/2256
f 1926/2083/2257 1976/2115/2257 1927/2087/2231
f 1954/2088/2258 2002/2112/2258 2003/2116/2258
f 1941/2041/2259 1989/2113/2259 1990/2117/2259
f 1968/2089/2260 2016/2114/2260 2017/2118/2260
f 1927/2087/2261 1977/2119/2261 1928/2039/2261
f 1954/2088/2262 2004/2120/2262 1955/2040/2262
f 1942/2042/2263 1990/2117/2263 1991/2121/2263
f 1968/2089/2264 2018/2122/2264 1969/2043/2264
f 1929/2044/2265 1977/2119/2265 1978/2123/2265
f 1956/2045/2266 2004/2120/2266 2005/2124/2266
f 1942/2042/2267 1992/2125/2267 1943/2046/2267
f 1969/2043/2268 2019/2126/2268 1970/2047/2268
f 1930/2048/2269 1978/2123/2269 1979/2127/2269
f 1956/2045/2270 2006/2128/2270 1957/2049/2270
f 1944/2050/2271 1992/2125/2271 1993/2129/2271
f 1971/2051/2272 2019/2126/2272 2020/2130/2272
f 1930/2048/2273 1980/2131/2273 1931/2052/2274
f 1957/2049/2275 2007/2132/2276 1958/2053/2275
f 1944/2050/2277 1994/2133/2277 1945/2054/2277
f 1972/2055/2194 2020/2130/2278 2021/2134/2279
f 1932/2056/2280 1980/2131/2280 1981/2135/2280
f 1958/2053/2281 2008/2136/2281 1959/2057/2281
f 1946/2058/2282 1994/2133/2282 1995/2137/2282
f 1972/2055/2283 2022/2138/2283 1973/2059/2199
f 1933/2060/2284 1981/2135/2284 1982/2139/2284
f 1960/2061/2285 2008/2136/2285 2009/2090/2285
f 1946/2058/2286 1996/2092/2286 1947/2062/2286
f 3677/2140/2204 1973/2059/2206 2022/2138/2287
f 1933/2060/2288 1983/2094/2288 1934/2064/2288
f 1975/2111/2289 2025/2141/2290 1976/2115/2257
f 2003/2116/2291 2051/2142/2291 2052/2143/2291
f 1990/2117/2292 2038/2144/2292 2039/2145/2292
f 2017/2118/2293 2065/2146/2293 2066/2147/2293
f 1976/2115/2294 2026/2148/2294 1977/2119/2294
f 2003/2116/2295 2053/2149/2295 2004/2120/2295
f 1991/2121/2296 2039/2145/2296 2040/2150/2296
f 2017/2118/2297 2067/2151/2297 2018/2122/2297
f 1977/2119/2298 2027/2152/2298 1978/2123/2298
f 2005/2124/2299 2053/2149/2299 2054/2153/2299
f 1991/2121/2300 2041/2154/2300 1992/2125/2300
f 2018/2122/2301 2068/2155/2301 2019/2126/2301
f 1979/2127/2302 2027/2152/2302 2028/2156/2302
f 2005/2124/2303 2055/2157/2303 2006/2128/2304
f 1993/2129/2305 2041/2154/2305 2042/2158/2305
f 2019/2126/2306 2069/2159/2306 2020/2130/2306
f 1979/2127/2307 2029/2160/2307 1980/2131/2307
f 2006/2128/2308 2056/2161/2308 2007/2132/2308
f 1993/2129/2309 2043/2162/2309 1994/2133/2309
f 2021/2134/2279 2069/2159/2310 2070/2163/2311
f 1981/2135/2312 2029/2160/2312 2030/2164/2312
f 2007/2132/2313 2057/2165/2313 2008/2136/2313
f 1995/2137/2314 2043/2162/2314 2044/2166/2314
f 2021/2134/2315 2071/2167/2315 2022/2138/2283
f 1982/2139/2316 2030/2164/2316 2031/2168/2316
f 2009/2090/2317 2057/2165/2317 2058/2169/2317
f 1995/2137/2318 2045/2170/2318 1996/2092/2318
f 3677/2171/2204 2022/2138/2287 2071/2167/2319
f 1982/2139/2320 2032/2172/2320 1983/2094/2320
f 2010/2091/2321 2058/2169/2321 2059/2173/2321
f 1997/2093/2322 2045/2170/2322 2046/2174/2322
f 1984/2095/2323 2032/2172/2323 2033/2175/2323
f 2010/2091/2324 2060/2176/2324 2011/2096/2324
f 1998/2097/2325 2046/2174/2325 2047/2177/2325
f 1984/2095/2326 2034/2178/2326 1985/2098/2326
f 2012/2099/2327 2060/2176/2327 2061/2179/2327
f 1998/2097/2328 2048/2180/2328 1999/2100/2328
f 1986/2101/2329 2034/2178/2329 2035/2181/2330
f 2012/2099/2331 2062/2182/2331 2013/2102/2331
f 1999/2100/2332 2049/2183/2332 2000/2103/2333
f 1986/2101/2334 2036/2184/2334 1987/2104/2334
f 2014/2105/2335 2062/2182/2335 2063/2185/2335
f 1974/2107/2249 2611/2186/2107 2023/2187/2336
f 2001/2108/2337 2049/2183/2337 2050/2188/2337
f 1987/2104/2338 2037/2189/2338 1988/2109/2338
f 2014/2105/2339 2064/2190/2339 2015/2110/2339
f 1974/2107/2340 2024/2191/2340 1975/2111/2253
f 2001/2108/2341 2051/2142/2341 2002/2112/2341
f 1989/2113/2342 2037/2189/2342 2038/2144/2342
f 2015/2110/2343 2065/2146/2343 2016/2114/2343
f 2058/2169/2344 2106/2192/2344 2107/2193/2344
f 2044/2166/2345 2094/2194/2345 2045/2170/2345
f 3677/2195/2204 2071/2167/2319 2120/2196/2346
f 2031/2168/2347 2081/2197/2347 2032/2172/2347
f 2059/2173/2348 2107/2193/2348 2108/2198/2348
f 2046/2174/2349 2094/2194/2349 2095/2199/2349
f 2033/2175/2350 2081/2197/2350 2082/2200/2351
f 2059/2173/2352 2109/2201/2352 2060/2176/2352
f 2047/2177/2353 2095/2199/2353 2096/2202/2353
f 2033/2175/2354 2083/2203/2354 2034/2178/2354
f 2061/2179/2355 2109/2201/2355 2110/2204/2355
f 2047/2177/2356 2097/2205/2356 2048/2180/2356
f 2035/2181/2357 2083/2203/2357 2084/2206/2357
f 2061/2179/2358 2111/2207/2358 2062/2182/2358
f 2048/2180/2359 2098/2208/2359 2049/2183/2359
f 2035/2181/2360 2085/2209/2360 2036/2184/2360
f 2063/2185/2361 2111/2207/2361 2112/2210/2361
f 2023/2187/2336 2611/2211/2107 2072/2212/2362
f 2050/2188/2363 2098/2208/2363 2099/2213/2363
f 2036/2184/2364 2086/2214/2364 2037/2189/2364
f 2063/2185/2365 2113/2215/2365 2064/2190/2365
f 2023/2187/2366 2073/2216/2367 2024/2191/2340
f 2050/2188/2368 2100/2217/2368 2051/2142/2368
f 2038/2144/2369 2086/2214/2369 2087/2218/2369
f 2064/2190/2370 2114/2219/2370 2065/2146/2370
f 2024/2191/2371 2074/2220/2371 2025/2141/2290
f 2052/2143/2372 2100/2217/2372 2101/2221/2372
f 2038/2144/2373 2088/2222/2373 2039/2145/2373
f 2066/2147/2374 2114/2219/2374 2115/2223/2374
f 2025/2141/2375 2075/2224/2375 2026/2148/2375
f 2052/2143/2376 2102/2225/2376 2053/2149/2376
f 2040/2150/2377 2088/2222/2377 2089/2226/2377
f 2066/2147/2378 2116/2227/2378 2067/2151/2378
f 2027/2152/2379 2075/2224/2379 2076/2228/2379
f 2054/2153/2380 2102/2225/2380 2103/2229/2380
f 2040/2150/2381 2090/2230/2381 2041/2154/2381
f 2067/2151/2382 2117/2231/2382 2068/2155/2382
f 2028/2156/2383 2076/2228/2383 2077/2232/2383
f 2054/2153/2384 2104/2233/2384 2055/2157/2384
f 2042/2158/2385 2090/2230/2385 2091/2234/2385
f 2068/2155/2386 2118/2235/2386 2069/2159/2386
f 2028/2156/2387 2078/2236/2387 2029/2160/2387
f 2055/2157/2388 2105/2237/2388 2056/2161/2388
f 2042/2158/2389 2092/2238/2389 2043/2162/2389
f 2070/2163/2311 2118/2235/2390 2119/2239/2390
f 2030/2164/2391 2078/2236/2391 2079/2240/2391
f 2056/2161/2392 2106/2192/2392 2057/2165/2392
f 2044/2166/2393 2092/2238/2393 2093/2241/2393
f 2070/2163/2394 2120/2196/2395 2071/2167/2315
f 2031/2168/2396 2079/2240/2396 2080/2242/2396
f 2072/2212/2397 2122/2243/2398 2073/2216/2367
f 2099/2213/2399 2149/2244/2399 2100/2217/2399
f 2087/2218/2400 2135/2245/2400 2136/2246/2400
f 2113/2215/2401 2163/2247/2401 2114/2219/2401
f 2073/2216/2402 2123/2248/2402 2074/2220/2371
f 2101/2221/2403 2149/2244/2403 2150/2249/2403
f 2087/2218/2404 2137/2250/2404 2088/2222/2404
f 2115/2223/2405 2163/2247/2405 2164/2251/2405
f 2074/2220/2406 2124/2252/2406 2075/2224/2406
f 2101/2221/2407 2151/2253/2407 2102/2225/2407
f 2089/2226/2408 2137/2250/2408 2138/2254/2408
f 2115/2223/2409 2165/2255/2409 2116/2227/2410
f 2076/2228/2411 2124/2252/2411 2125/2256/2411
f 2103/2229/2412 2151/2253/2412 2152/2257/2412
f 2089/2226/2413 2139/2258/2413 2090/2230/2413
f 2116/2227/2414 2166/2259/2414 2117/2231/2414
f 2077/2232/2415 2125/2256/2415 2126/2260/2415
f 2103/2229/2416 2153/2261/2416 2104/2233/2416
f 2091/2234/2417 2139/2258/2417 2140/2262/2418
f 2117/2231/2419 2167/2263/2419 2118/2235/2419
f 2077/2232/2420 2127/2264/2420 2078/2236/2420
f 2104/2233/2421 2154/2265/2421 2105/2237/2421
f 2091/2234/2422 2141/2266/2422 2092/2238/2422
f 2118/2235/2390 2168/2267/2423 2119/2239/2390
f 2079/2240/2424 2127/2264/2424 2128/2268/2424
f 2105/2237/2425 2155/2269/2425 2106/2192/2425
f 2093/2241/2426 2141/2266/2426 2142/2270/2426
f 2119/2239/2427 2169/2271/2428 2120/2196/2395
f 2080/2242/2429 2128/2268/2429 2129/2272/2429
f 2107/2193/2430 2155/2269/2430 2156/2273/2430
f 2093/2241/2431 2143/2274/2431 2094/2194/2431
f 3677/2275/2204 2120/2196/2346 2169/2271/2432
f 2080/2242/2433 2130/2276/2433 2081/2197/2434
f 2108/2198/2435 2156/2273/2435 2157/2277/2435
f 2095/2199/2436 2143/2274/2436 2144/2278/2436
f 2082/2200/2437 2130/2276/2437 2131/2279/2438
f 2108/2198/2439 2158/2280/2439 2109/2201/2439
f 2096/2202/2440 2144/2278/2440 2145/2281/2440
f 2082/2200/2441 2132/2282/2442 2083/2203/2442
f 2110/2204/2443 2158/2280/2444 2159/2283/2443
f 2096/2202/2445 2146/2284/2445 2097/2205/2445
f 2084/2206/2446 2132/2282/2446 2133/2285/2446
f 2110/2204/2447 2160/2286/2447 2111/2207/2447
f 2097/2205/2448 2147/2287/2448 2098/2208/2448
f 2084/2206/2449 2134/2288/2449 2085/2209/2449
f 2112/2210/2450 2160/2286/2450 2161/2289/2450
f 2072/2212/2451 2611/2290/2452 2121/2291/2453
f 2099/2213/2454 2147/2287/2454 2148/2292/2454
f 2085/2209/2455 2135/2245/2455 2086/2214/2455
f 2112/2210/2456 2162/2293/2456 2113/2215/2456
f 2154/2265/2457 2204/2294/2457 2155/2269/2457
f 2142/2270/2458 2190/2295/2458 2191/2296/2458
f 2169/2271/2428 2217/2297/2459 2218/2298/2459
f 2129/2272/2460 2177/2299/2460 2178/2300/2460
f 2156/2273/2461 2204/2294/2461 2205/2301/2461
f 2142/2270/2462 2192/2302/2462 2143/2274/2462
f 3677/2303/2204 2169/2271/2432 2218/2298/2463
f 2129/2272/2464 2179/2304/2464 2130/2276/2464
f 2157/2277/2465 2205/2301/2465 2206/2305/2465
f 2144/2278/2466 2192/2302/2466 2193/2306/2466
f 2131/2279/2467 2179/2304/2467 2180/2307/2467
f 2157/2277/2468 2207/2308/2468 2158/2280/2468
f 2145/2281/2469 2193/2306/2469 2194/2309/2469
f 2131/2279/2470 2181/2310/2470 2132/2282/2470
f 2159/2283/2471 2207/2308/2471 2208/2311/2471
f 2145/2281/2472 2195/2312/2472 2146/2284/2472
f 2133/2285/2473 2181/2310/2473 2182/2313/2473
f 2159/2283/2474 2209/2314/2474 2160/2286/2474
f 2146/2284/2475 2196/2315/2475 2147/2287/2475
f 2133/2285/2476 2183/2316/2476 2134/2288/2476
f 2161/2289/2477 2209/2314/2477 2210/2317/2477
f 2121/2291/2453 2611/2318/2452 2170/2319/2478
f 2148/2292/2479 2196/2315/2479 2197/2320/2480
f 2134/2288/2481 2184/2321/2481 2135/2245/2481
f 2161/2289/2482 2211/2322/2482 2162/2293/2482
f 2121/2291/2483 2171/2323/2483 2122/2243/2398
f 2148/2292/2484 2198/2324/2484 2149/2244/2484
f 2136/2246/2485 2184/2321/2485 2185/2325/2485
f 2162/2293/2486 2212/2326/2486 2163/2247/2486
f 2122/2243/2487 2172/2327/2487 2123/2248/2402
f 2150/2249/2488 2198/2324/2488 2199/2328/2488
f 2137/2250/2489 2185/2325/2489 2186/2329/2489
f 2164/2251/2490 2212/2326/2490 2213/2330/2491
f 2124/2252/2492 2172/2327/2492 2173/2331/2492
f 2151/2253/2493 2199/2328/2493 2200/2332/2493
f 2138/2254/2494 2186/2329/2494 2187/2333/2494
f 2164/2251/2495 2214/2334/2495 2165/2255/2495
f 2125/2256/2496 2173/2331/2496 2174/2335/2496
f 2152/2257/2497 2200/2332/2497 2201/2336/2497
f 2138/2254/2498 2188/2337/2498 2139/2258/2498
f 2165/2255/2499 2215/2338/2499 2166/2259/2499
f 2126/2260/2500 2174/2335/2500 2175/2339/2500
f 2152/2257/2501 2202/2340/2501 2153/2261/2501
f 2139/2258/2502 2189/2341/2502 2140/2262/2502
f 2166/2259/2503 2216/2342/2503 2167/2263/2503
f 2126/2260/2504 2176/2343/2504 2127/2264/2504
f 2153/2261/2505 2203/2344/2505 2154/2265/2505
f 2140/2262/2506 2190/2295/2506 2141/2266/2506
f 2168/2267/2423 2216/2342/2507 2217/2297/2507
f 2128/2268/2508 2176/2343/2508 2177/2299/2508
f 2170/2319/2478 2611/2345/2452 2219/2346/2509
f 2197/2320/2510 2245/2347/2510 2246/2348/2510
f 2183/2316/2511 2233/2349/2511 2184/2321/2511
f 2210/2317/2512 2260/2350/2512 2211/2322/2512
f 2170/2319/2513 2220/2351/2513 2171/2323/2483
f 2197/2320/2514 2247/2352/2514 2198/2324/2514
f 2185/2325/2515 2233/2349/2515 2234/2353/2515
f 2211/2322/2516 2261/2354/2516 2212/2326/2516
f 2171/2323/2517 2221/2355/2518 2172/2327/2487
f 2199/2328/2519 2247/2352/2519 2248/2356/2519
f 2186/2329/2520 2234/2353/2521 2235/2357/2521
f 2213/2330/2522 2261/2354/2522 2262/2358/2522
f 2173/2331/2523 2221/2355/2523 2222/2359/2523
f 2199/2328/2524 2249/2360/2524 2200/2332/2524
f 2187/2333/2525 2235/2357/2525 2236/2361/2525
f 2213/2330/2526 2263/2362/2526 2214/2334/2526
f 2174/2335/2527 2222/2359/2527 2223/2363/2527
f 2201/2336/2528 2249/2360/2528 2250/2364/2528
f 2187/2333/2529 2237/2365/2529 2188/2337/2529
f 2214/2334/2530 2264/2366/2530 2215/2338/2530
f 2175/2339/2531 2223/2363/2531 2224/2367/2531
f 2201/2336/2532 2251/2368/2532 2202/2340/2532
f 2188/2337/2533 2238/2369/2533 2189/2341/2533
f 2215/2338/2534 2265/2370/2534 2216/2342/2534
f 2175/2339/2535 2225/2371/2535 2176/2343/2535
f 2202/2340/2536 2252/2372/2537 2203/2344/2536
f 2189/2341/2538 2239/2373/2538 2190/2295/2538
f 2216/2342/2507 2266/2374/2539 2217/2297/2507
f 2177/2299/2540 2225/2371/2540 2226/2375/2540
f 2203/2344/2541 2253/2376/2541 2204/2294/2541
f 2191/2296/2542 2239/2373/2542 2240/2377/2542
f 2217/2297/2459 2267/2378/2543 2218/2298/2459
f 2178/2300/2544 2226/2375/2544 2227/2379/2544
f 2205/2301/2545 2253/2376/2545 2254/2380/2545
f 2191/2296/2546 2241/2381/2546 2192/2302/2546
f 3677/2382/2547 2218/2298/2548 2267/2378/2549
f 2178/2300/2550 2228/2383/2550 2179/2304/2550
f 2206/2305/2551 2254/2380/2551 2255/2384/2551
f 2193/2306/2552 2241/2381/2552 2242/2385/2552
f 2180/2307/2553 2228/2383/2553 2229/2386/2554
f 2206/2305/2555 2256/2387/2555 2207/2308/2555
f 2194/2309/2556 2242/2385/2556 2243/2388/2556
f 2180/2307/2557 2230/2389/2557 2181/2310/2557
f 2208/2311/2558 2256/2387/2558 2257/2390/2558
f 2194/2309/2559 2244/2391/2559 2195/2312/2559
f 2182/2313/2560 2230/2389/2560 2231/2392/2560
f 2208/2311/2561 2258/2393/2561 2209/2314/2561
f 2195/2312/2562 2245/2347/2562 2196/2315/2562
f 2182/2313/2563 2232/2394/2563 2183/2316/2563
f 2210/2317/2564 2258/2393/2564 2259/2395/2564
f 2252/2372/2565 2300/2396/2565 2301/2397/2565
f 2238/2369/2566 2288/2398/2566 2239/2373/2566
f 2266/2374/2539 2314/2399/2567 2315/2400/2568
f 2226/2375/2569 2274/2401/2569 2275/2402/2569
f 2252/2372/2570 2302/2403/2570 2253/2376/2570
f 2240/2377/2571 2288/2398/2571 2289/2404/2571
f 2266/2374/2572 2316/2405/2573 2267/2378/2543
f 2227/2379/2574 2275/2402/2574 2276/2406/2574
f 2254/2380/2575 2302/2403/2575 2303/2407/2575
f 2240/2377/2576 2290/2408/2576 2241/2381/2577
f 3677/2409/2547 2267/2378/2549 2316/2405/2578
f 2227/2379/2579 2277/2410/2579 2228/2383/2579
f 2255/2384/2580 2303/2407/2580 2304/2411/2580
f 2242/2385/2581 2290/2408/2581 2291/2412/2581
f 2229/2386/2582 2277/2410/2582 2278/2413/2582
f 2255/2384/2583 2305/2414/2583 2256/2387/2583
f 2243/2388/2584 2291/2412/2584 2292/2415/2584
f 2229/2386/2585 2279/2416/2585 2230/2389/2586
f 2257/2390/2587 2305/2414/2587 2306/2417/2587
f 2243/2388/2588 2293/2418/2588 2244/2391/2588
f 2231/2392/2589 2279/2416/2589 2280/2419/2589
f 2257/2390/2590 2307/2420/2590 2258/2393/2590
f 2244/2391/2591 2294/2421/2591 2245/2347/2591
f 2231/2392/2592 2281/2422/2592 2232/2394/2592
f 2259/2395/2593 2307/2420/2593 2308/2423/2593
f 2219/2346/2509 2611/2424/2452 2268/2425/2594
f 2246/2348/2595 2294/2421/2595 2295/2426/2595
f 2232/2394/2596 2282/2427/2596 2233/2349/2596
f 2259/2395/2597 2309/2428/2597 2260/2350/2597
f 2219/2346/2598 2269/2429/2599 2220/2351/2513
f 2246/2348/2600 2296/2430/2600 2247/2352/2600
f 2234/2353/2601 2282/2427/2601 2283/2431/2601
f 2260/2350/2602 2310/2432/2602 2261/2354/2602
f 2221/2355/2518 2269/2429/2603 2270/2433/2603
f 2248/2356/2604 2296/2430/2604 2297/2434/2605
f 2234/2353/2606 2284/2435/2606 2235/2357/2606
f 2262/2358/2607 2310/2432/2607 2311/2436/2607
f 2222/2359/2608 2270/2433/2608 2271/2437/2608
f 2249/2360/2609 2297/2434/2609 2298/2438/2609
f 2236/2361/2610 2284/2435/2610 2285/2439/2610
f 2262/2358/2611 2312/2440/2611 2263/2362/2611
f 2223/2363/2612 2271/2437/2612 2272/2441/2612
f 2250/2364/2613 2298/2438/2613 2299/2442/2613
f 2236/2361/2614 2286/2443/2614 2237/2365/2615
f 2263/2362/2616 2313/2444/2616 2264/2366/2616
f 2223/2363/2617 2273/2445/2617 2224/2367/2617
f 2250/2364/2618 2300/2396/2618 2251/2368/2619
f 2237/2365/2620 2287/2446/2620 2238/2369/2620
f 2264/2366/2621 2314/2399/2621 2265/2370/2621
f 2224/2367/2622 2274/2401/2622 2225/2371/2622
f 2293/2418/2623 2343/2447/2623 2294/2421/2623
f 2280/2419/2624 2330/2448/2624 2281/2422/2624
f 2308/2423/2625 2356/2449/2625 2357/2450/2625
f 2268/2425/2594 2611/2451/2452 2317/2452/2626
f 2295/2426/2627 2343/2447/2627 2344/2453/2628
f 2281/2422/2629 2331/2454/2629 2282/2427/2630
f 2308/2423/2631 2358/2455/2631 2309/2428/2631
f 2268/2425/2632 2318/2456/2633 2269/2429/2599
f 2295/2426/2634 2345/2457/2634 2296/2430/2634
f 2283/2431/2635 2331/2454/2635 2332/2458/2635
f 2309/2428/2636 2359/2459/2636 2310/2432/2636
f 2269/2429/2603 2319/2460/2637 2270/2433/2603
f 2297/2434/2638 2345/2457/2638 2346/2461/2638
f 2283/2431/2639 2333/2462/2639 2284/2435/2639
f 2311/2436/2640 2359/2459/2640 2360/2463/2640
f 2270/2433/2641 2320/2464/2642 2271/2437/2642
f 2298/2438/2643 2346/2461/2643 2347/2465/2643
f 2285/2439/2644 2333/2462/2644 2334/2466/2644
f 2311/2436/2645 2361/2467/2645 2312/2440/2645
f 2272/2441/2646 2320/2464/2646 2321/2468/2646
f 2299/2442/2647 2347/2465/2647 2348/2469/2647
f 2285/2439/2648 2335/2470/2648 2286/2443/2648
f 2312/2440/2649 2362/2471/2649 2313/2444/2649
f 2272/2441/2650 2322/2472/2650 2273/2445/2650
f 2299/2442/2651 2349/2473/2651 2300/2396/2651
f 2286/2443/2652 2336/2474/2652 2287/2446/2652
f 2313/2444/2653 2363/2475/2654 2314/2399/2654
f 2273/2445/2655 2323/2476/2655 2274/2401/2655
f 2301/2397/2656 2349/2473/2656 2350/2477/2656
f 2287/2446/2657 2337/2478/2657 2288/2398/2657
f 2315/2400/2568 2363/2475/2658 2364/2479/2658
f 2275/2402/2659 2323/2476/2659 2324/2480/2659
f 2301/2397/2660 2351/2481/2660 2302/2403/2660
f 2289/2404/2661 2337/2478/2661 2338/2482/2661
f 2316/2405/2573 2364/2479/2662 2365/2483/2663
f 2276/2406/2664 2324/2480/2664 2325/2484/2664
f 2303/2407/2665 2351/2481/2665 2352/2485/2665
f 2289/2404/2666 2339/2486/2666 2290/2408/2666
f 3677/2487/2547 2316/2405/2578 2365/2483/2667
f 2276/2406/2668 2326/2488/2668 2277/2410/2668
f 2304/2411/2669 2352/2485/2669 2353/2489/2669
f 2291/2412/2670 2339/2486/2670 2340/2490/2670
f 2278/2413/2671 2326/2488/2671 2327/2491/2671
f 2304/2411/2672 2354/2492/2672 2305/2414/2672
f 2292/2415/2673 2340/2490/2673 2341/2493/2673
f 2278/2413/2674 2328/2494/2674 2279/2416/2674
f 2306/2417/2675 2354/2492/2675 2355/2495/2675
f 2292/2415/2676 2342/2496/2676 2293/2418/2676
f 2280/2419/2677 2328/2494/2677 2329/2497/2678
f 2306/2417/2679 2356/2449/2679 2307/2420/2679
f 2348/2469/2680 2398/2498/2680 2349/2473/2680
f 2335/2470/2681 2385/2499/2681 2336/2474/2681
f 2362/2471/2682 2412/2500/2682 2363/2475/2682
f 2322/2472/2683 2372/2501/2683 2323/2476/2683
f 2349/2473/2684 2399/2502/2684 2350/2477/2684
f 2336/2474/2685 2386/2503/2685 2337/2478/2685
f 2363/2475/2658 2413/2504/2686 2364/2479/2658
f 2324/2480/2687 2372/2501/2687 2373/2505/2687
f 2350/2477/2688 2400/2506/2688 2351/2481/2688
f 2338/2482/2689 2386/2503/2689 2387/2507/2689
f 2365/2483/2663 2413/2504/2690 2414/2508/2690
f 2325/2484/2691 2373/2505/2691 2374/2509/2691
f 2352/2485/2692 2400/2506/2692 2401/2510/2692
f 2338/2482/2693 2388/2511/2693 2339/2486/2693
f 3677/2512/2547 2365/2483/2667 2414/2508/2694
f 2325/2484/2695 2375/2513/2695 2326/2488/2695
f 2353/2489/2696 2401/2510/2696 2402/2514/2696
f 2340/2490/2697 2388/2511/2697 2389/2515/2697
f 2327/2491/2698 2375/2513/2698 2376/2516/2698
f 2353/2489/2699 2403/2517/2699 2354/2492/2699
f 2341/2493/2700 2389/2515/2700 2390/2518/2700
f 2327/2491/2701 2377/2519/2701 2328/2494/2701
f 2355/2495/2702 2403/2517/2702 2404/2520/2703
f 2341/2493/2704 2391/2521/2704 2342/2496/2704
f 2329/2497/2705 2377/2519/2705 2378/2522/2705
f 2355/2495/2706 2405/2523/2706 2356/2449/2706
f 2342/2496/2707 2392/2524/2707 2343/2447/2707
f 2329/2497/2708 2379/2525/2708 2330/2448/2708
f 2357/2450/2709 2405/2523/2709 2406/2526/2709
f 2317/2452/2626 2611/2527/2452 2366/2528/2710
f 2344/2453/2711 2392/2524/2711 2393/2529/2711
f 2330/2448/2712 2380/2530/2712 2331/2454/2713
f 2357/2450/2714 2407/2531/2714 2358/2455/2714
f 2318/2456/2633 2366/2528/2715 2367/2532/2715
f 2344/2453/2716 2394/2533/2716 2345/2457/2716
f 2332/2458/2717 2380/2530/2717 2381/2534/2717
f 2358/2455/2718 2408/2535/2718 2359/2459/2718
f 2318/2456/2719 2368/2536/2720 2319/2460/2637
f 2346/2461/2721 2394/2533/2721 2395/2537/2721
f 2333/2462/2722 2381/2534/2722 2382/2538/2722
f 2360/2463/2723 2408/2535/2723 2409/2539/2723
f 2320/2464/2724 2368/2536/2724 2369/2540/2724
f 2347/2465/2725 2395/2537/2725 2396/2541/2725
f 2334/2466/2726 2382/2538/2726 2383/2542/2726
f 2360/2463/2727 2410/2543/2727 2361/2467/2727
f 2321/2468/2728 2369/2540/2728 2370/2544/2728
f 2347/2465/2729 2397/2545/2729 2348/2469/2729
f 2334/2466/2730 2384/2546/2730 2335/2470/2730
f 2361/2467/2731 2411/2547/2731 2362/2471/2731
f 2322/2472/2732 2370/2544/2732 2371/2548/2732
f 2383/2542/2733 2433/2549/2733 2384/2546/2733
f 2410/2543/2734 2460/2550/2734 2411/2547/2734
f 2378/2522/2735 2426/2551/2735 2427/2552/2735
f 2397/2545/2736 2447/2553/2736 2398/2498/2736
f 2384/2546/2737 2434/2554/2737 2385/2499/2737
f 2411/2547/2738 2461/2555/2738 2412/2500/2738
f 2378/2522/2739 2428/2556/2739 2379/2525/2739
f 2398/2498/2740 2448/2557/2740 2399/2502/2740
f 2366/2528/2741 2611/2558/2742 2415/2559/2743
f 2385/2499/2744 2435/2560/2744 2386/2503/2744
f 2412/2500/2745 2462/2561/2746 2413/2504/2686
f 2379/2525/2747 2429/2562/2747 2380/2530/2747
f 2399/2502/2748 2449/2563/2748 2400/2506/2748
f 2366/2528/2715 2416/2564/2749 2367/2532/2715
f 2387/2507/2750 2435/2560/2750 2436/2565/2750
f 2413/2504/2690 2463/2566/2751 2414/2508/2690
f 2381/2534/2752 2429/2562/2752 2430/2567/2752
f 2401/2510/2753 2449/2563/2753 2450/2568/2753
f 2368/2536/2720 2416/2564/2754 2417/2569/2754
f 2387/2507/2755 2437/2570/2755 2388/2511/2755
f 3677/2571/2547 2414/2508/2694 2463/2566/2756
f 2402/2514/2757 2450/2568/2757 2451/2572/2757
f 2369/2540/2758 2417/2569/2758 2418/2573/2758
f 2389/2515/2759 2437/2570/2759 2438/2574/2759
f 2402/2514/2760 2452/2575/2760 2403/2517/2760
f 2370/2544/2761 2418/2573/2761 2419/2576/2761
f 2390/2518/2762 2438/2574/2762 2439/2577/2762
f 2404/2520/2763 2452/2575/2763 2453/2578/2763
f 2371/2548/2764 2419/2576/2765 2420/2579/2764
f 2390/2518/2766 2440/2580/2766 2391/2521/2766
f 2404/2520/2767 2454/2581/2767 2405/2523/2767
f 2371/2548/2768 2421/2582/2768 2372/2501/2768
f 2391/2521/2769 2441/2583/2769 2392/2524/2769
f 2406/2526/2770 2454/2581/2770 2455/2584/2770
f 2373/2505/2771 2421/2582/2771 2422/2585/2771
f 2393/2529/2772 2441/2583/2772 2442/2586/2772
f 2406/2526/2773 2456/2587/2773 2407/2531/2773
f 2374/2509/2774 2422/2585/2774 2423/2588/2774
f 2393/2529/2775 2443/2589/2775 2394/2533/2775
f 2407/2531/2776 2457/2590/2776 2408/2535/2776
f 2374/2509/2777 2424/2591/2777 2375/2513/2777
f 2395/2537/2778 2443/2589/2778 2444/2592/2778
f 2381/2534/2779 2431/2593/2779 2382/2538/2779
f 2409/2539/2780 2457/2590/2780 2458/2594/2780
f 2376/2516/2781 2424/2591/2781 2425/2595/2781
f 2396/2541/2782 2444/2592/2782 2445/2596/2782
f 2382/2538/2783 2432/2597/2783 2383/2542/2783
f 2409/2539/2784 2459/2598/2785 2410/2543/2785
f 2376/2516/2786 2426/2551/2786 2377/2519/2786
f 2397/2545/2787 2445/2596/2787 2446/2599/2787
f 2439/2577/2788 2487/2600/2788 2488/2601/2788
f 2425/2595/2789 2475/2602/2789 2426/2551/2789
f 2453/2578/2790 2501/2603/2790 2502/2604/2790
f 2439/2577/2791 2489/2605/2791 2440/2580/2791
f 2427/2552/2792 2475/2602/2792 2476/2606/2792
f 2453/2578/2793 2503/2607/2793 2454/2581/2793
f 2440/2580/2794 2490/2608/2794 2441/2583/2794
f 2427/2552/2795 2477/2609/2795 2428/2556/2795
f 2455/2584/2796 2503/2607/2796 2504/2610/2796
f 2415/2559/2743 2611/2611/2742 2464/2612/2797
f 2442/2586/2798 2490/2608/2798 2491/2613/2798
f 2428/2556/2799 2478/2614/2799 2429/2562/2799
f 2455/2584/2800 2505/2615/2800 2456/2587/2800
f 2415/2559/2801 2465/2616/2801 2416/2564/2749
f 2442/2586/2802 2492/2617/2802 2443/2589/2802
f 2430/2567/2803 2478/2614/2803 2479/2618/2803
f 2456/2587/2804 2506/2619/2804 2457/2590/2804
f 2416/2564/2754 2466/2620/2805 2417/2569/2754
f 2444/2592/2806 2492/2617/2806 2493/2621/2806
f 2431/2593/2807 2479/2618/2807 2480/2622/2807
f 2458/2594/2808 2506/2619/2808 2507/2623/2808
f 2418/2573/2809 2466/2620/2809 2467/2624/2809
f 2445/2596/2810 2493/2621/2810 2494/2625/2810
f 2432/2597/2811 2480/2622/2811 2481/2626/2811
f 2459/2598/2812 2507/2623/2812 2508/2627/2812
f 2419/2576/2813 2467/2624/2813 2468/2628/2813
f 2446/2599/2814 2494/2625/2814 2495/2629/2814
f 2432/2597/2815 2482/2630/2815 2433/2549/2815
f 2459/2598/2816 2509/2631/2816 2460/2550/2816
f 2419/2576/2817 2469/2632/2817 2420/2579/2817
f 2446/2599/2818 2496/2633/2818 2447/2553/2818
f 2433/2549/2819 2483/2634/2819 2434/2554/2819
f 2460/2550/2820 2510/2635/2820 2461/2555/2820
f 2420/2579/2821 2470/2636/2821 2421/2582/2821
f 2447/2553/2822 2497/2637/2822 2448/2557/2822
f 2434/2554/2823 2484/2638/2823 2435/2560/2823
f 2461/2555/2824 2511/2639/2825 2462/2561/2746
f 2422/2585/2826 2470/2636/2826 2471/2640/2826
f 2448/2557/2827 2498/2641/2827 2449/2563/2828
f 2436/2565/2829 2484/2638/2829 2485/2642/2829
f 2462/2561/2830 2512/2643/2830 2463/2566/2751
f 2423/2588/2831 2471/2640/2831 2472/2644/2831
f 2450/2568/2832 2498/2641/2832 2499/2645/2832
f 2436/2565/2833 2486/2646/2833 2437/2570/2833
f 3677/2647/2547 2463/2566/2756 2512/2643/2834
f 2423/2588/2835 2473/2648/2835 2424/2591/2835
f 2451/2572/2836 2499/2645/2836 2500/2649/2836
f 2438/2574/2837 2486/2646/2837 2487/2600/2837
f 2425/2595/2838 2473/2648/2838 2474/2650/2838
f 2451/2572/2839 2501/2603/2839 2452/2575/2839
f 2481/2626/2840 2529/2651/2840 2530/2652/2840
f 2507/2623/2841 2557/2653/2841 2508/2627/2841
f 2468/2628/2842 2516/2654/2842 2517/2655/2842
f 2495/2629/2843 2543/2656/2843 2544/2657/2843
f 2481/2626/2844 2531/2658/2844 2482/2630/2844
f 2508/2627/2845 2558/2659/2845 2509/2631/2846
f 2469/2632/2847 2517/2655/2847 2518/2660/2847
f 2495/2629/2848 2545/2661/2848 2496/2633/2848
f 2482/2630/2849 2532/2662/2849 2483/2634/2849
f 2509/2631/2850 2559/2663/2850 2510/2635/2850
f 2469/2632/2851 2519/2664/2851 2470/2636/2851
f 2496/2633/2852 2546/2665/2852 2497/2637/2852
f 2483/2634/2853 2533/2666/2853 2484/2638/2853
f 2511/2639/2825 2559/2663/2854 2560/2667/2854
f 2471/2640/2855 2519/2664/2855 2520/2668/2855
f 2497/2637/2856 2547/2669/2856 2498/2641/2857
f 2485/2642/2858 2533/2666/2858 2534/2670/2858
f 2511/2639/2859 2561/2671/2860 2512/2643/2830
f 2472/2644/2861 2520/2668/2861 2521/2672/2861
f 2499/2645/2862 2547/2669/2862 2548/2673/2862
f 2485/2642/2863 2535/2674/2863 2486/2646/2863
f 3677/2675/2864 2512/2643/2865 2561/2671/2866
f 2472/2644/2867 2522/2676/2867 2473/2648/2867
f 2500/2649/2868 2548/2673/2868 2549/2677/2868
f 2487/2600/2869 2535/2674/2869 2536/2678/2870
f 2474/2650/2871 2522/2676/2871 2523/2679/2871
f 2500/2649/2872 2550/2680/2872 2501/2603/2872
f 2488/2601/2873 2536/2678/2873 2537/2681/2873
f 2474/2650/2874 2524/2682/2874 2475/2602/2874
f 2502/2604/2875 2550/2680/2875 2551/2683/2875
f 2488/2601/2876 2538/2684/2876 2489/2605/2876
f 2476/2606/2877 2524/2682/2877 2525/2685/2877
f 2502/2604/2878 2552/2686/2878 2503/2607/2878
f 2489/2605/2879 2539/2687/2879 2490/2608/2879
f 2476/2606/2880 2526/2688/2880 2477/2609/2880
f 2504/2610/2881 2552/2686/2881 2553/2689/2881
f 2464/2612/2797 2611/2690/2742 2513/2691/2882
f 2491/2613/2883 2539/2687/2883 2540/2692/2883
f 2477/2609/2884 2527/2693/2884 2478/2614/2884
f 2504/2610/2885 2554/2694/2885 2505/2615/2885
f 2464/2612/2886 2514/2695/2886 2465/2616/2801
f 2491/2613/2887 2541/2696/2887 2492/2617/2887
f 2479/2618/2888 2527/2693/2888 2528/2697/2888
f 2505/2615/2889 2555/2698/2889 2506/2619/2889
f 2465/2616/2890 2515/2699/2890 2466/2620/2805
f 2493/2621/2891 2541/2696/2891 2542/2700/2891
f 2480/2622/2892 2528/2697/2892 2529/2651/2892
f 2507/2623/2893 2555/2698/2893 2556/2701/2893
f 2467/2624/2894 2515/2699/2894 2516/2654/2894
f 2494/2625/2895 2542/2700/2895 2543/2656/2895
f 2536/2678/2896 2584/2702/2896 2585/2703/2896
f 2523/2679/2897 2571/2704/2897 2572/2705/2897
f 2549/2677/2898 2599/2706/2898 2550/2680/2898
f 2537/2681/2899 2585/2703/2899 2586/2707/2899
f 2523/2679/2900 2573/2708/2900 2524/2682/2901
f 2551/2683/2902 2599/2706/2902 2600/2709/2902
f 2537/2681/2903 2587/2710/2903 2538/2684/2903
f 2525/2685/2904 2573/2708/2904 2574/2711/2904
f 2551/2683/2905 2601/2712/2905 2552/2686/2905
f 2538/2684/2906 2588/2713/2906 2539/2687/2906
f 2525/2685/2907 2575/2714/2907 2526/2688/2907
f 2553/2689/2908 2601/2712/2908 2602/2715/2908
f 2513/2691/2882 2611/2716/2742 2562/2717/2909
f 2540/2692/2910 2588/2713/2910 2589/2718/2910
f 2526/2688/2911 2576/2719/2911 2527/2693/2911
f 2553/2689/2912 2603/2720/2912 2554/2694/2912
f 2513/2691/2913 2563/2721/2913 2514/2695/2886
f 2540/2692/2914 2590/2722/2914 2541/2696/2914
f 2528/2697/2915 2576/2719/2915 2577/2723/2915
f 2554/2694/2916 2604/2724/2916 2555/2698/2917
f 2514/2695/2918 2564/2725/2918 2515/2699/2890
f 2542/2700/2919 2590/2722/2919 2591/2726/2919
f 2529/2651/2920 2577/2723/2920 2578/2727/2920
f 2556/2701/2921 2604/2724/2921 2605/2728/2921
f 2516/2654/2922 2564/2725/2922 2565/2729/2922
f 2543/2656/2923 2591/2726/2923 2592/2730/2923
f 2530/2652/2924 2578/2727/2924 2579/2731/2924
f 2557/2653/2925 2605/2728/2925 2606/2732/2925
f 2517/2655/2926 2565/2729/2926 2566/2733/2926
f 2544/2657/2927 2592/2730/2927 2593/2734/2927
f 2530/2652/2928 2580/2735/2928 2531/2658/2928
f 2557/2653/2929 2607/2736/2929 2558/2659/2929
f 2517/2655/2930 2567/2737/2930 2518/2660/2930
f 2544/2657/2931 2594/2738/2931 2545/2661/2931
f 2531/2658/2932 2581/2739/2932 2532/2662/2932
f 2558/2659/2933 2608/2740/2933 2559/2663/2933
f 2518/2660/2934 2568/2741/2934 2519/2664/2934
f 2545/2661/2935 2595/2742/2935 2546/2665/2935
f 2532/2662/2936 2582/2743/2936 2533/2666/2936
f 2559/2663/2854 2609/2744/2937 2560/2667/2854
f 2520/2668/2938 2568/2741/2938 2569/2745/2938
f 2546/2665/2939 2596/2746/2939 2547/2669/2939
f 2534/2670/2940 2582/2743/2940 2583/2747/2941
f 2561/2671/2860 2609/2744/2942 2610/2748/2942
f 2521/2672/2943 2569/2745/2943 2570/2749/2943
f 2548/2673/2944 2596/2746/2944 2597/2750/2944
f 2534/2670/2945 2584/2702/2945 2535/2674/2945
f 3677/2751/2864 2561/2671/2866 2610/2748/2946
f 2521/2672/2947 2571/2704/2947 2522/2676/2947
f 2549/2677/2948 2597/2750/2948 2598/2752/2948
f 2578/2727/2949 2627/2753/2949 2628/2754/2950
f 2605/2728/2951 2654/2755/2951 2655/2756/2951
f 2565/2729/2952 2614/2757/2952 2615/2758/2952
f 2592/2730/2953 2641/2759/2953 2642/2760/2953
f 2579/2731/2954 2628/2754/2954 2629/2761/2954
f 2606/2732/2955 2655/2756/2955 2656/2762/2955
f 2565/2729/2956 2616/2763/2956 2566/2733/2956
f 2593/2734/2957 2642/2760/2958 2643/2764/2959
f 2579/2731/2960 2630/2765/2961 2580/2735/2960
f 2606/2732/2962 2657/2766/2962 2607/2736/2962
f 2566/2733/2963 2617/2767/2963 2567/2737/2963
f 2593/2734/2964 2644/2768/2964 2594/2738/2965
f 2580/2735/2966 2631/2769/2966 2581/2739/2966
f 2607/2736/2967 2658/2770/2967 2608/2740/2967
f 2567/2737/2968 2618/2771/2968 2568/2741/2968
f 2594/2738/2969 2645/2772/2969 2595/2742/2969
f 2581/2739/2970 2632/2773/2970 2582/2743/2970
f 2609/2744/2937 2658/2770/2971 2659/2774/2971
f 2569/2745/2972 2618/2771/2972 2619/2775/2972
f 2595/2742/2973 2646/2776/2973 2596/2746/2973
f 2583/2747/2974 2632/2773/2974 2633/2777/2974
f 2609/2744/2942 2660/2778/2975 2610/2748/2942
f 2570/2749/2976 2619/2775/2976 2620/2779/2976
f 2597/2750/2977 2646/2776/2977 2647/2780/2978
f 2583/2747/2979 2634/2781/2979 2584/2702/2979
f 3677/2782/2864 2610/2748/2946 2660/2778/2980
f 2570/2749/2981 2621/2783/2981 2571/2704/2981
f 2598/2752/2982 2647/2780/2982 2648/2784/2982
f 2585/2703/2983 2634/2781/2983 2635/2785/2983
f 2572/2705/2984 2621/2783/2984 2622/2786/2984
f 2598/2752/2985 2649/2787/2985 2599/2706/2985
f 2586/2707/2986 2635/2785/2986 2636/2788/2986
f 2572/2705/2987 2623/2789/2987 2573/2708/2988
f 2600/2709/2989 2649/2787/2989 2650/2790/2989
f 2586/2707/2990 2637/2791/2990 2587/2710/2990
f 2574/2711/2991 2623/2789/2991 2624/2792/2991
f 2600/2709/2992 2651/2793/2992 2601/2712/2992
f 2587/2710/2993 2638/2794/2993 2588/2713/2993
f 2574/2711/2994 2625/2795/2994 2575/2714/2994
f 2602/2715/2995 2651/2793/2995 2652/2796/2995
f 2562/2717/2909 2611/2797/2742 2612/2798/2996
f 2589/2718/2997 2638/2794/2997 2639/2799/2997
f 2575/2714/2998 2626/2800/2998 2576/2719/2998
f 2602/2715/2999 2653/2801/2999 2603/2720/2999
f 2562/2717/3000 2613/2802/3000 2563/2721/2913
f 2589/2718/3001 2640/2803/3001 2590/2722/3001
f 2577/2723/3002 2626/2800/3002 2627/2753/3002
f 2603/2720/3003 2654/2755/3003 2604/2724/3003
f 2563/2721/3004 2614/2757/3004 2564/2725/2918
f 2591/2726/3005 2640/2803/3005 2641/2759/3005
f 2633/2777/3006 2683/2804/3006 2634/2781/3006
f 3677/2805/2864 2660/2778/2980 2709/2806/3007
f 2620/2779/3008 2670/2807/3008 2621/2783/3008
f 2648/2784/3009 2696/2808/3009 2697/2809/3009
f 2635/2785/3010 2683/2804/3010 2684/2810/3010
f 2622/2786/3011 2670/2807/3011 2671/2811/3011
f 2648/2784/3012 2698/2812/3012 2649/2787/3012
f 2636/2788/3013 2684/2810/3013 2685/2813/3013
f 2622/2786/3014 2672/2814/3014 2623/2789/3015
f 2650/2790/3016 2698/2812/3016 2699/2815/3016
f 2636/2788/3017 2686/2816/3017 2637/2791/3017
f 2624/2792/3018 2672/2814/3018 2673/2817/3018
f 2650/2790/3019 2700/2818/3019 2651/2793/3019
f 2637/2791/3020 2687/2819/3020 2638/2794/3020
f 2624/2792/3021 2674/2820/3021 2625/2795/3022
f 2652/2796/3023 2700/2818/3023 2701/2821/3023
f 2612/2798/2996 2611/2822/2742 2661/2823/3024
f 2639/2799/3025 2687/2819/3025 2688/2824/3025
f 2625/2795/3026 2675/2825/3026 2626/2800/3026
f 2652/2796/3027 2702/2826/3027 2653/2801/3027
f 2612/2798/3028 2662/2827/3028 2613/2802/3000
f 2639/2799/3029 2689/2828/3029 2640/2803/3029
f 2627/2753/3030 2675/2825/3030 2676/2829/3030
f 2653/2801/3031 2703/2830/3031 2654/2755/3031
f 2613/2802/3032 2663/2831/3032 2614/2757/3004
f 2641/2759/3033 2689/2828/3033 2690/2832/3033
f 2627/2753/3034 2677/2833/3034 2628/2754/3034
f 2655/2756/3035 2703/2830/3035 2704/2834/3035
f 2614/2757/3036 2664/2835/3036 2615/2758/3036
f 2642/2760/3037 2690/2832/3037 2691/2836/3037
f 2629/2761/3038 2677/2833/3038 2678/2837/3038
f 2655/2756/3039 2705/2838/3039 2656/2762/3039
f 2615/2758/3040 2665/2839/3040 2616/2763/3040
f 2643/2764/3041 2691/2836/3041 2692/2840/3041
f 2629/2761/3042 2679/2841/3042 2630/2765/3042
f 2656/2762/3043 2706/2842/3043 2657/2766/3043
f 2617/2767/3044 2665/2839/3044 2666/2843/3044
f 2643/2764/3045 2693/2844/3045 2644/2768/3045
f 2630/2765/3046 2680/2845/3046 2631/2769/3046
f 2657/2766/3047 2707/2846/3047 2658/2770/3047
f 2617/2767/3048 2667/2847/3048 2618/2771/3048
f 2645/2772/3049 2693/2844/3049 2694/2848/3049
f 2631/2769/3050 2681/2849/3050 2632/2773/3050
f 2658/2770/2971 2708/2850/3051 2659/2774/2971
f 2619/2775/3052 2667/2847/3052 2668/2851/3052
f 2645/2772/3053 2695/2852/3053 2646/2776/3053
f 2633/2777/3054 2681/2849/3054 2682/2853/3054
f 2660/2778/2975 2708/2850/3055 2709/2806/3056
f 2620/2779/3057 2668/2851/3057 2669/2854/3057
f 2647/2780/3058 2695/2852/3058 2696/2808/3058
f 2676/2829/3059 2724/2855/3059 2725/2856/3059
f 2702/2826/3060 2752/2857/3060 2703/2830/3060
f 2662/2827/3061 2712/2858/3062 2663/2831/3032
f 2690/2832/3063 2738/2859/3063 2739/2860/3063
f 2676/2829/3064 2726/2861/3064 2677/2833/3064
f 2704/2834/3065 2752/2857/3065 2753/2862/3065
f 2664/2835/3066 2712/2858/3066 2713/2863/3066
f 2691/2836/3067 2739/2860/3067 2740/2864/3067
f 2678/2837/3068 2726/2861/3068 2727/2865/3068
f 2705/2838/3069 2753/2862/3069 2754/2866/3069
f 2665/2839/3070 2713/2863/3070 2714/2867/3070
f 2692/2840/3071 2740/2864/3071 2741/2868/3071
f 2678/2837/3072 2728/2869/3072 2679/2841/3072
f 2705/2838/3073 2755/2870/3073 2706/2842/3073
f 2665/2839/3074 2715/2871/3074 2666/2843/3074
f 2692/2840/3075 2742/2872/3075 2693/2844/3075
f 2679/2841/3076 2729/2873/3076 2680/2845/3076
f 2706/2842/3077 2756/2874/3077 2707/2846/3077
f 2666/2843/3078 2716/2875/3078 2667/2847/3078
f 2693/2844/3079 2743/2876/3079 2694/2848/3079
f 2680/2845/3080 2730/2877/3080 2681/2849/3080
f 2707/2846/3081 2757/2878/3082 2708/2850/3051
f 2668/2851/3083 2716/2875/3083 2717/2879/3083
f 2694/2848/3084 2744/2880/3084 2695/2852/3084
f 2682/2853/3085 2730/2877/3085 2731/2881/3085
f 2709/2806/3056 2757/2878/3086 2758/2882/3087
f 2669/2854/3088 2717/2879/3088 2718/2883/3088
f 2696/2808/3089 2744/2880/3089 2745/2884/3089
f 2682/2853/3090 2732/2885/3090 2683/2804/3090
f 3677/2886/2864 2709/2806/3007 2758/2882/3091
f 2669/2854/3092 2719/2887/3092 2670/2807/3092
f 2697/2809/3093 2745/2884/3093 2746/2888/3093
f 2684/2810/3094 2732/2885/3094 2733/2889/3094
f 2671/2811/3095 2719/2887/3095 2720/2890/3095
f 2697/2809/3096 2747/2891/3096 2698/2812/3096
f 2684/2810/3097 2734/2892/3097 2685/2813/3097
f 2671/2811/3098 2721/2893/3098 2672/2814/3098
f 2699/2815/3099 2747/2891/3099 2748/2894/3099
f 2685/2813/3100 2735/2895/3100 2686/2816/3100
f 2673/2817/3101 2721/2893/3101 2722/2896/3101
f 2699/2815/3102 2749/2897/3102 2700/2818/3102
f 2686/2816/3103 2736/2898/3103 2687/2819/3103
f 2673/2817/3104 2723/2899/3104 2674/2820/3104
f 2701/2821/3105 2749/2897/3105 2750/2900/3105
f 2661/2823/3106 2611/2901/3107 2710/2902/3108
f 2688/2824/3109 2736/2898/3109 2737/2903/3109
f 2674/2820/3110 2724/2855/3110 2675/2825/3111
f 2701/2821/3112 2751/2904/3112 2702/2826/3112
f 2661/2823/3113 2711/2905/3113 2662/2827/3028
f 2688/2824/3114 2738/2859/3114 2689/2828/3114
f 2731/2906/3115 2779/2907/3115 2780/2908/3115
f 2757/2909/3086 2807/2910/3116 2758/2911/3087
f 2718/2912/3117 2766/2913/3117 2767/2914/3117
f 2745/2915/3118 2793/2916/3118 2794/2917/3118
f 2731/2906/3119 2781/2918/3119 2732/2919/3119
f 3677/2920/2864 2758/2911/3091 2807/2910/3120
f 2718/2912/3121 2768/2921/3121 2719/2922/3121
f 2746/2923/3122 2794/2917/3122 2795/2924/3122
f 2733/2925/3123 2781/2918/3123 2782/2926/3123
f 2720/2927/3124 2768/2921/3124 2769/2928/3124
f 2746/2923/3125 2796/2929/3125 2747/2930/3125
f 2734/2931/3126 2782/2926/3126 2783/2932/3126
f 2720/2927/3127 2770/2933/3127 2721/2934/3127
f 2748/2935/3128 2796/2929/3128 2797/2936/3128
f 2734/2931/3129 2784/2937/3129 2735/2938/3129
f 2722/2939/3130 2770/2933/3130 2771/2940/3130
f 2748/2935/3131 2798/2941/3131 2749/2942/3131
f 2735/2938/3132 2785/2943/3132 2736/2944/3132
f 2722/2939/3133 2772/2945/3133 2723/2946/3133
f 2750/2947/3134 2798/2941/3134 2799/2948/3134
f 2710/2949/3108 2611/2950/3107 2759/2951/3135
f 2737/2952/3136 2785/2943/3136 2786/2953/3136
f 2723/2946/3137 2773/2954/3137 2724/2955/3137
f 2750/2947/3138 2800/2956/3138 2751/2957/3138
f 2710/2949/3139 2760/2958/3140 2711/2959/3113
f 2737/2952/3141 2787/2960/3141 2738/2961/3141
f 2725/2962/3142 2773/2954/3142 2774/2963/3142
f 2751/2957/3143 2801/2964/3143 2752/2965/3143
f 2712/2966/3062 2760/2958/3144 2761/2967/3145
f 2739/2968/3146 2787/2960/3146 2788/2969/3146
f 2725/2962/3147 2775/2970/3147 2726/2971/3147
f 2753/2972/3148 2801/2964/3148 2802/2973/3148
f 2713/2974/3149 2761/2967/3149 2762/2975/3149
f 2740/2976/3150 2788/2969/3150 2789/2977/3150
f 2727/2978/3151 2775/2970/3151 2776/2979/3151
f 2753/2972/3152 2803/2980/3152 2754/2981/3152
f 2714/2982/3153 2762/2975/3153 2763/2983/3153
f 2741/2984/3154 2789/2977/3154 2790/2985/3154
f 2727/2978/3155 2777/2986/3155 2728/2987/3155
f 2754/2981/3156 2804/2988/3156 2755/2989/3156
f 2714/2982/3157 2764/2990/3157 2715/2991/3157
f 2741/2984/3158 2791/2992/3158 2742/2993/3158
f 2728/2987/3159 2778/2994/3159 2729/2995/3159
f 2755/2989/3160 2805/2996/3160 2756/2997/3160
f 2715/2991/3161 2765/2998/3161 2716/2999/3161
f 2743/3000/3162 2791/2992/3162 2792/3001/3162
f 2729/2995/3163 2779/2907/3163 2730/3002/3163
f 2757/2909/3082 2805/2996/3164 2806/3003/3164
f 2717/3004/3165 2765/2998/3165 2766/2913/3165
f 2743/3000/3166 2793/2916/3166 2744/3005/3166
f 2772/2945/3167 2822/3006/3167 2773/2954/3168
f 2799/2948/3169 2849/3007/3169 2800/2956/3169
f 2759/2951/3170 2809/3008/3171 2760/2958/3140
f 2786/2953/3172 2836/3009/3172 2787/2960/3172
f 2774/2963/3173 2822/3006/3173 2823/3010/3173
f 2800/2956/3174 2850/3011/3174 2801/2964/3174
f 2761/2967/3145 2809/3008/3175 2810/3012/3175
f 2788/2969/3176 2836/3009/3176 2837/3013/3176
f 2775/2970/3177 2823/3010/3177 2824/3014/3177
f 2802/2973/3178 2850/3011/3178 2851/3015/3178
f 2761/2967/3179 2811/3016/3179 2762/2975/3179
f 2789/2977/3180 2837/3013/3180 2838/3017/3180
f 2776/2979/3181 2824/3014/3181 2825/3018/3181
f 2802/2973/3182 2852/3019/3182 2803/2980/3182
f 2763/2983/3183 2811/3016/3183 2812/3020/3183
f 2790/2985/3184 2838/3017/3184 2839/3021/3184
f 2776/2979/3185 2826/3022/3185 2777/2986/3185
f 2803/2980/3186 2853/3023/3186 2804/2988/3186
f 2764/2990/3187 2812/3020/3187 2813/3024/3187
f 2790/2985/3188 2840/3025/3188 2791/2992/3188
f 2777/2986/3189 2827/3026/3189 2778/2994/3189
f 2804/2988/3190 2854/3027/3190 2805/2996/3190
f 2764/2990/3191 2814/3028/3191 2765/2998/3191
f 2791/2992/3192 2841/3029/3192 2792/3001/3192
f 2778/2994/3193 2828/3030/3193 2779/2907/3193
f 2805/2996/3164 2855/3031/3194 2806/3003/3164
f 2766/2913/3195 2814/3028/3195 2815/3032/3195
f 2792/3001/3196 2842/3033/3196 2793/2916/3196
f 2780/2908/3197 2828/3030/3197 2829/3034/3197
f 2807/2910/3116 2855/3031/3198 2856/3035/3198
f 2767/2914/3199 2815/3032/3199 2816/3036/3199
f 2794/2917/3200 2842/3033/3200 2843/3037/3200
f 2780/2908/3201 2830/3038/3201 2781/2918/3201
f 3677/3039/3202 2807/2910/3203 2856/3035/3204
f 2767/2914/3205 2817/3040/3205 2768/2921/3205
f 2795/2924/3206 2843/3037/3206 2844/3041/3206
f 2782/2926/3207 2830/3038/3207 2831/3042/3207
f 2769/2928/3208 2817/3040/3208 2818/3043/3208
f 2795/2924/3209 2845/3044/3209 2796/2929/3209
f 2783/2932/3210 2831/3042/3210 2832/3045/3210
f 2769/2928/3211 2819/3046/3211 2770/2933/3211
f 2797/2936/3212 2845/3044/3212 2846/3047/3212
f 2783/2932/3213 2833/3048/3213 2784/2937/3213
f 2771/2940/3214 2819/3046/3214 2820/3049/3214
f 2797/2936/3215 2847/3050/3215 2798/2941/3215
f 2784/2937/3216 2834/3051/3216 2785/2943/3216
f 2771/2940/3217 2821/3052/3217 2772/2945/3217
f 2799/2948/3218 2847/3050/3218 2848/3053/3218
f 2759/2951/3135 2611/3054/3107 2808/3055/3219
f 2786/2953/3220 2834/3051/3220 2835/3056/3220
f 2827/3026/3221 2877/3057/3221 2828/3030/3221
f 2855/3031/3194 2903/3058/3222 2904/3059/3223
f 2815/3032/3224 2863/3060/3224 2864/3061/3224
f 2841/3029/3225 2891/3062/3225 2842/3033/3225
f 2829/3034/3226 2877/3057/3226 2878/3063/3226
f 2855/3031/3198 2905/3064/3227 2856/3035/3198
f 2816/3036/3228 2864/3061/3228 2865/3065/3228
f 2843/3037/3229 2891/3062/3229 2892/3066/3229
f 2829/3034/3230 2879/3067/3230 2830/3038/3230
f 3677/3068/3202 2856/3035/3204 2905/3064/3231
f 2816/3036/3232 2866/3069/3232 2817/3040/3232
f 2844/3041/3233 2892/3066/3233 2893/3070/3233
f 2831/3042/3234 2879/3067/3234 2880/3071/3234
f 2818/3043/3235 2866/3069/3235 2867/3072/3235
f 2844/3041/3236 2894/3073/3236 2845/3044/3236
f 2832/3045/3237 2880/3071/3237 2881/3074/3237
f 2818/3043/3238 2868/3075/3238 2819/3046/3238
f 2846/3047/3239 2894/3073/3239 2895/3076/3239
f 2832/3045/3240 2882/3077/3240 2833/3048/3240
f 2820/3049/3241 2868/3075/3241 2869/3078/3241
f 2846/3047/3242 2896/3079/3242 2847/3050/3242
f 2833/3048/3243 2883/3080/3243 2834/3051/3243
f 2820/3049/3244 2870/3081/3244 2821/3052/3244
f 2848/3053/3245 2896/3079/3245 2897/3082/3245
f 2808/3055/3219 2611/3083/3107 2857/3084/3246
f 2835/3056/3247 2883/3080/3247 2884/3085/3247
f 2821/3052/3248 2871/3086/3248 2822/3006/3248
f 2848/3053/3249 2898/3087/3249 2849/3007/3249
f 2808/3055/3250 2858/3088/3251 2809/3008/3171
f 2835/3056/3252 2885/3089/3252 2836/3009/3252
f 2823/3010/3253 2871/3086/3253 2872/3090/3253
f 2849/3007/3254 2899/3091/3254 2850/3011/3254
f 2809/3008/3175 2859/3092/3255 2810/3012/3175
f 2837/3013/3256 2885/3089/3256 2886/3093/3256
f 2823/3010/3257 2873/3094/3257 2824/3014/3257
f 2851/3015/3258 2899/3091/3258 2900/3095/3258
f 2811/3016/3259 2859/3092/3259 2860/3096/3259
f 2838/3017/3260 2886/3093/3260 2887/3097/3260
f 2825/3018/3261 2873/3094/3261 2874/3098/3261
f 2852/3019/3262 2900/3095/3263 2901/3099/3262
f 2811/3016/3264 2861/3100/3264 2812/3020/3264
f 2839/3021/3265 2887/3097/3265 2888/3101/3265
f 2825/3018/3266 2875/3102/3266 2826/3022/3266
f 2853/3023/3267 2901/3099/3267 2902/3103/3267
f 2812/3020/3268 2862/3104/3269 2813/3024/3269
f 2839/3021/3270 2889/3105/3270 2840/3025/3270
f 2826/3022/3271 2876/3106/3271 2827/3026/3271
f 2853/3023/3272 2903/3058/3272 2854/3027/3272
f 2813/3024/3273 2863/3060/3273 2814/3028/3273
f 2841/3029/3274 2889/3105/3274 2890/3107/3274
f 2869/3078/3275 2919/3108/3275 2870/3081/3275
f 2897/3082/3276 2945/3109/3276 2946/3110/3276
f 2857/3084/3246 2611/3111/3107 2906/3112/3277
f 2884/3085/3278 2932/3113/3278 2933/3114/3278
f 2870/3081/3279 2920/3115/3279 2871/3086/3279
f 2897/3082/3280 2947/3116/3280 2898/3087/3280
f 2858/3088/3251 2906/3112/3281 2907/3117/3281
f 2884/3085/3282 2934/3118/3282 2885/3089/3282
f 2872/3090/3283 2920/3115/3283 2921/3119/3283
f 2898/3087/3284 2948/3120/3284 2899/3091/3284
f 2858/3088/3285 2908/3121/3286 2859/3092/3255
f 2886/3093/3287 2934/3118/3287 2935/3122/3287
f 2872/3090/3288 2922/3123/3288 2873/3094/3288
f 2900/3095/3289 2948/3120/3289 2949/3124/3289
f 2860/3096/3290 2908/3121/3290 2909/3125/3290
f 2887/3097/3291 2935/3122/3291 2936/3126/3291
f 2874/3098/3292 2922/3123/3292 2923/3127/3292
f 2900/3095/3293 2950/3128/3293 2901/3099/3293
f 2860/3096/3294 2910/3129/3294 2861/3100/3294
f 2888/3101/3295 2936/3126/3295 2937/3130/3295
f 2874/3098/3296 2924/3131/3296 2875/3102/3296
f 2901/3099/3297 2951/3132/3297 2902/3103/3297
f 2862/3104/3298 2910/3129/3298 2911/3133/3298
f 2888/3101/3299 2938/3134/3299 2889/3105/3299
f 2875/3102/3300 2925/3135/3300 2876/3106/3300
f 2902/3103/3301 2952/3136/3301 2903/3058/3301
f 2862/3104/3302 2912/3137/3302 2863/3060/3302
f 2890/3107/3303 2938/3134/3303 2939/3138/3303
f 2876/3106/3304 2926/3139/3304 2877/3057/3304
f 2904/3059/3223 2952/3136/3223 2953/3140/3305
f 2864/3061/3306 2912/3137/3306 2913/3141/3306
f 2890/3107/3307 2940/3142/3307 2891/3062/3307
f 2878/3063/3308 2926/3139/3308 2927/3143/3308
f 2904/3059/3309 2954/3144/3310 2905/3064/3227
f 2865/3065/3311 2913/3141/3311 2914/3145/3311
f 2892/3066/3312 2940/3142/3312 2941/3146/3312
f 2878/3063/3313 2928/3147/3313 2879/3067/3313
f 3677/3148/3202 2905/3064/3231 2954/3144/3314
f 2865/3065/3315 2915/3149/3315 2866/3069/3315
f 2893/3070/3316 2941/3146/3316 2942/3150/3316
f 2880/3071/3317 2928/3147/3317 2929/3151/3317
f 2867/3072/3318 2915/3149/3318 2916/3152/3318
f 2893/3070/3319 2943/3153/3319 2894/3073/3319
f 2880/3071/3320 2930/3154/3320 2881/3074/3320
f 2867/3072/3321 2917/3155/3321 2868/3075/3321
f 2895/3076/3322 2943/3153/3322 2944/3156/3322
f 2881/3074/3323 2931/3157/3323 2882/3077/3323
f 2869/3078/3324 2917/3155/3324 2918/3158/3324
f 2895/3076/3325 2945/3109/3325 2896/3079/3325
f 2882/3077/3326 2932/3113/3326 2883/3080/3326
f 2924/3131/3327 2974/3159/3327 2925/3135/3327
f 2952/3136/3328 3000/3160/3328 3001/3161/3328
f 2911/3133/3329 2961/3162/3329 2912/3137/3329
f 2939/3138/3330 2987/3163/3330 2988/3164/3330
f 2925/3135/3331 2975/3165/3331 2926/3139/3331
f 2953/3140/3305 3001/3161/3305 3002/3166/3332
f 2913/3141/3333 2961/3162/3333 2962/3167/3333
f 2939/3138/3334 2989/3168/3334 2940/3142/3334
f 2927/3143/3335 2975/3165/3335 2976/3169/3335
f 2954/3144/3310 3002/3166/3336 3003/3170/3337
f 2914/3145/3338 2962/3167/3338 2963/3171/3338
f 2941/3146/3339 2989/3168/3339 2990/3172/3339
f 2927/3143/3340 2977/3173/3340 2928/3147/3340
f 3677/3174/3202 2954/3144/3314 3003/3170/3341
f 2914/3145/3342 2964/3175/3342 2915/3149/3342
f 2942/3150/3343 2990/3172/3343 2991/3176/3343
f 2929/3151/3344 2977/3173/3344 2978/3177/3344
f 2916/3152/3345 2964/3175/3345 2965/3178/3345
f 2942/3150/3346 2992/3179/3346 2943/3153/3346
f 2929/3151/3347 2979/3180/3347 2930/3154/3347
f 2916/3152/3348 2966/3181/3348 2917/3155/3348
f 2944/3156/3349 2992/3179/3349 2993/3182/3349
f 2931/3157/3350 2979/3180/3350 2980/3183/3350
f 2918/3158/3351 2966/3181/3351 2967/3184/3351
f 2944/3156/3352 2994/3185/3352 2945/3109/3352
f 2931/3157/3353 2981/3186/3353 2932/3113/3353
f 2918/3158/3354 2968/3187/3354 2919/3108/3354
f 2946/3110/3355 2994/3185/3355 2995/3188/3355
f 2906/3112/3277 2611/3189/3107 2955/3190/3356
f 2933/3114/3357 2981/3186/3357 2982/3191/3357
f 2919/3108/3358 2969/3192/3358 2920/3115/3358
f 2946/3110/3359 2996/3193/3359 2947/3116/3359
f 2906/3112/3281 2956/3194/3360 2907/3117/3281
f 2933/3114/3361 2983/3195/3361 2934/3118/3361
f 2921/3119/3362 2969/3192/3362 2970/3196/3362
f 2947/3116/3363 2997/3197/3363 2948/3120/3363
f 2908/3121/3286 2956/3194/3364 2957/3198/3365
f 2935/3122/3366 2983/3195/3366 2984/3199/3366
f 2921/3119/3367 2971/3200/3367 2922/3123/3367
f 2949/3124/3368 2997/3197/3368 2998/3201/3368
f 2908/3121/3369 2958/3202/3369 2909/3125/3369
f 2936/3126/3370 2984/3199/3370 2985/3203/3370
f 2923/3127/3371 2971/3200/3371 2972/3204/3371
f 2950/3128/3372 2998/3201/3372 2999/3205/3372
f 2909/3125/3373 2959/3206/3373 2910/3129/3373
f 2937/3130/3374 2985/3203/3374 2986/3207/3374
f 2923/3127/3375 2973/3208/3375 2924/3131/3375
f 2950/3128/3376 3000/3160/3376 2951/3132/3376
f 2910/3129/3377 2960/3209/3377 2911/3133/3377
f 2937/3130/3378 2987/3163/3378 2938/3134/3378
f 2967/3184/3379 3015/3210/3379 3016/3211/3379
f 2993/3182/3380 3043/3212/3380 2994/3185/3380
f 2980/3183/3381 3030/3213/3381 2981/3186/3381
f 2967/3184/3382 3017/3214/3382 2968/3187/3382
f 2995/3188/3383 3043/3212/3383 3044/3215/3383
f 2955/3190/3384 2611/3216/3385 3004/3217/3386
f 2982/3191/3387 3030/3213/3387 3031/3218/3387
f 2968/3187/3388 3018/3219/3388 2969/3192/3388
f 2995/3188/3389 3045/3220/3389 2996/3193/3389
f 2955/3190/3390 3005/3221/3390 2956/3194/3360
f 2982/3191/3391 3032/3222/3391 2983/3195/3391
f 2970/3196/3392 3018/3219/3392 3019/3223/3392
f 2996/3193/3393 3046/3224/3393 2997/3197/3393
f 2956/3194/3364 3006/3225/3394 2957/3198/3365
f 2984/3199/3395 3032/3222/3395 3033/3226/3395
f 2970/3196/3396 3020/3227/3396 2971/3200/3396
f 2998/3201/3397 3046/3224/3397 3047/3228/3397
f 2958/3202/3398 3006/3225/3398 3007/3229/3398
f 2985/3203/3399 3033/3226/3399 3034/3230/3399
f 2972/3204/3400 3020/3227/3400 3021/3231/3400
f 2999/3205/3401 3047/3228/3401 3048/3232/3401
f 2958/3202/3402 3008/3233/3402 2959/3206/3402
f 2986/3207/3403 3034/3230/3403 3035/3234/3403
f 2972/3204/3404 3022/3235/3404 2973/3208/3404
f 2999/3205/3405 3049/3236/3405 3000/3160/3405
f 2959/3206/3406 3009/3237/3406 2960/3209/3406
f 2986/3207/3407 3036/3238/3407 2987/3163/3407
f 2973/3208/3408 3023/3239/3408 2974/3159/3408
f 3000/3160/3409 3050/3240/3409 3001/3161/3409
f 2960/3209/3410 3010/3241/3410 2961/3162/3410
f 2988/3164/3411 3036/3238/3411 3037/3242/3411
f 2974/3159/3412 3024/3243/3412 2975/3165/3412
f 3002/3166/3332 3050/3240/3413 3051/3244/3413
f 2962/3167/3414 3010/3241/3414 3011/3245/3414
f 2988/3164/3415 3038/3246/3415 2989/3168/3416
f 2976/3169/3417 3024/3243/3417 3025/3247/3417
f 3003/3170/3337 3051/3244/3418 3052/3248/3418
f 2963/3171/3419 3011/3245/3419 3012/3249/3419
f 2990/3172/3420 3038/3246/3420 3039/3250/3420
f 2976/3169/3421 3026/3251/3421 2977/3173/3421
f 3677/3252/3202 3003/3170/3341 3052/3248/3422
f 2963/3171/3423 3013/3253/3423 2964/3175/3423
f 2991/3176/3424 3039/3250/3424 3040/3254/3424
f 2978/3177/3425 3026/3251/3425 3027/3255/3425
f 2965/3178/3426 3013/3253/3426 3014/3256/3426
f 2991/3176/3427 3041/3257/3427 2992/3179/3427
f 2978/3177/3428 3028/3258/3428 2979/3180/3429
f 2965/3178/3430 3015/3210/3430 2966/3181/3430
f 2993/3182/3431 3041/3257/3431 3042/3259/3431
f 2980/3183/3432 3028/3258/3432 3029/3260/3432
f 3021/3231/3433 3071/3261/3433 3022/3235/3433
f 3048/3232/3434 3098/3262/3434 3049/3236/3434
f 3009/3237/3435 3057/3263/3435 3058/3264/3435
f 3035/3234/3436 3085/3265/3436 3036/3238/3436
f 3022/3235/3437 3072/3266/3437 3023/3239/3437
f 3049/3236/3438 3099/3267/3438 3050/3240/3438
f 3009/3237/3439 3059/3268/3439 3010/3241/3440
f 3037/3242/3441 3085/3265/3441 3086/3269/3441
f 3023/3239/3442 3073/3270/3442 3024/3243/3442
f 3050/3240/3413 3100/3271/3443 3051/3244/3413
f 3011/3245/3444 3059/3268/3444 3060/3272/3444
f 3037/3242/3445 3087/3273/3445 3038/3246/3446
f 3025/3247/3447 3073/3270/3447 3074/3274/3447
f 3051/3244/3418 3101/3275/3448 3052/3248/3418
f 3012/3249/3449 3060/3272/3449 3061/3276/3449
f 3039/3250/3450 3087/3273/3450 3088/3277/3450
f 3025/3247/3451 3075/3278/3451 3026/3251/3451
f 3677/3279/3202 3052/3248/3422 3101/3275/3452
f 3012/3249/3453 3062/3280/3453 3013/3253/3453
f 3040/3254/3454 3088/3277/3454 3089/3281/3454
f 3027/3255/3455 3075/3278/3455 3076/3282/3455
f 3014/3256/3456 3062/3280/3456 3063/3283/3456
f 3040/3254/3457 3090/3284/3457 3041/3257/3457
f 3027/3255/3458 3077/3285/3458 3028/3258/3458
f 3014/3256/3459 3064/3286/3460 3015/3210/3460
f 3042/3259/3461 3090/3284/3462 3091/3287/3461
f 3028/3258/3463 3078/3288/3463 3029/3260/3463
f 3016/3211/3464 3064/3286/3464 3065/3289/3464
f 3042/3259/3465 3092/3290/3465 3043/3212/3465
f 3029/3260/3466 3079/3291/3466 3030/3213/3466
f 3016/3211/3467 3066/3292/3467 3017/3214/3467
f 3044/3215/3468 3092/3290/3468 3093/3293/3468
f 3004/3217/3386 2611/3294/3385 3053/3295/3469
f 3031/3218/3470 3079/3291/3470 3080/3296/3470
f 3017/3214/3471 3067/3297/3471 3018/3219/3471
f 3044/3215/3472 3094/3298/3472 3045/3220/3472
f 3004/3217/3473 3054/3299/3474 3005/3221/3390
f 3031/3218/3475 3081/3300/3475 3032/3222/3475
f 3019/3223/3476 3067/3297/3476 3068/3301/3476
f 3045/3220/3477 3095/3302/3477 3046/3224/3477
f 3005/3221/3478 3055/3303/3479 3006/3225/3394
f 3033/3226/3480 3081/3300/3480 3082/3304/3480
f 3019/3223/3481 3069/3305/3481 3020/3227/3481
f 3047/3228/3482 3095/3302/3482 3096/3306/3482
f 3007/3229/3483 3055/3303/3483 3056/3307/3483
f 3034/3230/3484 3082/3304/3484 3083/3308/3484
f 3021/3231/3485 3069/3305/3485 3070/3309/3485
f 3048/3232/3486 3096/3306/3486 3097/3310/3486
f 3008/3233/3487 3056/3307/3487 3057/3263/3487
f 3035/3234/3488 3083/3308/3488 3084/3311/3488
f 3063/3283/3489 3113/3312/3489 3064/3286/3489
f 3091/3287/3490 3139/3313/3490 3140/3314/3490
f 3077/3285/3491 3127/3315/3491 3078/3288/3491
f 3065/3289/3492 3113/3312/3492 3114/3316/3492
f 3091/3287/3493 3141/3317/3493 3092/3290/3493
f 3078/3288/3494 3128/3318/3494 3079/3291/3494
f 3065/3289/3495 3115/3319/3495 3066/3292/3495
f 3093/3293/3496 3141/3317/3496 3142/3320/3496
f 3053/3295/3469 2611/3321/3385 3102/3322/3497
f 3080/3296/3498 3128/3318/3498 3129/3323/3498
f 3066/3292/3499 3116/3324/3499 3067/3297/3499
f 3093/3293/3500 3143/3325/3500 3094/3298/3500
f 3053/3295/3501 3103/3326/3501 3054/3299/3474
f 3080/3296/3502 3130/3327/3502 3081/3300/3502
f 3067/3297/3503 3117/3328/3503 3068/3301/3503
f 3094/3298/3504 3144/3329/3504 3095/3302/3504
f 3054/3299/3505 3104/3330/3506 3055/3303/3479
f 3082/3304/3507 3130/3327/3507 3131/3331/3507
f 3068/3301/3508 3118/3332/3508 3069/3305/3508
f 3096/3306/3509 3144/3329/3509 3145/3333/3509
f 3056/3307/3510 3104/3330/3511 3105/3334/3510
f 3083/3308/3512 3131/3331/3512 3132/3335/3513
f 3070/3309/3514 3118/3332/3514 3119/3336/3514
f 3097/3310/3515 3145/3333/3515 3146/3337/3515
f 3057/3263/3516 3105/3334/3516 3106/3338/3516
f 3084/3311/3517 3132/3335/3518 3133/3339/3518
f 3070/3309/3519 3120/3340/3519 3071/3261/3519
f 3097/3310/3520 3147/3341/3520 3098/3262/3520
f 3057/3263/3521 3107/3342/3521 3058/3264/3521
f 3084/3311/3522 3134/3343/3522 3085/3265/3522
f 3071/3261/3523 3121/3344/3523 3072/3266/3523
f 3098/3262/3524 3148/3345/3525 3099/3267/3525
f 3058/3264/3526 3108/3346/3526 3059/3268/3526
f 3086/3269/3527 3134/3343/3527 3135/3347/3527
f 3072/3266/3528 3122/3348/3528 3073/3270/3528
f 3099/3267/3529 3149/3349/3530 3100/3271/3443
f 3060/3272/3531 3108/3346/3531 3109/3350/3531
f 3086/3269/3532 3136/3351/3532 3087/3273/3532
f 3074/3274/3533 3122/3348/3533 3123/3352/3533
f 3100/3271/3534 3150/3353/3535 3101/3275/3448
f 3061/3276/3536 3109/3350/3536 3110/3354/3536
f 3088/3277/3537 3136/3351/3537 3137/3355/3537
f 3074/3274/3538 3124/3356/3538 3075/3278/3538
f 3677/3357/3539 3101/3275/3540 3150/3353/3541
f 3061/3276/3542 3111/3358/3542 3062/3280/3542
f 3089/3281/3543 3137/3355/3543 3138/3359/3543
f 3076/3282/3544 3124/3356/3544 3125/3360/3544
f 3063/3283/3545 3111/3358/3545 3112/3361/3545
f 3089/3281/3546 3139/3313/3546 3090/3284/3546
f 3076/3282/3547 3126/3362/3547 3077/3285/3547
f 3119/3336/3548 3167/3363/3548 3168/3364/3548
f 3146/3337/3549 3194/3365/3549 3195/3366/3549
f 3106/3338/3550 3154/3367/3550 3155/3368/3550
f 3132/3335/3551 3182/3369/3551 3133/3339/3551
f 3120/3340/3552 3168/3364/3552 3169/3370/3552
f 3146/3337/3553 3196/3371/3553 3147/3341/3553
f 3106/3338/3554 3156/3372/3554 3107/3342/3554
f 3133/3339/3555 3183/3373/3555 3134/3343/3555
f 3120/3340/3556 3170/3374/3556 3121/3344/3556
f 3147/3341/3557 3197/3375/3557 3148/3345/3557
f 3107/3342/3558 3157/3376/3558 3108/3346/3558
f 3135/3347/3559 3183/3373/3559 3184/3377/3559
f 3121/3344/3560 3171/3378/3560 3122/3348/3561
f 3148/3345/3562 3198/3379/3563 3149/3349/3530
f 3109/3350/3564 3157/3376/3564 3158/3380/3564
f 3135/3347/3565 3185/3381/3565 3136/3351/3565
f 3123/3352/3566 3171/3378/3566 3172/3382/3566
f 3150/3353/3535 3198/3379/3567 3199/3383/3568
f 3110/3354/3569 3158/3380/3569 3159/3384/3569
f 3137/3355/3570 3185/3381/3570 3186/3385/3571
f 3123/3352/3572 3173/3386/3572 3124/3356/3572
f 3677/3387/3539 3150/3353/3541 3199/3383/3573
f 3110/3354/3574 3160/3388/3574 3111/3358/3574
f 3138/3359/3575 3186/3385/3575 3187/3389/3576
f 3125/3360/3577 3173/3386/3577 3174/3390/3577
f 3112/3361/3578 3160/3388/3578 3161/3391/3578
f 3138/3359/3579 3188/3392/3579 3139/3313/3579
f 3125/3360/3580 3175/3393/3580 3126/3362/3580
f 3112/3361/3581 3162/3394/3581 3113/3312/3581
f 3140/3314/3582 3188/3392/3582 3189/3395/3582
f 3127/3315/3583 3175/3393/3583 3176/3396/3583
f 3114/3316/3584 3162/3394/3584 3163/3397/3585
f 3140/3314/3586 3190/3398/3586 3141/3317/3586
f 3127/3315/3587 3177/3399/3587 3128/3318/3587
f 3114/3316/3588 3164/3400/3588 3115/3319/3588
f 3142/3320/3589 3190/3398/3589 3191/3401/3589
f 3102/3322/3497 2611/3402/3385 3151/3403/3590
f 3129/3323/3591 3177/3399/3591 3178/3404/3591
f 3115/3319/3592 3165/3405/3592 3116/3324/3592
f 3142/3320/3593 3192/3406/3593 3143/3325/3593
f 3102/3322/3594 3152/3407/3594 3103/3326/3501
f 3129/3323/3595 3179/3408/3595 3130/3327/3595
f 3117/3328/3596 3165/3405/3596 3166/3409/3596
f 3143/3325/3597 3193/3410/3597 3144/3329/3597
f 3103/3326/3598 3153/3411/3599 3104/3330/3506
f 3131/3331/3600 3179/3408/3600 3180/3412/3600
f 3117/3328/3601 3167/3363/3601 3118/3332/3601
f 3145/3333/3602 3193/3410/3602 3194/3365/3602
f 3104/3330/3603 3154/3367/3603 3105/3334/3603
f 3132/3335/3604 3180/3412/3604 3181/3413/3604
f 3161/3391/3605 3209/3414/3605 3210/3415/3605
f 3187/3389/3606 3237/3416/3606 3188/3392/3606
f 3198/3379/3563 3246/3417/3607 3247/3418/3607
f 3174/3390/3608 3224/3419/3608 3175/3393/3608
f 3161/3391/3609 3211/3420/3609 3162/3394/3609
f 3198/3379/3567 3248/3421/3610 3199/3383/3568
f 3176/3396/3611 3224/3419/3611 3225/3422/3611
f 3163/3397/3612 3211/3420/3612 3212/3423/3612
f 3677/3424/3539 3199/3383/3573 3248/3421/3613
f 3176/3396/3614 3226/3425/3614 3177/3399/3614
f 3163/3397/3615 3213/3426/3615 3164/3400/3615
f 3151/3403/3590 2611/3427/3385 3200/3428/3616
f 3178/3404/3617 3226/3425/3617 3227/3429/3617
f 3164/3400/3618 3214/3430/3618 3165/3405/3618
f 3151/3403/3619 3201/3431/3619 3152/3407/3594
f 3178/3404/3620 3228/3432/3620 3179/3408/3620
f 3189/3395/3621 3237/3416/3621 3238/3433/3622
f 3165/3405/3623 3215/3434/3623 3166/3409/3623
f 3153/3411/3599 3201/3431/3624 3202/3435/3624
f 3180/3412/3625 3228/3432/3625 3229/3436/3625
f 3189/3395/3626 3239/3437/3626 3190/3398/3626
f 3166/3409/3627 3216/3438/3627 3167/3363/3627
f 3154/3367/3628 3202/3435/3628 3203/3439/3628
f 3181/3413/3629 3229/3436/3629 3230/3440/3629
f 3191/3401/3630 3239/3437/3630 3240/3441/3630
f 3168/3364/3631 3216/3438/3631 3217/3442/3631
f 3155/3368/3632 3203/3439/3632 3204/3443/3632
f 3181/3413/3633 3231/3444/3633 3182/3369/3633
f 3191/3401/3634 3241/3445/3634 3192/3406/3634
f 3169/3370/3635 3217/3442/3635 3218/3446/3635
f 3155/3368/3636 3205/3447/3636 3156/3372/3636
f 3182/3369/3637 3232/3448/3637 3183/3373/3637
f 3192/3406/3638 3242/3449/3638 3193/3410/3638
f 3169/3370/3639 3219/3450/3639 3170/3374/3639
f 3156/3372/3640 3206/3451/3640 3157/3376/3640
f 3184/3377/3641 3232/3448/3641 3233/3452/3641
f 3194/3365/3642 3242/3449/3642 3243/3453/3642
f 3170/3374/3643 3220/3454/3643 3171/3378/3643
f 3157/3376/3644 3207/3455/3644 3158/3380/3644
f 3185/3381/3645 3233/3452/3645 3234/3456/3645
f 3195/3366/3646 3243/3453/3646 3244/3457/3646
f 3172/3382/3647 3220/3454/3647 3221/3458/3647
f 3159/3384/3648 3207/3455/3648 3208/3459/3648
f 3186/3385/3649 3234/3456/3649 3235/3460/3649
f 3195/3366/3650 3245/3461/3650 3196/3371/3650
f 3172/3382/3651 3222/3462/3651 3173/3386/3652
f 3159/3384/3653 3209/3414/3653 3160/3388/3653
f 3187/3389/3654 3235/3460/3654 3236/3463/3654
f 3196/3371/3655 3246/3417/3655 3197/3375/3655
f 3174/3390/3656 3222/3462/3656 3223/3464/3656
f 3225/3422/3657 3275/3465/3657 3226/3425/3657
f 3212/3423/3658 3262/3466/3658 3213/3426/3658
f 3240/3441/3659 3288/3467/3659 3289/3468/3659
f 3200/3428/3616 2611/3469/3385 3249/3470/3660
f 3227/3429/3661 3275/3465/3661 3276/3471/3662
f 3213/3426/3663 3263/3472/3663 3214/3430/3663
f 3240/3441/3664 3290/3473/3664 3241/3445/3664
f 3200/3428/3665 3250/3474/3665 3201/3431/3619
f 3227/3429/3666 3277/3475/3666 3228/3432/3666
f 3214/3430/3667 3264/3476/3667 3215/3434/3667
f 3241/3445/3668 3291/3477/3668 3242/3449/3668
f 3201/3431/3624 3251/3478/3669 3202/3435/3624
f 3229/3436/3670 3277/3475/3670 3278/3479/3670
f 3215/3434/3671 3265/3480/3671 3216/3438/3671
f 3243/3453/3672 3291/3477/3672 3292/3481/3672
f 3203/3439/3673 3251/3478/3673 3252/3482/3673
f 3230/3440/3674 3278/3479/3674 3279/3483/3674
f 3217/3442/3675 3265/3480/3675 3266/3484/3676
f 3244/3457/3677 3292/3481/3677 3293/3485/3677
f 3203/3439/3678 3253/3486/3678 3204/3443/3678
f 3230/3440/3679 3280/3487/3679 3231/3444/3679
f 3218/3446/3680 3266/3484/3680 3267/3488/3680
f 3244/3457/3681 3294/3489/3681 3245/3461/3681
f 3204/3443/3682 3254/3490/3682 3205/3447/3682
f 3231/3444/3683 3281/3491/3683 3232/3448/3683
f 3218/3446/3684 3268/3492/3684 3219/3450/3684
f 3245/3461/3685 3295/3493/3685 3246/3417/3685
f 3205/3447/3686 3255/3494/3686 3206/3451/3686
f 3232/3448/3687 3282/3495/3687 3233/3452/3687
f 3219/3450/3688 3269/3496/3688 3220/3454/3688
f 3246/3417/3607 3296/3497/3689 3247/3418/3607
f 3207/3455/3690 3255/3494/3690 3256/3498/3690
f 3234/3456/3691 3282/3495/3691 3283/3499/3691
f 3221/3458/3692 3269/3496/3692 3270/3500/3692
f 3247/3418/3693 3297/3501/3694 3248/3421/3610
f 3208/3459/3695 3256/3498/3695 3257/3502/3695
f 3235/3460/3696 3283/3499/3696 3284/3503/3696
f 3221/3458/3697 3271/3504/3697 3222/3462/3697
f 3677/3505/3539 3248/3421/3613 3297/3501/3698
f 3208/3459/3699 3258/3506/3699 3209/3414/3699
f 3236/3463/3700 3284/3503/3700 3285/3507/3700
f 3223/3464/3701 3271/3504/3701 3272/3508/3701
f 3210/3415/3702 3258/3506/3702 3259/3509/3702
f 3236/3463/3703 3286/3510/3703 3237/3416/3703
f 3223/3464/3704 3273/3511/3704 3224/3419/3704
f 3210/3415/3705 3260/3512/3705 3211/3420/3706
f 3238/3433/3707 3286/3510/3707 3287/3513/3707
f 3225/3422/3708 3273/3511/3708 3274/3514/3708
f 3212/3423/3709 3260/3512/3709 3261/3515/3709
f 3238/3433/3710 3288/3467/3710 3239/3437/3710
f 3280/3487/3711 3330/3516/3711 3281/3491/3711
f 3267/3488/3712 3317/3517/3712 3268/3492/3712
f 3294/3489/3713 3344/3518/3714 3295/3493/3714
f 3254/3490/3715 3304/3519/3716 3255/3494/3716
f 3282/3495/3717 3330/3516/3717 3331/3520/3717
f 3268/3492/3718 3318/3521/3718 3269/3496/3718
f 3296/3497/3689 3344/3518/3719 3345/3522/3719
f 3256/3498/3720 3304/3519/3720 3305/3523/3720
f 3283/3499/3721 3331/3520/3721 3332/3524/3721
f 3270/3500/3722 3318/3521/3722 3319/3525/3722
f 3296/3497/3723 3346/3526/3724 3297/3501/3694
f 3257/3502/3725 3305/3523/3725 3306/3527/3725
f 3284/3503/3726 3332/3524/3726 3333/3528/3726
f 3270/3500/3727 3320/3529/3727 3271/3504/3728
f 3677/3530/3539 3297/3501/3698 3346/3526/3729
f 3257/3502/3730 3307/3531/3730 3258/3506/3730
f 3285/3507/3731 3333/3528/3731 3334/3532/3732
f 3272/3508/3733 3320/3529/3733 3321/3533/3733
f 3259/3509/3734 3307/3531/3734 3308/3534/3734
f 3285/3507/3735 3335/3535/3735 3286/3510/3735
f 3272/3508/3736 3322/3536/3736 3273/3511/3736
f 3259/3509/3737 3309/3537/3737 3260/3512/3737
f 3287/3513/3738 3335/3535/3738 3336/3538/3738
f 3273/3511/3739 3323/3539/3739 3274/3514/3739
f 3261/3515/3740 3309/3537/3740 3310/3540/3740
f 3287/3513/3741 3337/3541/3741 3288/3467/3741
f 3274/3514/3742 3324/3542/3742 3275/3465/3742
f 3261/3515/3743 3311/3543/3743 3262/3466/3743
f 3288/3467/3744 3338/3544/3744 3289/3468/3744
f 3249/3470/3745 2611/3545/3746 3298/3546/3747
f 3276/3471/3748 3324/3542/3748 3325/3547/3748
f 3262/3466/3749 3312/3548/3749 3263/3472/3749
f 3289/3468/3750 3339/3549/3750 3290/3473/3750
f 3249/3470/3751 3299/3550/3751 3250/3474/3665
f 3276/3471/3752 3326/3551/3752 3277/3475/3752
f 3263/3472/3753 3313/3552/3753 3264/3476/3753
f 3290/3473/3754 3340/3553/3754 3291/3477/3754
f 3250/3474/3755 3300/3554/3756 3251/3478/3669
f 3278/3479/3757 3326/3551/3757 3327/3555/3757
f 3264/3476/3758 3314/3556/3758 3265/3480/3758
f 3292/3481/3759 3340/3553/3760 3341/3557/3759
f 3252/3482/3761 3300/3554/3762 3301/3558/3761
f 3279/3483/3763 3327/3555/3763 3328/3559/3763
f 3266/3484/3764 3314/3556/3764 3315/3560/3764
f 3292/3481/3765 3342/3561/3765 3293/3485/3765
f 3253/3486/3766 3301/3558/3766 3302/3562/3766
f 3279/3483/3767 3329/3563/3767 3280/3487/3767
f 3267/3488/3768 3315/3560/3768 3316/3564/3768
f 3293/3485/3769 3343/3565/3769 3294/3489/3769
f 3253/3486/3770 3303/3566/3770 3254/3490/3770
f 3323/3539/3771 3371/3567/3771 3372/3568/3771
f 3310/3540/3772 3358/3569/3772 3359/3570/3772
f 3336/3538/3773 3386/3571/3773 3337/3541/3773
f 3323/3539/3774 3373/3572/3774 3324/3542/3774
f 3310/3540/3775 3360/3573/3775 3311/3543/3775
f 3337/3541/3776 3387/3574/3776 3338/3544/3776
f 3298/3546/3747 2611/3575/3746 3347/3576/3777
f 3325/3547/3778 3373/3572/3778 3374/3577/3779
f 3311/3543/3780 3361/3578/3780 3312/3548/3780
f 3338/3544/3781 3388/3579/3781 3339/3549/3782
f 3298/3546/3783 3348/3580/3784 3299/3550/3751
f 3325/3547/3785 3375/3581/3785 3326/3551/3785
f 3312/3548/3786 3362/3582/3786 3313/3552/3786
f 3339/3549/3787 3389/3583/3787 3340/3553/3787
f 3300/3554/3756 3348/3580/3788 3349/3584/3788
f 3327/3555/3789 3375/3581/3789 3376/3585/3789
f 3314/3556/3790 3362/3582/3790 3363/3586/3790
f 3341/3557/3791 3389/3583/3791 3390/3587/3791
f 3300/3554/3792 3350/3588/3792 3301/3558/3792
f 3328/3559/3793 3376/3585/3793 3377/3589/3793
f 3315/3560/3794 3363/3586/3794 3364/3590/3794
f 3341/3557/3795 3391/3591/3795 3342/3561/3795
f 3302/3562/3796 3350/3588/3796 3351/3592/3796
f 3328/3559/3797 3378/3593/3797 3329/3563/3797
f 3316/3564/3798 3364/3590/3798 3365/3594/3798
f 3342/3561/3799 3392/3595/3799 3343/3565/3799
f 3302/3562/3800 3352/3596/3800 3303/3566/3800
f 3329/3563/3801 3379/3597/3801 3330/3516/3801
f 3316/3564/3802 3366/3598/3802 3317/3517/3802
f 3343/3565/3803 3393/3599/3803 3344/3518/3803
f 3303/3566/3804 3353/3600/3804 3304/3519/3804
f 3330/3516/3805 3380/3601/3805 3331/3520/3805
f 3317/3517/3806 3367/3602/3806 3318/3521/3806
f 3344/3518/3719 3394/3603/3807 3345/3522/3719
f 3305/3523/3808 3353/3600/3808 3354/3604/3808
f 3332/3524/3809 3380/3601/3809 3381/3605/3809
f 3319/3525/3810 3367/3602/3810 3368/3606/3810
f 3346/3526/3724 3394/3603/3811 3395/3607/3811
f 3306/3527/3812 3354/3604/3812 3355/3608/3812
f 3333/3528/3813 3381/3605/3813 3382/3609/3813
f 3319/3525/3814 3369/3610/3814 3320/3529/3814
f 3677/3611/3539 3346/3526/3729 3395/3607/3815
f 3307/3531/3816 3355/3608/3816 3356/3612/3817
f 3334/3532/3818 3382/3609/3818 3383/3613/3818
f 3321/3533/3819 3369/3610/3819 3370/3614/3819
f 3308/3534/3820 3356/3612/3820 3357/3615/3820
f 3334/3532/3821 3384/3616/3821 3335/3535/3822
f 3321/3533/3823 3371/3567/3823 3322/3536/3823
f 3308/3534/3824 3358/3569/3824 3309/3537/3824
f 3336/3538/3825 3384/3616/3825 3385/3617/3825
f 3377/3589/3826 3427/3618/3826 3378/3593/3826
f 3365/3594/3827 3413/3619/3827 3414/3620/3827
f 3391/3591/3828 3441/3621/3828 3392/3595/3828
f 3351/3592/3829 3401/3622/3829 3352/3596/3829
f 3378/3593/3830 3428/3623/3830 3379/3597/3830
f 3365/3594/3831 3415/3624/3831 3366/3598/3831
f 3392/3595/3832 3442/3625/3832 3393/3599/3832
f 3352/3596/3833 3402/3626/3833 3353/3600/3833
f 3379/3597/3834 3429/3627/3834 3380/3601/3834
f 3366/3598/3835 3416/3628/3835 3367/3602/3835
f 3394/3603/3807 3442/3625/3836 3443/3629/3836
f 3354/3604/3837 3402/3626/3837 3403/3630/3837
f 3381/3605/3838 3429/3627/3838 3430/3631/3838
f 3368/3606/3839 3416/3628/3839 3417/3632/3839
f 3394/3603/3811 3444/3633/3840 3395/3607/3811
f 3355/3608/3841 3403/3630/3841 3404/3634/3841
f 3382/3609/3842 3430/3631/3842 3431/3635/3842
f 3368/3606/3843 3418/3636/3843 3369/3610/3843
f 3677/3637/30 3395/3607/3844 3444/3633/3845
f 3356/3612/3846 3404/3634/3846 3405/3638/3847
f 3382/3609/3848 3432/3639/3848 3383/3613/3848
f 3370/3614/3849 3418/3636/3849 3419/3640/3849
f 3357/3615/3850 3405/3638/3850 3406/3641/3851
f 3383/3613/3852 3433/3642/3852 3384/3616/3853
f 3370/3614/3854 3420/3643/3854 3371/3567/3854
f 3357/3615/3855 3407/3644/3855 3358/3569/3855
f 3385/3617/3856 3433/3642/3856 3434/3645/3856
f 3371/3567/3857 3421/3646/3857 3372/3568/3857
f 3359/3570/3858 3407/3644/3858 3408/3647/3858
f 3385/3617/3859 3435/3648/3859 3386/3571/3859
f 3372/3568/3860 3422/3649/3860 3373/3572/3860
f 3359/3570/3861 3409/3650/3861 3360/3573/3861
f 3386/3571/3862 3436/3651/3862 3387/3574/3862
f 3347/3576/3777 2611/3652/3746 3396/3653/3863
f 3374/3577/3864 3422/3649/3864 3423/3654/3864
f 3360/3573/3865 3410/3655/3865 3361/3578/3865
f 3387/3574/3866 3437/3656/3866 3388/3579/3866
f 3347/3576/3867 3397/3657/3868 3348/3580/3784
f 3374/3577/3869 3424/3658/3869 3375/3581/3869
f 3361/3578/3870 3411/3659/3870 3362/3582/3870
f 3388/3579/3871 3438/3660/3871 3389/3583/3871
f 3348/3580/3788 3398/3661/3872 3349/3584/3788
f 3376/3585/3873 3424/3658/3873 3425/3662/3873
f 3362/3582/3874 3412/3663/3874 3363/3586/3874
f 3390/3587/3875 3438/3660/3875 3439/3664/3876
f 3350/3588/3877 3398/3661/3877 3399/3665/3877
f 3377/3589/3878 3425/3662/3878 3426/3666/3878
f 3364/3590/3879 3412/3663/3879 3413/3619/3879
f 3391/3591/3880 3439/3664/3880 3440/3667/3880
f 3350/3588/3881 3400/3668/3881 3351/3592/3881
f 3420/3643/3882 3468/3669/3882 3469/3670/3882
f 3406/3641/3883 3456/3671/3883 3407/3644/3883
f 3434/3645/3884 3482/3672/3884 3483/3673/3884
f 3420/3643/3885 3470/3674/3885 3421/3646/3885
f 3408/3647/3886 3456/3671/3886 3457/3675/3886
f 3434/3645/3887 3484/3676/3887 3435/3648/3887
f 3421/3646/3888 3471/3677/3888 3422/3649/3888
f 3408/3647/3889 3458/3678/3889 3409/3650/3889
f 3435/3648/3890 3485/3679/3890 3436/3651/3890
f 3396/3653/3863 2611/3680/3746 3445/3681/3891
f 3423/3654/3892 3471/3677/3892 3472/3682/3892
f 3409/3650/3893 3459/3683/3893 3410/3655/3893
f 3436/3651/3894 3486/3684/3894 3437/3656/3894
f 3397/3657/3868 3445/3681/3895 3446/3685/3895
f 3423/3654/3896 3473/3686/3896 3424/3658/3896
f 3410/3655/3897 3460/3687/3897 3411/3659/3897
f 3437/3656/3898 3487/3688/3898 3438/3660/3899
f 3397/3657/3900 3447/3689/3901 3398/3661/3872
f 3425/3662/3902 3473/3686/3902 3474/3690/3902
f 3412/3663/3903 3460/3687/3903 3461/3691/3904
f 3439/3664/3905 3487/3688/3905 3488/3692/3905
f 3399/3665/3906 3447/3689/3906 3448/3693/3906
f 3426/3666/3907 3474/3690/3907 3475/3694/3907
f 3413/3619/3908 3461/3691/3908 3462/3695/3908
f 3440/3667/3909 3488/3692/3909 3489/3696/3909
f 3399/3665/3910 3449/3697/3910 3400/3668/3910
f 3426/3666/3911 3476/3698/3911 3427/3618/3911
f 3414/3620/3912 3462/3695/3912 3463/3699/3912
f 3440/3667/3913 3490/3700/3913 3441/3621/3913
f 3400/3668/3914 3450/3701/3914 3401/3622/3914
f 3427/3618/3915 3477/3702/3915 3428/3623/3915
f 3414/3620/3916 3464/3703/3916 3415/3624/3917
f 3441/3621/3918 3491/3704/3918 3442/3625/3918
f 3401/3622/3919 3451/3705/3919 3402/3626/3919
f 3428/3623/3920 3478/3706/3920 3429/3627/3920
f 3415/3624/3921 3465/3707/3921 3416/3628/3921
f 3442/3625/3836 3492/3708/3922 3443/3629/3836
f 3403/3630/3923 3451/3705/3923 3452/3709/3923
f 3430/3631/3924 3478/3706/3924 3479/3710/3924
f 3417/3632/3925 3465/3707/3925 3466/3711/3925
f 3444/3633/3840 3492/3708/3926 3493/3712/3926
f 3404/3634/3927 3452/3709/3927 3453/3713/3927
f 3431/3635/3928 3479/3710/3928 3480/3714/3928
f 3417/3632/3929 3467/3715/3929 3418/3636/3929
f 3677/3716/30 3444/3633/3845 3493/3712/3930
f 3404/3634/3931 3454/3717/3931 3405/3638/3931
f 3431/3635/3932 3481/3718/3932 3432/3639/3932
f 3419/3640/3933 3467/3715/3933 3468/3669/3933
f 3406/3641/3934 3454/3717/3934 3455/3719/3934
f 3432/3639/3935 3482/3672/3935 3433/3642/3935
f 3475/3694/3936 3523/3720/3936 3524/3721/3937
f 3461/3691/3938 3511/3722/3938 3462/3695/3938
f 3489/3696/3939 3537/3723/3939 3538/3724/3939
f 3449/3697/3940 3497/3725/3940 3498/3726/3940
f 3475/3694/3941 3525/3727/3941 3476/3698/3941
f 3463/3699/3942 3511/3722/3942 3512/3728/3942
f 3489/3696/3943 3539/3729/3943 3490/3700/3943
f 3449/3697/3944 3499/3730/3944 3450/3701/3944
f 3476/3698/3945 3526/3731/3945 3477/3702/3946
f 3463/3699/3947 3513/3732/3947 3464/3703/3947
f 3490/3700/3948 3540/3733/3948 3491/3704/3948
f 3450/3701/3949 3500/3734/3949 3451/3705/3949
f 3477/3702/3950 3527/3735/3950 3478/3706/3950
f 3464/3703/3951 3514/3736/3951 3465/3707/3951
f 3491/3704/3952 3541/3737/3953 3492/3708/3922
f 3452/3709/3954 3500/3734/3954 3501/3738/3954
f 3479/3710/3955 3527/3735/3955 3528/3739/3955
f 3466/3711/3956 3514/3736/3956 3515/3740/3956
f 3492/3708/3926 3542/3741/3957 3493/3712/3926
f 3453/3713/3958 3501/3738/3958 3502/3742/3958
f 3480/3714/3959 3528/3739/3959 3529/3743/3959
f 3466/3711/3960 3516/3744/3960 3467/3715/3960
f 3677/3745/30 3493/3712/3930 3542/3741/3961
f 3454/3717/3962 3502/3742/3962 3503/3746/3962
f 3481/3718/3963 3529/3743/3963 3530/3747/3963
f 3468/3669/3964 3516/3744/3964 3517/3748/3964
f 3455/3719/3965 3503/3746/3965 3504/3749/3965
f 3481/3718/3966 3531/3750/3966 3482/3672/3966
f 3469/3670/3967 3517/3748/3967 3518/3751/3967
f 3455/3719/3968 3505/3752/3968 3456/3671/3968
f 3483/3673/3969 3531/3750/3969 3532/3753/3969
f 3469/3670/3970 3519/3754/3970 3470/3674/3970
f 3457/3675/3971 3505/3752/3971 3506/3755/3971
f 3483/3673/3972 3533/3756/3972 3484/3676/3972
f 3470/3674/3973 3520/3757/3973 3471/3677/3973
f 3457/3675/3974 3507/3758/3974 3458/3678/3974
f 3484/3676/3975 3534/3759/3975 3485/3679/3975
f 3445/3681/3891 2611/3760/3746 3494/3761/3976
f 3472/3682/3977 3520/3757/3977 3521/3762/3977
f 3458/3678/3978 3508/3763/3978 3459/3683/3978
f 3485/3679/3979 3535/3764/3979 3486/3684/3979
f 3445/3681/3895 3495/3765/3980 3446/3685/3895
f 3472/3682/3981 3522/3766/3981 3473/3686/3981
f 3459/3683/3982 3509/3767/3982 3460/3687/3982
f 3486/3684/3983 3536/3768/3983 3487/3688/3983
f 3446/3685/3984 3496/3769/3985 3447/3689/3901
f 3474/3690/3986 3522/3766/3986 3523/3720/3986
f 3460/3687/3987 3510/3770/3987 3461/3691/3987
f 3487/3688/3988 3537/3723/3988 3488/3692/3988
f 3447/3689/3989 3497/3725/3989 3448/3693/3989
f 3517/3748/3990 3565/3771/3990 3566/3772/3991
f 3504/3749/3992 3552/3773/3992 3553/3774/3992
f 3530/3747/3993 3580/3775/3993 3531/3750/3993
f 3518/3751/3994 3566/3772/3994 3567/3776/3994
f 3504/3749/3995 3554/3777/3995 3505/3752/3995
f 3532/3753/3996 3580/3775/3996 3581/3778/3996
f 3518/3751/3997 3568/3779/3997 3519/3754/3997
f 3506/3755/3998 3554/3777/3998 3555/3780/3998
f 3532/3753/3999 3582/3781/3999 3533/3756/3999
f 3519/3754/4000 3569/3782/4000 3520/3757/4000
f 3506/3755/4001 3556/3783/4001 3507/3758/4001
f 3534/3759/4002 3582/3781/4002 3583/3784/4002
f 3494/3761/3976 2611/3785/3746 3543/3786/4003
f 3521/3762/4004 3569/3782/4004 3570/3787/4004
f 3507/3758/4005 3557/3788/4005 3508/3763/4005
f 3535/3764/4006 3583/3784/4006 3584/3789/4006
f 3494/3761/4007 3544/3790/4008 3495/3765/3980
f 3521/3762/4009 3571/3791/4009 3522/3766/4009
f 3508/3763/4010 3558/3792/4010 3509/3767/4010
f 3535/3764/4011 3585/3793/4011 3536/3768/4011
f 3495/3765/4012 3545/3794/4013 3496/3769/3985
f 3523/3720/4014 3571/3791/4014 3572/3795/4014
f 3510/3770/4015 3558/3792/4015 3559/3796/4016
f 3537/3723/4017 3585/3793/4018 3586/3797/4017
f 3497/3725/4019 3545/3794/4019 3546/3798/4019
f 3524/3721/4020 3572/3795/4020 3573/3799/4020
f 3511/3722/4021 3559/3796/4021 3560/3800/4021
f 3538/3724/4022 3586/3797/4022 3587/3801/4022
f 3498/3726/4023 3546/3798/4023 3547/3802/4023
f 3524/3721/4024 3574/3803/4024 3525/3727/4024
f 3512/3728/4025 3560/3800/4025 3561/3804/4025
f 3538/3724/4026 3588/3805/4026 3539/3729/4026
f 3498/3726/4027 3548/3806/4027 3499/3730/4027
f 3525/3727/4028 3575/3807/4028 3526/3731/4028
f 3512/3728/4029 3562/3808/4029 3513/3732/4030
f 3539/3729/4031 3589/3809/4031 3540/3733/4031
f 3499/3730/4032 3549/3810/4033 3500/3734/4033
f 3526/3731/4034 3576/3811/4035 3527/3735/4034
f 3513/3732/4036 3563/3812/4036 3514/3736/4036
f 3541/3737/3953 3589/3809/4037 3590/3813/4037
f 3501/3738/4038 3549/3810/4038 3550/3814/4038
f 3528/3739/4039 3576/3811/4039 3577/3815/4039
f 3515/3740/4040 3563/3812/4040 3564/3816/4040
f 3541/3737/4041 3591/3817/4042 3542/3741/3957
f 3502/3742/4043 3550/3814/4043 3551/3818/4043
f 3529/3743/4044 3577/3815/4044 3578/3819/4044
f 3515/3740/4045 3565/3771/4045 3516/3744/4045
f 3677/3820/30 3542/3741/3961 3591/3817/4046
f 3502/3742/4047 3552/3773/4047 3503/3746/4047
f 3530/3747/4048 3578/3819/4048 3579/3821/4048
f 3572/3795/4049 3620/3822/4049 3621/3823/4049
f 3558/3792/4050 3608/3824/4050 3559/3796/4050
f 3586/3797/4051 3634/3825/4051 3635/3826/4051
f 3546/3798/4052 3594/3827/4052 3595/3828/4052
f 3573/3799/4053 3621/3823/4053 3622/3829/4053
f 3560/3800/4054 3608/3824/4054 3609/3830/4054
f 3587/3801/4055 3635/3826/4055 3636/3831/4055
f 3547/3802/4056 3595/3828/4056 3596/3832/4056
f 3573/3799/4057 3623/3833/4057 3574/3803/4057
f 3561/3804/4058 3609/3830/4058 3610/3834/4058
f 3587/3801/4059 3637/3835/4059 3588/3805/4059
f 3547/3802/4060 3597/3836/4060 3548/3806/4060
f 3574/3803/4061 3624/3837/4061 3575/3807/4061
f 3561/3804/4062 3611/3838/4062 3562/3808/4062
f 3588/3805/4063 3638/3839/4063 3589/3809/4063
f 3548/3806/4064 3598/3840/4064 3549/3810/4064
f 3576/3811/4065 3624/3837/4065 3625/3841/4066
f 3562/3808/4067 3612/3842/4067 3563/3812/4067
f 3589/3809/4037 3639/3843/4068 3590/3813/4037
f 3550/3814/4069 3598/3840/4069 3599/3844/4069
f 3577/3815/4070 3625/3841/4070 3626/3845/4070
f 3564/3816/4071 3612/3842/4071 3613/3846/4071
f 3591/3817/4042 3639/3843/4072 3640/3847/4072
f 3551/3818/4073 3599/3844/4073 3600/3848/4074
f 3578/3819/4075 3626/3845/4075 3627/3849/4075
f 3564/3816/4076 3614/3850/4076 3565/3771/4076
f 3677/3851/30 3591/3817/4046 3640/3847/4077
f 3551/3818/4078 3601/3852/4078 3552/3773/4078
f 3578/3819/4079 3628/3853/4079 3579/3821/4080
f 3566/3772/4081 3614/3850/4082 3615/3854/4082
f 3553/3774/4083 3601/3852/4083 3602/3855/4083
f 3579/3821/4084 3629/3856/4084 3580/3775/4084
f 3567/3776/4085 3615/3854/4085 3616/3857/4085
f 3553/3774/4086 3603/3858/4086 3554/3777/4086
f 3581/3778/4087 3629/3856/4087 3630/3859/4087
f 3567/3776/4088 3617/3860/4088 3568/3779/4088
f 3555/3780/4089 3603/3858/4089 3604/3861/4089
f 3581/3778/4090 3631/3862/4090 3582/3781/4090
f 3568/3779/4091 3618/3863/4092 3569/3782/4091
f 3555/3780/4093 3605/3864/4093 3556/3783/4094
f 3583/3784/4095 3631/3862/4095 3632/3865/4095
f 3543/3786/4096 2611/3866/49 3592/3867/4097
f 3570/3787/4098 3618/3863/4098 3619/3868/4098
f 3556/3783/4099 3606/3869/4099 3557/3788/4099
f 3583/3784/4100 3633/3870/4100 3584/3789/4100
f 3543/3786/4101 3593/3871/4101 3544/3790/4008
f 3570/3787/4102 3620/3822/4102 3571/3791/4102
f 3557/3788/4103 3607/3872/4103 3558/3792/4103
f 3584/3789/4104 3634/3825/4104 3585/3793/4104
f 3545/3794/4013 3593/3871/4105 3594/3827/4105
f 3613/3846/4106 3657/48/4106 3614/3850/4106
f 3677/3873/30 3640/3847/4077 13/41/31
f 3601/3852/4107 3647/44/4107 3648/51/4107
f 3628/3853/4108 8/45/4108 9/52/4108
f 3615/3854/4109 3657/48/4109 3658/54/4109
f 3601/3852/4110 3/57/4110 3602/3855/4110
f 3629/3856/4111 9/52/4111 3669/58/4111
f 3616/3857/4112 3658/54/4112 3659/60/4112
f 3602/3855/4113 3649/63/4113 3603/3858/4113
f 3630/3859/4114 3669/58/4114 10/64/4114
f 3616/3857/4115 3660/67/4115 3617/3860/4115
f 3603/3858/4116 4/69/4116 3604/3861/4116
f 3631/3862/4117 10/64/4117 3670/70/4117
f 3617/3860/4118 3661/73/4118 3618/3863/4118
f 3604/3861/4119 5/75/4119 3605/3864/4119
f 3631/3862/4120 3671/76/4120 3632/3865/4121
f 3592/3867/4097 2611/3874/49 1/78/48
f 3619/3868/4122 3661/73/4122 3662/81/4122
f 3605/3864/4123 3650/84/4123 3606/3869/4123
f 3632/3865/4124 3672/85/4124 3633/3870/4124
f 3592/3867/4125 3641/88/56 3593/3871/4101
f 3619/3868/4126 3663/90/4126 3620/3822/4126
f 3606/3869/4127 3651/92/4127 3607/3872/4127
f 3633/3870/4128 3673/93/4128 3634/3825/4128
f 3593/3871/4105 3642/96/62 3594/3827/4105
f 3621/3823/4129 3663/90/4129 3664/97/4129
f 3607/3872/4130 3652/4/4130 3608/3824/4130
f 3635/3826/4131 3673/93/4131 3674/99/4131
f 3594/3827/4132 2/10/4132 3595/3828/4132
f 3622/3829/4133 3664/97/4133 7/1/4134
f 3609/3830/4135 3652/4/4135 3653/6/4135
f 3636/3831/4136 3674/99/4136 11/7/4136
f 3595/3828/4137 3643/12/4137 3596/3832/4137
f 3623/3833/4138 7/1/4138 3665/13/4138
f 3609/3830/4139 6/16/4139 3610/3834/4139
f 3637/3835/4140 11/7/4140 12/17/4140
f 3596/3832/4141 3644/20/4141 3597/3836/4142
f 3623/3833/4143 3666/21/4143 3624/3837/4143
f 3610/3834/4144 3654/24/4144 3611/3838/4144
f 3638/3839/4145 12/17/4145 3675/25/4145
f 3597/3836/4146 3645/28/4146 3598/3840/4146
f 3624/3837/4147 3667/29/4147 3625/3841/4148
f 3611/3838/4149 3655/32/4149 3612/3842/4149
f 3638/3839/4150 3676/33/19 3639/3843/4068
f 3598/3840/4151 3646/36/4151 3599/3844/4151
f 3626/3845/4152 3667/29/4152 3668/37/4152
f 3613/3846/4153 3655/32/4153 3656/39/4153
f 3639/3843/4072 13/41/25 3640/3847/4072
f 3600/3848/4154 3646/36/4154 3647/44/4154
f 3627/3849/4155 3668/37/4155 8/45/4155
f 7/1/1 3664/97/4156 43/2/1
f 3652/4/2 30/98/2 31/5/2
f 11/7/3 3674/99/3 57/8/3
f 2/10/5 17/100/5 18/11/5
f 3665/13/6 7/1/6 44/3/6
f 3653/6/7 31/5/7 32/15/7
f 12/17/8 11/7/8 58/9/8
f 3643/12/9 18/11/4157 19/19/9
f 3666/21/10 3665/13/10 45/14/10
f 6/16/11 32/15/11 33/23/11
f 3675/25/13 12/17/13 59/18/13
f 3644/20/14 19/19/14 20/27/15
f 3667/29/16 3666/21/16 46/22/16
f 3654/24/18 33/23/4158 34/31/18
f 3676/33/19 3675/25/19 60/26/20
f 3645/28/22 20/27/22 21/35/22
f 3668/37/23 3667/29/23 47/30/23
f 3656/39/24 3655/32/24 34/31/24
f 13/41/25 3676/33/4159 61/34/26
f 3646/36/27 21/35/27 22/43/27
f 8/45/28 3668/37/28 48/38/28
f 3656/39/29 35/40/29 36/47/29
f 3647/44/33 22/43/4160 23/50/33
f 9/52/34 8/45/34 49/46/34
f 3658/54/35 3657/48/35 36/47/35
f 3648/51/36 23/50/36 24/56/36
f 3669/58/37 9/52/37 50/53/37
f 3659/60/38 3658/54/38 37/55/38
f 3/57/39 24/56/39 25/62/39
f 10/64/40 3669/58/40 51/59/40
f 3659/60/41 38/61/41 39/66/41
f 3649/63/42 25/62/42 26/68/42
f 3670/70/43 10/64/43 52/65/43
f 3660/67/44 39/66/44 40/72/44
f 4/69/45 26/68/45 27/74/45
f 3671/76/46 3670/70/46 53/71/46
f 3662/81/51 3661/73/51 40/72/51
f 5/75/52 27/74/52 28/83/52
f 3672/85/53 3671/76/53 54/77/53
f 1/78/54 14/80/100 15/87/55
f 3662/81/57 41/82/57 42/89/57
f 3650/84/58 28/83/58 29/91/58
f 3673/93/59 3672/85/59 55/86/59
f 3641/88/60 15/87/61 16/95/61
f 3664/97/63 3663/90/63 42/89/63
f 3651/92/65 29/91/4161 30/98/65
f 3674/99/66 3673/93/67 56/94/67
f 3642/96/68 16/95/68 17/100/68
f 61/34/21 60/26/20 109/101/69
f 20/27/70 69/150/70 70/103/70
f 48/38/71 47/30/71 96/104/71
f 34/31/72 83/151/72 84/106/72
f 61/34/26 110/102/164 111/107/73
f 22/43/74 21/35/74 70/103/74
f 48/38/75 97/105/75 98/109/75
f 36/47/76 35/40/76 84/106/76
f 23/50/78 22/43/78 71/108/78
f 49/46/79 98/109/79 99/113/79
f 37/55/81 36/47/4162 85/110/81
f 23/50/82 72/112/82 73/115/82
f 50/53/83 99/113/83 100/116/83
f 37/55/84 86/114/84 87/117/84
f 25/62/86 24/56/86 73/115/86
f 51/59/87 100/116/87 101/119/87
f 38/61/88 87/117/89 88/120/89
f 26/68/90 25/62/90 74/118/90
f 52/65/91 101/119/91 102/122/91
f 39/66/92 88/120/92 89/123/92
f 26/68/94 75/121/94 76/124/94
f 53/71/95 102/122/95 103/125/95
f 40/72/97 89/123/97 90/128/97
f 27/74/98 76/124/98 77/129/98
f 54/77/99 103/125/99 104/130/99
f 14/80/100 63/127/132 64/131/100
f 42/89/101 41/82/101 90/128/101
f 28/83/102 77/129/102 78/133/102
f 56/94/103 55/86/103 104/130/103
f 16/95/61 15/87/61 64/131/104
f 43/2/105 42/89/105 91/132/105
f 30/98/107 29/91/107 78/133/108
f 56/94/109 105/134/109 106/138/109
f 17/100/110 16/95/110 65/135/110
f 43/2/111 92/136/111 93/140/111
f 30/98/112 79/137/112 80/141/112
f 58/9/113 57/8/113 106/138/113
f 17/100/114 66/139/114 67/143/114
f 44/3/115 93/140/115 94/144/115
f 32/15/116 31/5/116 80/141/116
f 59/18/117 58/9/117 107/142/117
f 18/11/118 67/143/118 68/147/118
f 45/14/119 94/144/119 95/148/119
f 33/23/120 32/15/120 81/145/120
f 59/18/121 108/146/121 109/101/121
f 20/27/122 19/19/122 68/147/122
f 46/22/123 95/148/124 96/104/124
f 33/23/125 82/149/4163 83/151/125
f 76/124/126 75/121/126 124/152/126
f 103/125/127 102/122/127 151/154/127
f 90/128/129 89/123/129 138/158/129
f 76/124/130 125/153/130 126/160/130
f 104/130/131 103/125/131 152/155/131
f 63/127/132 112/157/216 113/162/133
f 90/128/134 139/159/134 140/163/134
f 77/129/135 126/160/135 127/164/135
f 105/134/136 104/130/136 153/161/136
f 64/131/104 113/162/221 114/166/137
f 91/132/138 140/163/138 141/167/138
f 78/133/140 127/164/140 128/168/140
f 105/134/142 154/165/142 155/169/142
f 66/139/143 65/135/143 114/166/143
f 92/136/144 141/167/144 142/171/144
f 80/141/145 79/137/145 128/168/145
f 106/138/146 155/169/146 156/173/146
f 67/143/147 66/139/147 115/170/147
f 93/140/148 142/171/148 143/175/148
f 80/141/149 129/172/149 130/176/149
f 108/146/150 107/142/150 156/173/150
f 68/147/151 67/143/151 116/174/151
f 94/144/152 143/175/152 144/179/152
f 81/145/153 130/176/153 131/180/153
f 108/146/154 157/177/154 158/181/154
f 68/147/155 117/178/155 118/182/155
f 96/104/156 95/148/156 144/179/157
f 82/149/158 131/180/158 132/184/158
f 109/101/69 158/181/160 159/185/160
f 69/150/161 118/182/161 119/186/161
f 97/105/162 96/104/162 145/183/162
f 84/106/163 83/151/163 132/184/163
f 110/102/164 159/185/190 160/189/165
f 70/103/166 119/186/166 120/190/166
f 97/105/167 146/187/167 147/191/167
f 84/106/168 133/188/168 134/192/168
f 71/108/170 120/190/170 121/194/170
f 98/109/171 147/191/171 148/195/171
f 86/114/172 85/110/172 134/192/172
f 72/112/173 121/194/173 122/197/173
f 100/116/174 99/113/174 148/195/174
f 86/114/175 135/196/175 136/199/175
f 73/115/176 122/197/176 123/200/176
f 101/119/177 100/116/177 149/198/177
f 87/117/178 136/199/178 137/202/178
f 74/118/179 123/200/179 124/152/179
f 101/119/180 150/201/180 151/154/180
f 88/120/181 137/202/181 138/158/181
f 157/177/182 206/251/182 207/203/182
f 117/178/183 166/252/183 167/204/183
f 145/183/184 144/179/184 193/205/184
f 131/180/185 180/253/185 181/207/185
f 159/185/160 158/181/160 207/203/186
f 118/182/187 167/204/187 168/209/187
f 145/183/188 194/206/188 195/210/188
f 133/188/189 132/184/189 181/207/189
f 159/185/190 208/208/191 209/212/191
f 120/190/192 119/186/192 168/209/192
f 146/187/193 195/210/193 196/214/193
f 133/188/194 182/211/194 183/215/194
f 120/190/198 169/213/198 170/217/198
f 147/191/199 196/214/199 197/218/199
f 135/196/200 134/192/200 183/215/200
f 121/194/201 170/217/201 171/220/201
f 148/195/202 197/218/202 198/221/202
f 135/196/203 184/219/203 185/222/203
f 122/197/204 171/220/204 172/223/204
f 150/201/205 149/198/205 198/221/205
f 137/202/206 136/199/206 185/222/206
f 124/152/207 123/200/207 172/223/207
f 150/201/208 199/224/208 200/227/208
f 137/202/209 186/225/209 187/228/209
f 124/152/210 173/226/210 174/229/210
f 152/155/211 151/154/211 200/227/211
f 139/159/213 138/158/213 187/228/213
f 125/153/214 174/229/214 175/234/214
f 152/155/215 201/230/215 202/235/215
f 112/157/216 161/232/247 162/236/217
f 139/159/218 188/233/218 189/237/218
f 126/160/219 175/234/219 176/238/219
f 154/165/220 153/161/220 202/235/220
f 113/162/221 162/236/253 163/240/222
f 141/167/223 140/163/223 189/237/223
f 127/164/224 176/238/224 177/242/224
f 154/165/225 203/239/225 204/243/225
f 114/166/226 163/240/226 164/244/226
f 141/167/227 190/241/227 191/245/227
f 128/168/228 177/242/228 178/246/228
f 156/173/230 155/169/230 204/243/230
f 116/174/231 115/170/231 164/244/231
f 142/171/232 191/245/232 192/249/232
f 130/176/233 129/172/233 178/246/233
f 156/173/234 205/247/234 206/251/234
f 116/174/235 165/248/235 166/252/235
f 144/179/236 143/175/4164 192/249/236
f 130/176/237 179/250/237 180/253/237
f 173/226/238 172/223/238 221/254/238
f 199/224/239 248/303/239 249/256/239
f 186/225/240 235/304/240 236/257/240
f 174/229/241 173/226/241 222/255/241
f 201/230/242 200/227/242 249/256/242
f 187/228/244 236/257/244 237/262/244
f 174/229/245 223/258/245 224/263/245
f 201/230/246 250/259/246 251/264/246
f 161/232/247 210/261/248 211/265/248
f 188/233/249 237/262/249 238/266/249
f 175/234/250 224/263/250 225/267/250
f 203/239/251 202/235/251 251/264/251
f 162/236/253 211/265/254 212/269/254
f 189/237/255 238/266/255 239/270/255
f 176/238/256 225/267/256 226/271/256
f 203/239/257 252/268/257 253/272/257
f 164/244/258 163/240/258 212/269/258
f 190/241/259 239/270/259 240/274/259
f 177/242/260 226/271/260 227/275/260
f 204/243/261 253/272/261 254/276/261
f 165/248/262 164/244/262 213/273/262
f 191/245/263 240/274/4165 241/278/263
f 179/250/264 178/246/264 227/275/264
f 206/251/266 205/247/266 254/276/266
f 166/252/267 165/248/267 214/277/267
f 193/205/268 192/249/268 241/278/268
f 180/253/269 179/250/269 228/279/269
f 207/203/270 206/251/270 255/280/270
f 167/204/271 166/252/271 215/281/271
f 194/206/272 193/205/272 242/282/272
f 180/253/273 229/283/273 230/287/273
f 207/203/186 256/284/301 257/288/274
f 167/204/275 216/285/4166 217/289/275
f 194/206/276 243/286/276 244/290/276
f 182/211/277 181/207/277 230/287/277
f 209/212/191 208/208/191 257/288/278
f 169/213/280 168/209/280 217/289/280
f 195/210/281 244/290/281 245/294/281
f 182/211/282 231/291/282 232/295/282
f 169/213/284 218/293/284 219/297/284
f 196/214/285 245/294/285 246/298/285
f 184/219/286 183/215/286 232/295/286
f 171/220/287 170/217/287 219/297/287
f 197/218/288 246/298/288 247/301/288
f 184/219/289 233/299/289 234/302/289
f 172/223/290 171/220/290 220/300/290
f 198/221/291 247/301/291 248/303/291
f 186/225/292 185/222/292 234/302/292
f 254/276/293 303/353/293 304/305/293
f 214/277/294 263/354/294 264/306/294
f 242/282/295 241/278/295 290/307/295
f 228/279/296 277/355/296 278/309/296
f 255/280/297 304/305/297 305/310/297
f 216/285/298 215/281/4167 264/306/298
f 243/286/299 242/282/299 291/308/299
f 229/283/300 278/309/300 279/313/300
f 256/284/301 305/310/384 306/314/301
f 216/285/302 265/311/302 266/315/302
f 244/290/303 243/286/303 292/312/303
f 231/291/304 230/287/304 279/313/304
f 258/292/279 257/288/278 306/314/305
f 218/293/306 217/289/306 266/315/306
f 244/290/307 293/316/307 294/320/307
f 231/291/308 280/317/4168 281/321/308
f 218/293/310 267/319/310 268/323/310
f 245/294/312 294/320/4169 295/324/312
f 233/299/313 232/295/313 281/321/313
f 220/300/314 219/297/314 268/323/314
f 246/298/315 295/324/315 296/327/315
f 233/299/316 282/325/316 283/328/316
f 220/300/317 269/326/317 270/329/317
f 247/301/318 296/327/318 297/330/318
f 235/304/319 234/302/319 283/328/319
f 222/255/320 221/254/320 270/329/320
f 248/303/321 297/330/321 298/333/321
f 235/304/322 284/331/322 285/334/322
f 223/258/323 222/255/323 271/332/323
f 250/259/325 249/256/4170 298/333/325
f 237/262/327 236/257/327 285/334/327
f 224/263/329 223/258/329 272/335/329
f 250/259/330 299/336/330 300/341/330
f 211/265/248 210/261/248 259/338/331
f 237/262/332 286/339/332 287/343/332
f 224/263/333 273/340/333 274/344/333
f 251/264/334 300/341/334 301/345/334
f 212/269/254 211/265/254 260/342/335
f 239/270/336 238/266/336 287/343/336
f 225/267/337 274/344/337 275/348/337
f 252/268/338 301/345/338 302/349/338
f 212/269/340 261/346/340 262/350/340
f 239/270/341 288/347/341 289/351/341
f 226/271/342 275/348/342 276/352/342
f 254/276/343 253/272/343 302/349/343
f 214/277/344 213/273/344 262/350/344
f 240/274/345 289/351/345 290/307/345
f 228/279/346 227/275/346 276/352/346
f 269/326/347 318/406/347 319/356/347
f 297/330/348 296/327/348 345/357/348
f 284/331/349 283/328/349 332/359/349
f 271/332/350 270/329/350 319/356/350
f 297/330/351 346/358/351 347/362/351
f 284/331/352 333/360/352 334/363/352
f 271/332/353 320/361/353 321/364/353
f 299/336/354 298/333/354 347/362/354
f 286/339/356 285/334/4171 334/363/356
f 273/340/357 272/335/4172 321/364/357
f 299/336/358 348/365/358 349/370/358
f 259/338/331 308/367/359 309/371/359
f 286/339/360 335/368/360 336/372/360
f 273/340/361 322/369/4173 323/373/361
f 301/345/362 300/341/362 349/370/362
f 260/342/335 309/371/451 310/375/363
f 288/347/364 287/343/364 336/372/364
f 275/348/365 274/344/365 323/373/365
f 301/345/366 350/374/366 351/378/366
f 261/346/367 310/375/367 311/379/367
f 288/347/368 337/376/368 338/380/368
f 275/348/369 324/377/369 325/381/369
f 302/349/370 351/378/370 352/382/371
f 262/350/372 311/379/372 312/383/372
f 290/307/373 289/351/373 338/380/373
f 276/352/374 325/381/374 326/385/374
f 303/353/375 352/382/375 353/386/375
f 263/354/376 312/383/376 313/387/377
f 291/308/378 290/307/378 339/384/378
f 278/309/379 277/355/379 326/385/379
f 304/305/380 353/386/380 354/390/380
f 265/311/381 264/306/381 313/387/381
f 291/308/382 340/388/382 341/392/382
f 278/309/383 327/389/383 328/393/383
f 305/310/384 354/390/416 355/394/384
f 265/311/385 314/391/385 315/395/385
f 293/316/386 292/312/386 341/392/386
f 280/317/388 279/313/388 328/393/388
f 306/314/305 355/394/420 356/398/389
f 267/319/390 266/315/390 315/395/390
f 293/316/391 342/396/391 343/400/391
f 280/317/393 329/397/393 330/401/393
f 267/319/396 316/399/396 317/403/396
f 294/320/397 343/400/397 344/404/397
f 282/325/399 281/321/399 330/401/399
f 269/326/400 268/323/400 317/403/400
f 295/324/401 344/404/401 345/357/401
f 282/325/402 331/405/402 332/359/402
f 351/378/403 400/456/403 401/407/403
f 312/383/404 311/379/404 360/408/404
f 339/384/405 338/380/405 387/410/405
f 325/381/406 374/457/406 375/412/406
f 352/382/407 401/407/407 402/413/407
f 313/387/408 312/383/408 361/409/408
f 339/384/409 388/411/409 389/415/409
f 327/389/410 326/385/410 375/412/410
f 353/386/411 402/413/411 403/417/411
f 314/391/412 313/387/413 362/414/413
f 340/388/414 389/415/414 390/419/414
f 327/389/415 376/416/415 377/420/415
f 354/390/416 403/417/502 404/421/416
f 314/391/417 363/418/417 364/422/417
f 341/392/418 390/419/418 391/423/418
f 329/397/419 328/393/419 377/420/419
f 355/394/420 404/421/506 405/425/421
f 316/399/422 315/395/422 364/422/422
f 342/396/423 391/423/423 392/427/423
f 329/397/424 378/424/4174 379/428/424
f 316/399/426 365/426/426 366/430/426
f 344/404/427 343/400/427 392/427/427
f 331/405/428 330/401/428 379/428/428
f 318/406/429 317/403/429 366/430/429
f 344/404/430 393/431/430 394/434/430
f 332/359/431 331/405/431 380/432/431
f 318/406/432 367/433/432 368/436/432
f 346/358/433 345/357/433 394/434/433
f 332/359/434 381/435/434 382/438/434
f 320/361/435 319/356/435 368/436/435
f 346/358/436 395/437/436 396/440/436
f 333/360/437 382/438/437 383/441/437
f 320/361/438 369/439/438 370/442/438
f 348/365/439 347/362/439 396/440/439
f 335/368/443 334/363/443 383/441/443
f 322/369/445 321/364/445 370/442/445
f 348/365/446 397/443/446 398/448/446
f 309/371/359 308/367/359 357/445/447
f 335/368/448 384/446/448 385/450/448
f 322/369/449 371/447/449 372/451/449
f 350/374/450 349/370/450 398/448/450
f 309/371/451 358/449/452 359/453/452
f 337/376/453 336/372/453 385/450/453
f 324/377/454 323/373/454 372/451/454
f 350/374/455 399/452/455 400/456/456
f 310/375/457 359/453/457 360/408/457
f 337/376/458 386/454/458 387/410/458
f 324/377/459 373/455/459 374/457/459
f 367/433/460 366/430/4175 415/458/460
f 393/431/461 442/507/461 443/460/461
f 380/432/462 429/508/462 430/461/462
f 367/433/463 416/459/463 417/462/463
f 395/437/464 394/434/464 443/460/464
f 382/438/465 381/435/465 430/461/465
f 369/439/466 368/436/466 417/462/466
f 395/437/467 444/463/467 445/466/467
f 382/438/469 431/464/469 432/467/469
f 369/439/470 418/465/470 419/468/470
f 397/443/471 396/440/471 445/466/471
f 384/446/473 383/441/473 432/467/473
f 371/447/474 370/442/474 419/468/474
f 397/443/475 446/469/475 447/474/475
f 357/445/447 406/471/561 407/475/476
f 384/446/477 433/472/477 434/476/477
f 371/447/478 420/473/478 421/477/478
f 399/452/479 398/448/479 447/474/479
f 359/453/452 358/449/452 407/475/480
f 386/454/482 385/450/482 434/476/482
f 372/451/483 421/477/4176 422/481/483
f 399/452/484 448/478/484 449/482/484
f 360/408/485 359/453/485 408/479/485
f 386/454/486 435/480/486 436/484/486
f 373/455/487 422/481/4177 423/485/487
f 400/456/488 449/482/488 450/486/488
f 361/409/489 360/408/489 409/483/489
f 388/411/490 387/410/4178 436/484/490
f 374/457/491 423/485/491 424/489/491
f 401/407/493 450/486/493 451/490/493
f 362/414/494 361/409/494 410/487/494
f 389/415/495 388/411/495 437/488/495
f 376/416/497 375/412/497 424/489/497
f 402/413/498 451/490/498 452/494/498
f 363/418/499 362/414/499 411/491/499
f 389/415/500 438/492/500 439/496/500
f 376/416/501 425/493/501 426/497/501
f 403/417/502 452/494/530 453/498/502
f 363/418/503 412/495/503 413/499/503
f 390/419/504 439/496/504 440/500/504
f 378/424/505 377/420/505 426/497/505
f 404/421/506 453/498/534 454/502/506
f 365/426/507 364/422/507 413/499/507
f 391/423/508 440/500/508 441/504/508
f 378/424/509 427/501/509 428/505/509
f 365/426/511 414/503/511 415/458/511
f 393/431/512 392/427/512 441/504/512
f 380/432/513 379/428/513 428/505/513
f 449/482/514 448/478/514 497/509/514
f 408/479/515 457/557/515 458/511/515
f 435/480/516 484/558/516 485/512/516
f 422/481/517 471/559/517 472/513/517
f 449/482/518 498/510/518 499/514/518
f 409/483/519 458/511/519 459/515/519
f 437/488/520 436/484/520 485/512/520
f 423/485/521 472/513/521 473/517/521
f 451/490/522 450/486/522 499/514/522
f 410/487/523 459/515/523 460/519/523
f 438/492/524 437/488/524 486/516/524
f 425/493/525 424/489/525 473/517/525
f 451/490/526 500/518/526 501/522/526
f 411/491/527 460/519/527 461/523/527
f 438/492/528 487/520/528 488/524/528
f 425/493/529 474/521/529 475/525/529
f 452/494/530 501/522/612 502/526/530
f 412/495/531 461/523/531 462/527/531
f 439/496/532 488/524/532 489/528/532
f 427/501/533 426/497/533 475/525/533
f 453/498/534 502/526/4179 503/530/535
f 414/503/536 413/499/536 462/527/536
f 440/500/537 489/528/537 490/532/537
f 427/501/538 476/529/538 477/533/538
f 414/503/542 463/531/542 464/535/542
f 442/507/543 441/504/543 490/532/543
f 429/508/544 428/505/544 477/533/544
f 416/459/545 415/458/545 464/535/545
f 442/507/546 491/536/546 492/539/546
f 429/508/547 478/537/547 479/540/547
f 416/459/548 465/538/4180 466/541/548
f 444/463/549 443/460/549 492/539/549
f 431/464/551 430/461/551 479/540/551
f 418/465/552 417/462/552 466/541/552
f 444/463/553 493/542/553 494/545/553
f 431/464/554 480/543/554 481/546/554
f 418/465/555 467/544/555 468/547/555
f 446/469/556 445/466/556 494/545/556
f 433/472/558 432/467/558 481/546/558
f 420/473/559 419/468/559 468/547/559
f 446/469/560 495/548/560 496/553/560
f 406/471/561 455/550/588 456/554/562
f 433/472/563 482/551/563 483/555/563
f 421/477/564 420/473/564 469/552/564
f 447/474/565 496/553/565 497/509/565
f 408/479/481 407/475/480 456/554/481
f 435/480/567 434/476/567 483/555/567
f 421/477/568 470/556/568 471/559/568
f 463/531/569 512/609/569 513/560/569
f 491/536/570 490/532/570 539/561/570
f 478/537/572 477/533/572 526/563/572
f 465/538/573 464/535/573 513/560/573
f 491/536/574 540/562/574 541/566/574
f 478/537/575 527/564/575 528/567/575
f 465/538/576 514/565/576 515/568/576
f 493/542/577 492/539/577 541/566/577
f 480/543/578 479/540/578 528/567/578
f 467/544/579 466/541/579 515/568/579
f 493/542/580 542/569/580 543/572/580
f 480/543/581 529/570/581 530/573/581
f 467/544/582 516/571/4181 517/574/582
f 495/548/583 494/545/583 543/572/583
f 482/551/585 481/546/585 530/573/585
f 469/552/586 468/547/4182 517/574/586
f 495/548/587 544/575/587 545/580/587
f 455/550/588 504/577/675 505/581/589
f 482/551/590 531/578/590 532/582/590
f 469/552/591 518/579/591 519/583/591
f 496/553/592 545/580/592 546/584/592
f 457/557/566 456/554/481 505/581/593
f 484/558/594 483/555/594 532/582/594
f 471/559/595 470/556/595 519/583/595
f 498/510/596 497/509/596 546/584/596
f 458/511/597 457/557/597 506/585/597
f 484/558/598 533/586/598 534/590/598
f 472/513/599 471/559/599 520/587/599
f 498/510/600 547/588/600 548/592/600
f 459/515/601 458/511/601 507/589/601
f 486/516/602 485/512/602 534/590/602
f 472/513/603 521/591/603 522/595/603
f 500/518/604 499/514/604 548/592/604
f 459/515/605 508/593/605 509/597/605
f 486/516/606 535/594/606 536/598/606
f 474/521/607 473/517/607 522/595/607
f 501/522/608 500/518/608 549/596/608
f 460/519/609 509/597/609 510/601/609
f 487/520/610 536/598/610 537/602/610
f 474/521/611 523/599/611 524/603/611
f 501/522/612 550/600/647 551/604/613
f 462/527/614 461/523/614 510/601/614
f 489/528/615 488/524/615 537/602/615
f 476/529/616 475/525/616 524/603/616
f 503/530/535 502/526/4179 551/604/617
f 463/531/618 462/527/618 511/605/618
f 489/528/619 538/606/619 539/561/619
f 476/529/621 525/607/621 526/563/621
f 545/580/623 594/658/623 595/611/623
f 505/581/593 554/659/708 555/612/624
f 532/582/625 581/660/625 582/613/625
f 519/583/626 568/661/626 569/614/626
f 547/588/627 546/584/627 595/611/627
f 506/585/628 555/612/628 556/616/629
f 534/590/630 533/586/4183 582/613/630
f 520/587/631 569/614/631 570/618/631
f 547/588/632 596/615/632 597/619/632
f 508/593/633 507/589/633 556/616/633
f 535/594/634 534/590/634 583/617/634
f 521/591/636 570/618/4184 571/622/636
f 548/592/637 597/619/637 598/623/637
f 508/593/638 557/620/638 558/624/638
f 535/594/639 584/621/639 585/625/639
f 523/599/640 522/595/640 571/622/641
f 550/600/642 549/596/643 598/623/643
f 509/597/644 558/624/644 559/628/644
f 537/602/645 536/598/645 585/625/645
f 523/599/646 572/626/646 573/630/646
f 550/600/647 599/627/729 600/631/648
f 511/605/649 510/601/649 559/628/649
f 537/602/650 586/629/650 587/633/650
f 525/607/651 524/603/651 573/630/651
f 551/604/617 600/631/734 601/635/652
f 512/609/653 511/605/653 560/632/653
f 538/606/654 587/633/654 588/637/654
f 525/607/655 574/634/655 575/638/655
f 512/609/657 561/636/657 562/640/657
f 540/562/658 539/561/658 588/637/658
f 527/564/659 526/563/659 575/638/659
f 514/565/660 513/560/660 562/640/660
f 540/562/661 589/641/661 590/644/661
f 527/564/662 576/642/662 577/645/662
f 514/565/663 563/643/663 564/646/663
f 542/569/664 541/566/664 590/644/664
f 529/570/665 528/567/665 577/645/665
f 516/571/666 515/568/666 564/646/666
f 542/569/667 591/647/667 592/650/667
f 529/570/668 578/648/668 579/651/668
f 516/571/669 565/649/669 566/652/669
f 544/575/670 543/572/670 592/650/670
f 531/578/672 530/573/672 579/651/672
f 518/579/673 517/574/673 566/652/673
f 544/575/674 593/653/674 594/658/674
f 504/577/675 553/655/703 554/659/675
f 531/578/676 580/656/676 581/660/676
f 518/579/677 567/657/677 568/661/677
f 561/636/678 560/632/678 609/662/678
f 587/633/679 636/711/679 637/664/679
f 574/634/680 623/712/680 624/665/680
f 561/636/682 610/663/682 611/668/682
f 589/641/683 588/637/683 637/664/683
f 576/642/684 575/638/684 624/665/684
f 563/643/685 562/640/4185 611/668/685
f 589/641/686 638/669/686 639/672/686
f 576/642/687 625/670/4186 626/673/687
f 563/643/688 612/671/688 613/674/688
f 590/644/689 639/672/689 640/675/689
f 578/648/691 577/645/691 626/673/691
f 565/649/693 564/646/693 613/674/693
f 591/647/694 640/675/694 641/678/694
f 578/648/696 627/676/696 628/679/696
f 565/649/697 614/677/697 615/680/697
f 593/653/698 592/650/698 641/678/698
f 580/656/700 579/651/700 628/679/700
f 567/657/701 566/652/701 615/680/701
f 593/653/702 642/681/702 643/686/702
f 553/655/703 602/683/704 603/687/704
f 580/656/705 629/684/705 630/688/705
f 568/661/706 567/657/706 616/685/706
f 594/658/707 643/686/707 644/690/707
f 554/659/708 603/687/709 604/691/709
f 581/660/710 630/688/710 631/692/710
f 568/661/711 617/689/711 618/693/711
f 596/615/712 595/611/712 644/690/712
f 555/612/713 604/691/713 605/695/713
f 582/613/714 631/692/714 632/696/714
f 570/618/715 569/614/715 618/693/715
f 597/619/716 596/615/716 645/694/716
f 556/616/717 605/695/717 606/699/717
f 584/621/718 583/617/718 632/696/718
f 570/618/719 619/697/719 620/701/719
f 597/619/720 646/698/720 647/702/721
f 557/620/722 606/699/722 607/703/722
f 584/621/723 633/700/723 634/704/723
f 572/626/724 571/622/724 620/701/724
f 599/627/725 598/623/725 647/702/725
f 558/624/726 607/703/726 608/707/726
f 586/629/727 585/625/727 634/704/727
f 572/626/728 621/705/728 622/709/728
f 599/627/729 648/706/762 649/710/730
f 559/628/731 608/707/731 609/662/731
f 586/629/732 635/708/732 636/711/732
f 574/634/733 573/630/733 622/709/733
f 600/631/734 649/710/767 650/667/735
f 642/681/736 691/761/736 692/713/736
f 603/687/704 602/683/704 651/714/737
f 629/684/738 678/763/738 679/716/738
f 617/689/740 616/685/740 665/717/740
f 643/686/741 692/713/741 693/719/741
f 604/691/709 603/687/709 652/715/742
f 630/688/744 679/716/744 680/721/744
f 617/689/745 666/718/745 667/722/745
f 645/694/746 644/690/746 693/719/746
f 605/695/747 604/691/747 653/720/747
f 632/696/748 631/692/748 680/721/748
f 619/697/749 618/693/749 667/722/749
f 645/694/750 694/723/750 695/727/750
f 605/695/751 654/724/751 655/728/751
f 633/700/752 632/696/752 681/725/752
f 619/697/753 668/726/753 669/730/753
f 646/698/754 695/727/754 696/731/754
f 607/703/755 606/699/755 655/728/755
f 633/700/756 682/729/756 683/733/756
f 620/701/757 669/730/757 670/734/757
f 647/702/758 696/731/758 697/735/758
f 607/703/759 656/732/759 657/736/759
f 635/708/760 634/704/760 683/733/760
f 622/709/761 621/705/761 670/734/761
f 648/706/762 697/735/843 698/739/763
f 609/662/764 608/707/764 657/736/764
f 635/708/765 684/737/765 685/741/765
f 623/712/766 622/709/4187 671/738/766
f 649/710/767 698/739/797 699/743/768
f 610/663/769 609/662/769 658/740/769
f 636/711/770 685/741/770 686/745/770
f 623/712/771 672/742/771 673/746/771
f 610/663/773 659/744/4188 660/748/773
f 638/669/774 637/664/774 686/745/774
f 625/670/775 624/665/775 673/746/775
f 612/671/776 611/668/776 660/748/776
f 638/669/777 687/749/777 688/752/777
f 625/670/779 674/750/779 675/753/779
f 612/671/780 661/751/780 662/754/780
f 639/672/781 688/752/781 689/755/781
f 627/676/782 626/673/782 675/753/782
f 614/677/783 613/674/4189 662/754/783
f 640/675/784 689/755/784 690/758/784
f 627/676/785 676/756/785 677/759/785
f 614/677/786 663/757/786 664/760/786
f 642/681/787 641/678/787 690/758/787
f 629/684/792 628/679/792 677/759/792
f 615/680/793 664/760/793 665/717/793
f 658/740/794 657/736/794 706/764/794
f 684/737/795 733/813/795 734/766/795
f 672/742/796 671/738/796 720/767/796
f 698/739/797 747/814/877 748/769/797
f 659/744/798 658/740/798 707/765/798
f 686/745/799 685/741/799 734/766/799
f 672/742/800 721/768/800 722/772/800
f 659/744/802 708/770/802 709/774/802
f 687/749/803 686/745/803 735/771/803
f 674/750/804 673/746/804 722/772/804
f 661/751/805 660/748/805 709/774/805
f 687/749/806 736/775/806 737/778/806
f 674/750/807 723/776/807 724/779/807
f 661/751/808 710/777/808 711/780/808
f 689/755/809 688/752/809 737/778/809
f 676/756/810 675/753/810 724/779/810
f 663/757/811 662/754/811 711/780/811
f 689/755/812 738/781/812 739/784/812
f 676/756/813 725/782/813 726/785/813
f 663/757/814 712/783/814 713/786/814
f 691/761/815 690/758/815 739/784/815
f 678/763/817 677/759/817 726/785/817
f 664/760/818 713/786/818 714/791/818
f 691/761/819 740/787/819 741/792/819
f 651/714/737 700/789/820 701/793/820
f 678/763/821 727/790/821 728/794/821
f 666/718/822 665/717/822 714/791/822
f 692/713/823 741/792/823 742/796/823
f 652/715/742 701/793/853 702/797/824
f 679/716/825 728/794/825 729/798/825
f 666/718/826 715/795/826 716/799/826
f 694/723/827 693/719/827 742/796/827
f 654/724/828 653/720/828 702/797/828
f 681/725/829 680/721/829 729/798/829
f 668/726/830 667/722/830 716/799/830
f 695/727/831 694/723/831 743/800/831
f 655/728/832 654/724/832 703/801/832
f 682/729/833 681/725/833 730/802/833
f 668/726/834 717/803/834 718/807/834
f 695/727/835 744/804/835 745/808/835
f 655/728/836 704/805/836 705/809/836
f 682/729/837 731/806/837 732/810/837
f 669/730/838 718/807/838 719/811/838
f 696/731/839 745/808/839 746/812/839
f 656/732/840 705/809/840 706/764/840
f 684/737/841 683/733/841 732/810/841
f 671/738/842 670/734/842 719/811/842
f 697/735/843 746/812/873 747/814/843
f 740/787/844 739/784/844 788/815/844
f 727/790/846 726/785/846 775/819/846
f 713/786/847 762/865/847 763/821/847
f 740/787/848 789/816/848 790/822/848
f 701/793/820 700/789/820 749/818/849
f 727/790/850 776/820/850 777/824/850
f 715/795/851 714/791/851 763/821/851
f 741/792/852 790/822/852 791/826/852
f 701/793/853 750/823/854 751/827/854
f 728/794/855 777/824/855 778/828/855
f 715/795/856 764/825/856 765/829/856
f 743/800/857 742/796/857 791/826/857
f 702/797/858 751/827/858 752/831/858
f 730/802/859 729/798/859 778/828/859
f 717/803/860 716/799/860 765/829/860
f 743/800/861 792/830/861 793/834/861
f 703/801/862 752/831/862 753/835/862
f 731/806/863 730/802/863 779/832/863
f 717/803/864 766/833/864 767/837/864
f 744/804/865 793/834/865 794/838/865
f 704/805/866 753/835/866 754/839/866
f 731/806/867 780/836/867 781/840/867
f 718/807/868 767/837/868 768/841/868
f 745/808/869 794/838/869 795/842/869
f 705/809/870 754/839/870 755/843/870
f 733/813/871 732/810/871 781/840/871
f 720/767/872 719/811/872 768/841/872
f 746/812/873 795/842/901 796/846/873
f 707/765/874 706/764/874 755/843/874
f 733/813/875 782/844/875 783/848/875
f 721/768/876 720/767/876 769/845/876
f 747/814/877 796/846/906 797/850/878
f 708/770/879 707/765/879 756/847/879
f 735/771/880 734/766/880 783/848/880
f 721/768/881 770/849/881 771/853/881
f 708/770/885 757/851/885 758/855/885
f 736/775/886 735/771/886 784/852/886
f 723/776/887 722/772/887 771/853/887
f 710/777/888 709/774/888 758/855/888
f 736/775/889 785/856/889 786/859/889
f 723/776/890 772/857/890 773/860/890
f 710/777/891 759/858/891 760/861/891
f 738/781/892 737/778/892 786/859/892
f 724/779/893 773/860/893 774/863/893
f 712/783/894 711/780/894 760/861/894
f 738/781/895 787/862/895 788/815/895
f 725/782/896 774/863/896 775/819/896
f 712/783/897 761/864/897 762/865/897
f 754/839/898 803/915/898 804/866/898
f 782/844/899 781/840/899 830/867/899
f 769/845/900 768/841/900 817/869/900
f 795/842/901 844/916/902 845/871/902
f 756/847/903 755/843/903 804/866/903
f 782/844/904 831/868/904 832/873/904
f 770/849/905 769/845/905 818/870/905
f 796/846/906 845/871/4190 846/875/907
f 757/851/908 756/847/908 805/872/908
f 784/852/909 783/848/909 832/873/909
f 770/849/910 819/874/910 820/878/910
f 757/851/912 806/876/912 807/880/912
f 785/856/913 784/852/913 833/877/913
f 772/857/914 771/853/914 820/878/914
f 759/858/915 758/855/915 807/880/915
f 785/856/917 834/881/917 835/884/917
f 772/857/918 821/882/918 822/885/918
f 759/858/919 808/883/919 809/886/919
f 787/862/920 786/859/920 835/884/920
f 774/863/921 773/860/921 822/885/921
f 761/864/922 760/861/922 809/886/922
f 787/862/923 836/887/4191 837/890/923
f 774/863/924 823/888/924 824/891/924
f 761/864/925 810/889/925 811/892/925
f 789/816/926 788/815/926 837/890/926
f 776/820/928 775/819/928 824/891/928
f 762/865/929 811/892/929 812/897/929
f 789/816/930 838/893/930 839/898/930
f 749/818/849 798/895/970 799/899/931
f 776/820/932 825/896/932 826/900/932
f 764/825/933 763/821/933 812/897/933
f 790/822/934 839/898/934 840/902/934
f 751/827/854 750/823/854 799/899/935
f 777/824/937 826/900/937 827/904/937
f 764/825/938 813/901/938 814/905/938
f 792/830/939 791/826/939 840/902/939
f 752/831/940 751/827/940 800/903/940
f 779/832/941 778/828/941 827/904/941
f 766/833/942 765/829/942 814/905/942
f 792/830/943 841/906/943 842/910/943
f 753/835/944 752/831/944 801/907/944
f 780/836/945 779/832/945 828/908/945
f 766/833/946 815/909/946 816/913/946
f 793/834/947 842/910/947 843/914/947
f 753/835/948 802/911/948 803/915/948
f 780/836/949 829/912/949 830/867/949
f 767/837/950 816/913/950 817/869/950
f 794/838/951 843/914/951 844/916/951
f 834/881/952 833/877/952 882/917/952
f 821/882/953 820/878/953 869/919/953
f 808/883/954 807/880/954 856/921/954
f 834/881/955 883/918/955 884/923/955
f 822/885/956 821/882/956 870/920/956
f 808/883/957 857/922/957 858/925/957
f 836/887/958 835/884/958 884/923/958
f 822/885/959 871/924/959 872/927/959
f 810/889/960 809/886/960 858/925/960
f 836/887/961 885/926/961 886/929/961
f 823/888/962 872/927/962 873/930/962
f 810/889/963 859/928/963 860/931/963
f 838/893/964 837/890/964 886/929/964
f 825/896/966 824/891/966 873/930/966
f 811/892/967 860/931/4192 861/936/967
f 838/893/969 887/932/969 888/937/969
f 798/895/970 847/934/971 848/938/971
f 825/896/972 874/935/972 875/939/972
f 813/901/973 812/897/973 861/936/973
f 839/898/974 888/937/974 889/941/974
f 800/903/936 799/899/935 848/938/975
f 826/900/977 875/939/977 876/943/977
f 813/901/978 862/940/978 863/944/978
f 841/906/979 840/902/979 889/941/979
f 800/903/980 849/942/980 850/946/980
f 828/908/981 827/904/981 876/943/981
f 815/909/982 814/905/982 863/944/982
f 841/906/983 890/945/983 891/949/983
f 801/907/985 850/946/985 851/950/985
f 829/912/986 828/908/986 877/947/986
f 815/909/987 864/948/987 865/952/987
f 842/910/988 891/949/988 892/953/988
f 802/911/989 851/950/989 852/954/990
f 829/912/991 878/951/991 879/955/991
f 816/913/992 865/952/992 866/956/992
f 844/916/993 843/914/993 892/953/993
f 803/915/994 852/954/994 853/958/994
f 831/868/995 830/867/995 879/955/995
f 818/870/996 817/869/996 866/956/996
f 845/871/902 844/916/902 893/957/997
f 805/872/998 804/866/998 853/958/998
f 831/868/999 880/959/999 881/963/999
f 819/874/1000 818/870/1000 867/960/1000
f 846/875/907 845/871/4190 894/961/1001
f 806/876/1002 805/872/1002 854/962/1002
f 833/877/1003 832/873/4193 881/963/1003
f 819/874/1005 868/964/1005 869/919/1005
f 806/876/1007 855/966/1007 856/921/1007
f 849/942/976 848/938/975 897/968/1008
f 875/939/1009 924/1017/1009 925/970/1009
f 862/940/1010 911/1018/1010 912/971/1010
f 890/945/1011 889/941/1011 938/972/1011
f 850/946/1012 849/942/1012 898/969/1012
f 877/947/1013 876/943/1013 925/970/1013
f 864/948/1014 863/944/1014 912/971/1014
f 890/945/1015 939/973/1015 940/977/1015
f 851/950/1016 850/946/1017 899/974/1017
f 878/951/1018 877/947/1018 926/975/1018
f 864/948/1019 913/976/1019 914/980/1019
f 891/949/1020 940/977/1020 941/981/1021
f 851/950/1022 900/978/1022 901/982/1022
f 878/951/1023 927/979/1023 928/983/1023
f 865/952/1024 914/980/1024 915/984/1024
f 892/953/1025 941/981/1025 942/985/1025
f 852/954/1026 901/982/1026 902/986/1026
f 880/959/1027 879/955/1027 928/983/1027
f 867/960/1028 866/956/1028 915/984/1028
f 893/957/997 942/985/1029 943/989/1029
f 854/962/1030 853/958/1030 902/986/1030
f 880/959/1031 929/987/1031 930/991/1031
f 868/964/1032 867/960/1032 916/988/1032
f 894/961/1001 943/989/1117 944/993/1033
f 855/966/1034 854/962/1034 903/990/1034
f 882/917/1035 881/963/1035 930/991/1035
f 868/964/1036 917/992/1036 918/996/1036
f 855/966/1038 904/994/1038 905/998/1038
f 883/918/1039 882/917/1039 931/995/1039
f 870/920/1040 869/919/1040 918/996/1041
f 857/922/1042 856/921/4194 905/998/1042
f 883/918/1043 932/999/1043 933/1002/1043
f 870/920/1044 919/1000/1044 920/1003/1044
f 857/922/1045 906/1001/1045 907/1004/1045
f 885/926/1046 884/923/1046 933/1002/1046
f 871/924/1047 920/1003/1047 921/1006/1047
f 859/928/1048 858/925/1048 907/1004/1048
f 885/926/1049 934/1005/1049 935/1008/1049
f 872/927/1051 921/1006/1052 922/1009/1052
f 859/928/1053 908/1007/1053 909/1010/1053
f 887/932/1054 886/929/1054 935/1008/1054
f 874/935/1056 873/930/1056 922/1009/1056
f 860/931/1057 909/1010/1057 910/1015/1057
f 887/932/1058 936/1011/1058 937/1016/1058
f 848/938/971 847/934/971 896/1013/1059
f 874/935/1060 923/1014/1060 924/1017/1060
f 862/940/1061 861/936/1061 910/1015/1061
f 888/937/1062 937/1016/1062 938/972/1062
f 931/995/1063 930/991/4195 979/1019/1063
f 917/992/1064 966/1068/1064 967/1021/1064
f 904/994/1066 953/1069/1066 954/1024/1066
f 932/999/1067 931/995/1067 980/1020/1067
f 919/1000/1068 918/996/1068 967/1021/1068
f 906/1001/1069 905/998/1069 954/1024/1069
f 932/999/1070 981/1025/1070 982/1028/1070
f 919/1000/1071 968/1026/1071 969/1029/1071
f 906/1001/1072 955/1027/1072 956/1030/1072
f 934/1005/1073 933/1002/1073 982/1028/1073
f 920/1003/1074 969/1029/1074 970/1032/1074
f 908/1007/1075 907/1004/1075 956/1030/1075
f 934/1005/1076 983/1031/1076 984/1034/1076
f 921/1006/1077 970/1032/1077 971/1035/1077
f 908/1007/1078 957/1033/1078 958/1036/1078
f 936/1011/1079 935/1008/1079 984/1034/1079
f 923/1014/1083 922/1009/1083 971/1035/1083
f 909/1010/1084 958/1036/1084 959/1041/1084
f 936/1011/1086 985/1037/1086 986/1042/1086
f 896/1013/1059 945/1039/1120 946/1043/1087
f 923/1014/1088 972/1040/1088 973/1044/1088
f 911/1018/1089 910/1015/1089 959/1041/1089
f 937/1016/1090 986/1042/1090 987/1046/1090
f 897/968/1008 946/1043/1124 947/1047/1091
f 924/1017/1092 973/1044/1092 974/1048/1092
f 911/1018/1093 960/1045/1093 961/1049/1093
f 939/973/1094 938/972/1094 987/1046/1094
f 898/969/1095 947/1047/1095 948/1051/1095
f 926/975/1096 925/970/1096 974/1048/1096
f 913/976/1097 912/971/1097 961/1049/1097
f 939/973/1098 988/1050/1098 989/1054/1098
f 900/978/1099 899/974/1099 948/1051/1099
f 927/979/1100 926/975/1100 975/1052/1101
f 913/976/1102 962/1053/1103 963/1057/1103
f 940/977/1104 989/1054/1104 990/1058/1104
f 901/982/1105 900/978/1105 949/1055/1105
f 927/979/1106 976/1056/1106 977/1060/1106
f 914/980/1107 963/1057/1107 964/1061/1107
f 942/985/1108 941/981/1108 990/1058/1108
f 901/982/1109 950/1059/1109 951/1063/1109
f 929/987/1110 928/983/1110 977/1060/1110
f 916/988/1111 915/984/1111 964/1061/1111
f 943/989/1029 942/985/1029 991/1062/1112
f 903/990/1114 902/986/1114 951/1063/1114
f 929/987/1115 978/1064/1115 979/1019/1115
f 917/992/1116 916/988/1116 965/1065/1116
f 943/989/1117 992/1066/4196 993/1023/1118
f 904/994/1119 903/990/1119 952/1067/1119
f 945/1039/1120 994/1118/1203 995/1070/1120
f 972/1040/1121 1021/1119/1121 1022/1071/1121
f 960/1045/1122 959/1041/1122 1008/1072/1122
f 986/1042/1123 1035/1120/1123 1036/1074/1123
f 946/1043/1124 995/1070/1207 996/1075/1125
f 973/1044/1126 1022/1071/1126 1023/1076/1126
f 960/1045/1127 1009/1073/1128 1010/1077/1128
f 988/1050/1129 987/1046/1129 1036/1074/1129
f 947/1047/1130 996/1075/1130 997/1079/1130
f 975/1052/1131 974/1048/1131 1023/1076/1131
f 962/1053/1132 961/1049/1132 1010/1077/1132
f 988/1050/1133 1037/1078/1133 1038/1082/1133
f 948/1051/1135 997/1079/1135 998/1083/1135
f 976/1056/1136 975/1052/1136 1024/1080/1136
f 962/1053/1137 1011/1081/1137 1012/1085/1137
f 989/1054/1138 1038/1082/1138 1039/1086/1138
f 949/1055/1139 998/1083/1139 999/1087/1139
f 976/1056/1140 1025/1084/1140 1026/1088/1140
f 963/1057/1141 1012/1085/1141 1013/1089/1141
f 990/1058/1142 1039/1086/1142 1040/1090/1142
f 950/1059/1143 999/1087/1143 1000/1091/1143
f 978/1064/1144 977/1060/1144 1026/1088/1145
f 965/1065/1146 964/1061/1146 1013/1089/1146
f 992/1066/1113 991/1062/1112 1040/1090/1147
f 952/1067/1148 951/1063/1148 1000/1091/1148
f 978/1064/1149 1027/1092/1149 1028/1096/1149
f 966/1068/1150 965/1065/1150 1014/1093/1150
f 993/1023/1118 992/1066/4196 1041/1094/1151
f 953/1069/1152 952/1067/1152 1001/1095/1152
f 980/1020/1153 979/1019/1153 1028/1096/1153
f 966/1068/1154 1015/1097/1154 1016/1101/1154
f 953/1069/1156 1002/1099/1156 1003/1103/1156
f 981/1025/1157 980/1020/1157 1029/1100/1157
f 968/1026/1159 967/1021/1159 1016/1101/1159
f 955/1027/1160 954/1024/1160 1003/1103/1160
f 981/1025/1161 1030/1104/1161 1031/1107/1161
f 968/1026/1162 1017/1105/1162 1018/1108/1162
f 955/1027/1163 1004/1106/1163 1005/1109/1163
f 983/1031/1164 982/1028/1164 1031/1107/1164
f 969/1029/1165 1018/1108/1165 1019/1111/1165
f 957/1033/1166 956/1030/1166 1005/1109/1166
f 983/1031/1167 1032/1110/1167 1033/1113/1167
f 970/1032/1168 1019/1111/1168 1020/1114/1168
f 957/1033/1169 1006/1112/4197 1007/1115/1169
f 985/1037/1170 984/1034/1170 1033/1113/1170
f 972/1040/1172 971/1035/1172 1020/1114/1172
f 958/1036/1173 1007/1115/1173 1008/1072/1173
f 985/1037/1174 1034/1116/1174 1035/1120/1174
f 1027/1092/1175 1076/1170/1175 1077/1121/1175
f 1015/1097/1176 1014/1093/1176 1063/1122/1176
f 1041/1094/1151 1090/1171/1177 1091/1124/1177
f 1002/1099/1178 1001/1095/1178 1050/1125/1178
f 1029/1100/1179 1028/1096/1179 1077/1121/1179
f 1015/1097/1180 1064/1123/1180 1065/1128/1180
f 1002/1099/1184 1051/1126/1184 1052/1130/1184
f 1030/1104/1185 1029/1100/1185 1078/1127/1185
f 1017/1105/1186 1016/1101/1186 1065/1128/1186
f 1004/1106/1187 1003/1103/1187 1052/1130/1187
f 1030/1104/1188 1079/1131/1188 1080/1134/1188
f 1017/1105/1189 1066/1132/1189 1067/1135/1189
f 1004/1106/1190 1053/1133/4198 1054/1136/1190
f 1032/1110/1191 1031/1107/1191 1080/1134/1191
f 1018/1108/1193 1067/1135/1193 1068/1138/1193
f 1006/1112/1194 1005/1109/1194 1054/1136/1194
f 1032/1110/1195 1081/1137/1195 1082/1140/1195
f 1019/1111/1196 1068/1138/1196 1069/1141/1196
f 1006/1112/1197 1055/1139/1197 1056/1142/1197
f 1034/1116/1198 1033/1113/1198 1082/1140/1198
f 1021/1119/1200 1020/1114/1200 1069/1141/1200
f 1007/1115/1201 1056/1142/1201 1057/1147/1201
f 1034/1116/1202 1083/1143/1202 1084/1148/1202
f 994/1118/1203 1043/1145/1239 1044/1149/1203
f 1021/1119/1204 1070/1146/1204 1071/1150/1204
f 1009/1073/1205 1008/1072/1205 1057/1147/1205
f 1035/1120/1206 1084/1148/1206 1085/1152/1206
f 995/1070/1207 1044/1149/1208 1045/1153/1208
f 1022/1071/1209 1071/1150/4199 1072/1154/1209
f 1009/1073/1210 1058/1151/1211 1059/1155/1211
f 1037/1078/1212 1036/1074/1212 1085/1152/1212
f 996/1075/1213 1045/1153/1213 1046/1157/1213
f 1024/1080/1214 1023/1076/1214 1072/1154/1214
f 1011/1081/1215 1010/1077/1215 1059/1155/1215
f 1037/1078/1216 1086/1156/1216 1087/1160/1216
f 997/1079/1217 1046/1157/1217 1047/1161/1217
f 1025/1084/1218 1024/1080/1218 1073/1158/1219
f 1011/1081/1220 1060/1159/1221 1061/1163/1221
f 1038/1082/1222 1087/1160/1222 1088/1164/1222
f 999/1087/1223 998/1083/1223 1047/1161/1223
f 1025/1084/1224 1074/1162/1224 1075/1166/1224
f 1012/1085/1226 1061/1163/1226 1062/1167/1226
f 1039/1086/1227 1088/1164/1227 1089/1168/1227
f 999/1087/1228 1048/1165/1228 1049/1169/1228
f 1027/1092/1229 1026/1088/1229 1075/1166/1230
f 1014/1093/1231 1013/1089/1231 1062/1167/1231
f 1040/1090/1147 1089/1168/1263 1090/1171/1233
f 1001/1095/1234 1000/1091/1234 1049/1169/1234
f 1070/1146/1236 1069/1141/1236 1118/1174/1236
f 1056/1142/1237 1105/1221/1237 1106/1176/1237
f 1083/1143/1238 1132/1222/1238 1133/1177/1238
f 1043/1145/1239 1092/1173/1318 1093/1178/1240
f 1070/1146/1241 1119/1175/4200 1120/1179/1241
f 1058/1151/1242 1057/1147/1242 1106/1176/1242
f 1084/1148/1243 1133/1177/1243 1134/1181/1243
f 1045/1153/1208 1044/1149/1208 1093/1178/1244
f 1071/1150/1245 1120/1179/1245 1121/1183/1245
f 1058/1151/1246 1107/1180/1246 1108/1184/1246
f 1086/1156/1247 1085/1152/1247 1134/1181/1247
f 1046/1157/1248 1045/1153/1248 1094/1182/1248
f 1073/1158/1249 1072/1154/1249 1121/1183/1249
f 1060/1159/1250 1059/1155/1250 1108/1184/1250
f 1086/1156/1251 1135/1185/1251 1136/1189/1251
f 1047/1161/1252 1046/1157/1252 1095/1186/1252
f 1074/1162/1253 1073/1158/1253 1122/1187/1253
f 1060/1159/1254 1109/1188/1254 1110/1192/1254
f 1087/1160/1255 1136/1189/1255 1137/1193/1255
f 1047/1161/1256 1096/1190/1256 1097/1194/1256
f 1074/1162/1257 1123/1191/1257 1124/1195/1257
f 1061/1163/1258 1110/1192/1258 1111/1196/1258
f 1088/1164/1259 1137/1193/1259 1138/1197/1259
f 1048/1165/1260 1097/1194/1260 1098/1198/1260
f 1075/1166/1261 1124/1195/1261 1125/1199/1261
f 1063/1122/1262 1062/1167/1262 1111/1196/1262
f 1089/1168/1263 1138/1197/1290 1139/1201/1263
f 1050/1125/1264 1049/1169/1264 1098/1198/1264
f 1076/1170/1265 1125/1199/1265 1126/1203/1265
f 1064/1123/1266 1063/1122/1266 1112/1200/1266
f 1091/1124/1177 1090/1171/1177 1139/1201/1268
f 1051/1126/1269 1050/1125/1269 1099/1202/1269
f 1078/1127/1270 1077/1121/1270 1126/1203/1270
f 1064/1123/1271 1113/1204/1271 1114/1208/1271
f 1051/1126/1273 1100/1206/1273 1101/1210/1273
f 1079/1131/1274 1078/1127/1274 1127/1207/1274
f 1066/1132/1275 1065/1128/1275 1114/1208/1275
f 1053/1133/1276 1052/1130/1276 1101/1210/1276
f 1079/1131/1277 1128/1211/1277 1129/1214/1277
f 1067/1135/1278 1066/1132/1278 1115/1212/1278
f 1053/1133/1279 1102/1213/4201 1103/1216/1279
f 1081/1137/1280 1080/1134/1280 1129/1214/1280
f 1067/1135/1282 1116/1215/1282 1117/1218/1282
f 1055/1139/1283 1054/1136/1283 1103/1216/1283
f 1081/1137/1284 1130/1217/1284 1131/1220/1284
f 1068/1138/1285 1117/1218/1285 1118/1174/1285
f 1055/1139/1286 1104/1219/1286 1105/1221/1286
f 1083/1143/1287 1082/1140/1287 1131/1220/1287
f 1125/1199/1288 1124/1195/1288 1173/1223/1288
f 1112/1200/1289 1111/1196/1289 1160/1225/1289
f 1138/1197/1290 1187/1273/1375 1188/1227/1290
f 1099/1202/1291 1098/1198/1291 1147/1228/1291
f 1125/1199/1292 1174/1224/1292 1175/1230/1292
f 1113/1204/1294 1112/1200/1294 1161/1226/1294
f 1139/1201/1268 1188/1227/1380 1189/1232/1295
f 1100/1206/1296 1099/1202/1296 1148/1229/1296
f 1127/1207/1297 1126/1203/1297 1175/1230/1297
f 1113/1204/1298 1162/1231/1298 1163/1235/1298
f 1100/1206/1300 1149/1233/1300 1150/1237/1300
f 1128/1211/1301 1127/1207/1301 1176/1234/1301
f 1115/1212/1302 1114/1208/1302 1163/1235/1302
f 1102/1213/1303 1101/1210/1303 1150/1237/1303
f 1128/1211/1304 1177/1238/1304 1178/1241/1304
f 1116/1215/1305 1115/1212/1305 1164/1239/1305
f 1102/1213/1306 1151/1240/1306 1152/1243/1306
f 1130/1217/1307 1129/1214/1307 1178/1241/1307
f 1116/1215/1308 1165/1242/1308 1166/1245/1308
f 1104/1219/1309 1103/1216/1309 1152/1243/1309
f 1130/1217/1310 1179/1244/1310 1180/1247/1310
f 1117/1218/1311 1166/1245/1311 1167/1248/1311
f 1104/1219/1312 1153/1246/1312 1154/1249/1312
f 1132/1222/1313 1131/1220/1313 1180/1247/1313
f 1119/1175/1315 1118/1174/1315 1167/1248/1315
f 1105/1221/1316 1154/1249/1316 1155/1254/1316
f 1132/1222/1317 1181/1250/1317 1182/1255/1317
f 1092/1173/1318 1141/1252/1351 1142/1256/1318
f 1119/1175/1319 1168/1253/1319 1169/1257/1319
f 1107/1180/1320 1106/1176/4202 1155/1254/1320
f 1133/1177/1321 1182/1255/1321 1183/1259/1321
f 1093/1178/1244 1142/1256/1355 1143/1260/1322
f 1120/1179/1323 1169/1257/1323 1170/1261/1323
f 1107/1180/1324 1156/1258/1324 1157/1262/1324
f 1135/1185/1325 1134/1181/4203 1183/1259/1325
f 1095/1186/1326 1094/1182/1326 1143/1260/1326
f 1122/1187/1327 1121/1183/1327 1170/1261/1327
f 1109/1188/1328 1108/1184/4204 1157/1262/1328
f 1135/1185/1329 1184/1263/1329 1185/1267/1329
f 1096/1190/1330 1095/1186/1331 1144/1264/1331
f 1123/1191/1332 1122/1187/1332 1171/1265/1332
f 1109/1188/1333 1158/1266/1333 1159/1270/1333
f 1136/1189/1334 1185/1267/1334 1186/1271/1335
f 1097/1194/1336 1096/1190/1336 1145/1268/1336
f 1123/1191/1337 1172/1269/1337 1173/1223/1337
f 1110/1192/1339 1159/1270/1339 1160/1225/1339
f 1137/1193/1340 1186/1271/1340 1187/1273/1340
f 1097/1194/1341 1146/1272/1341 1147/1228/1341
f 1166/1245/1343 1215/1323/1343 1216/1274/1343
f 1153/1246/1344 1202/1324/1344 1203/1275/1344
f 1181/1250/1346 1180/1247/1346 1229/1276/1346
f 1168/1253/1348 1167/1248/1348 1216/1274/1348
f 1154/1249/1349 1203/1275/1349 1204/1281/1349
f 1181/1250/1350 1230/1277/1350 1231/1282/1350
f 1141/1252/1351 1190/1279/1437 1191/1283/1351
f 1168/1253/1352 1217/1280/1352 1218/1284/1352
f 1156/1258/1353 1155/1254/1353 1204/1281/1353
f 1182/1255/1354 1231/1282/1354 1232/1286/1354
f 1142/1256/1355 1191/1283/1441 1192/1287/1356
f 1169/1257/1357 1218/1284/1357 1219/1288/1357
f 1156/1258/1358 1205/1285/1358 1206/1289/1358
f 1184/1263/1359 1183/1259/1359 1232/1286/1359
f 1143/1260/1360 1192/1287/1360 1193/1291/1360
f 1171/1265/1361 1170/1261/1361 1219/1288/1361
f 1158/1266/1362 1157/1262/1362 1206/1289/1362
f 1184/1263/1363 1233/1290/1363 1234/1294/1363
f 1145/1268/1364 1144/1264/1364 1193/1291/1364
f 1172/1269/1365 1171/1265/1365 1220/1292/1365
f 1158/1266/1366 1207/1293/1366 1208/1297/1366
f 1185/1267/1367 1234/1294/1367 1235/1298/1367
f 1146/1272/1368 1145/1268/1368 1194/1295/1368
f 1172/1269/1369 1221/1296/1369 1222/1300/1369
f 1159/1270/1370 1208/1297/1370 1209/1301/1370
f 1186/1271/1371 1235/1298/1371 1236/1302/1371
f 1146/1272/1372 1195/1299/1372 1196/1303/1372
f 1174/1224/1373 1173/1223/1373 1222/1300/1373
f 1161/1226/1374 1160/1225/1374 1209/1301/1374
f 1187/1273/1375 1236/1302/1405 1237/1306/1376
f 1147/1228/1377 1196/1303/1377 1197/1307/1377
f 1174/1224/1378 1223/1304/1378 1224/1308/1378
f 1162/1231/1379 1161/1226/1379 1210/1305/1379
f 1188/1227/1380 1237/1306/1381 1238/1310/1381
f 1149/1233/1382 1148/1229/1382 1197/1307/1382
f 1176/1234/1383 1175/1230/1383 1224/1308/1383
f 1162/1231/1384 1211/1309/1384 1212/1313/1384
f 1149/1233/1386 1198/1311/1386 1199/1315/1386
f 1177/1238/1387 1176/1234/4205 1225/1312/1387
f 1164/1239/1388 1163/1235/1388 1212/1313/1388
f 1151/1240/1389 1150/1237/1389 1199/1315/1389
f 1177/1238/1390 1226/1316/1390 1227/1319/1390
f 1165/1242/1392 1164/1239/1392 1213/1317/1392
f 1151/1240/1394 1200/1318/1394 1201/1321/1394
f 1179/1244/1395 1178/1241/1395 1227/1319/1395
f 1165/1242/1396 1214/1320/4206 1215/1323/1396
f 1153/1246/1397 1152/1243/4207 1201/1321/1397
f 1179/1244/1398 1228/1322/1398 1229/1276/1398
f 1221/1296/1399 1270/1372/1399 1271/1325/1399
f 1208/1297/1400 1257/1373/1400 1258/1326/1400
f 1235/1298/1401 1284/1374/1401 1285/1327/1401
f 1195/1299/1402 1244/1375/1402 1245/1328/1402
f 1223/1304/1403 1222/1300/1403 1271/1325/1403
f 1210/1305/1404 1209/1301/1404 1258/1326/1404
f 1236/1302/1405 1285/1327/1494 1286/1331/1406
f 1197/1307/1407 1196/1303/1407 1245/1328/1407
f 1223/1304/1408 1272/1329/1408 1273/1333/1408
f 1211/1309/1410 1210/1305/1410 1259/1330/1410
f 1238/1310/1381 1237/1306/1381 1286/1331/1411
f 1198/1311/1412 1197/1307/1412 1246/1332/1412
f 1225/1312/1413 1224/1308/1413 1273/1333/1413
f 1211/1309/1414 1260/1334/1414 1261/1338/1414
f 1198/1311/1416 1247/1336/1416 1248/1340/1416
f 1226/1316/1417 1225/1312/1417 1274/1337/1417
f 1213/1317/1418 1212/1313/1418 1261/1338/1418
f 1200/1318/1419 1199/1315/1419 1248/1340/1419
f 1226/1316/1420 1275/1341/1420 1276/1344/1420
f 1214/1320/1421 1213/1317/4208 1262/1342/1421
f 1200/1318/1422 1249/1343/1422 1250/1346/1422
f 1228/1322/1423 1227/1319/1423 1276/1344/1423
f 1214/1320/1424 1263/1345/1424 1264/1348/1424
f 1202/1324/1426 1201/1321/1426 1250/1346/1426
f 1228/1322/1427 1277/1347/1427 1278/1350/1427
f 1215/1323/1428 1264/1348/1428 1265/1351/1428
f 1202/1324/1429 1251/1349/1429 1252/1352/1429
f 1230/1277/1430 1229/1276/1430 1278/1350/1430
f 1217/1280/1434 1216/1274/1434 1265/1351/1434
f 1203/1275/1435 1252/1352/1435 1253/1357/1435
f 1230/1277/1436 1279/1353/1436 1280/1358/1436
f 1190/1279/1437 1239/1355/1469 1240/1359/1437
f 1217/1280/1438 1266/1356/1438 1267/1360/1438
f 1205/1285/1439 1204/1281/4209 1253/1357/1439
f 1231/1282/1440 1280/1358/1440 1281/1362/1440
f 1191/1283/1441 1240/1359/1474 1241/1363/1442
f 1218/1284/1443 1267/1360/1443 1268/1364/1443
f 1205/1285/1444 1254/1361/1444 1255/1365/1444
f 1233/1290/1445 1232/1286/1445 1281/1362/1445
f 1192/1287/1446 1241/1363/1446 1242/1367/1446
f 1220/1292/1447 1219/1288/1447 1268/1364/1447
f 1207/1293/1448 1206/1289/1448 1255/1365/1448
f 1233/1290/1449 1282/1366/1449 1283/1370/1450
f 1194/1295/1451 1193/1291/1451 1242/1367/1451
f 1221/1296/1452 1220/1292/1452 1269/1368/1452
f 1207/1293/1453 1256/1369/1453 1257/1373/1453
f 1234/1294/1454 1283/1370/1454 1284/1374/1454
f 1194/1295/1455 1243/1371/1455 1244/1375/1456
f 1263/1345/1457 1312/1425/1457 1313/1376/1457
f 1251/1349/1458 1250/1346/1458 1299/1377/1458
f 1277/1347/1459 1326/1426/1459 1327/1379/1459
f 1264/1348/1460 1313/1376/1460 1314/1380/1460
f 1251/1349/1461 1300/1378/1461 1301/1381/1461
f 1279/1353/1463 1278/1350/1463 1327/1379/1463
f 1266/1356/1465 1265/1351/1465 1314/1380/1466
f 1252/1352/1467 1301/1381/4210 1302/1386/1467
f 1279/1353/1468 1328/1382/1468 1329/1387/1468
f 1239/1355/1469 1288/1384/1470 1289/1388/1470
f 1266/1356/1471 1315/1385/1471 1316/1389/1471
f 1254/1361/1472 1253/1357/1472 1302/1386/1472
f 1280/1358/1473 1329/1387/1473 1330/1391/1473
f 1240/1359/1474 1289/1388/1475 1290/1392/1475
f 1267/1360/1476 1316/1389/1476 1317/1393/1476
f 1254/1361/1477 1303/1390/1477 1304/1394/1477
f 1282/1366/1478 1281/1362/1478 1330/1391/1478
f 1242/1367/1479 1241/1363/1479 1290/1392/1479
f 1269/1368/1480 1268/1364/1480 1317/1393/1480
f 1256/1369/1481 1255/1365/1481 1304/1394/1481
f 1283/1370/1482 1282/1366/1482 1331/1395/1482
f 1243/1371/1483 1242/1367/1483 1291/1396/1483
f 1270/1372/1484 1269/1368/1484 1318/1397/1484
f 1256/1369/1485 1305/1398/1485 1306/1402/1485
f 1283/1370/1486 1332/1399/1486 1333/1403/1486
f 1243/1371/1487 1292/1400/1487 1293/1404/1487
f 1270/1372/1488 1319/1401/1488 1320/1405/1488
f 1257/1373/1489 1306/1402/1489 1307/1406/1489
f 1284/1374/1490 1333/1403/1490 1334/1407/1490
f 1244/1375/1491 1293/1404/1491 1294/1408/1491
f 1272/1329/1492 1271/1325/1492 1320/1405/1492
f 1259/1330/1493 1258/1326/1493 1307/1406/1493
f 1285/1327/1494 1334/1407/1495 1335/1411/1495
f 1246/1332/1496 1245/1328/1496 1294/1408/1496
f 1272/1329/1497 1321/1409/1497 1322/1413/1497
f 1260/1334/1498 1259/1330/1498 1308/1410/1498
f 1286/1331/1411 1335/1411/1530 1336/1415/1499
f 1247/1336/1500 1246/1332/1500 1295/1412/1500
f 1274/1337/1501 1273/1333/1501 1322/1413/1501
f 1260/1334/1503 1309/1414/1504 1310/1418/1504
f 1247/1336/1506 1296/1416/1506 1297/1420/1506
f 1275/1341/1507 1274/1337/4211 1323/1417/1507
f 1262/1342/1508 1261/1338/1508 1310/1418/1508
f 1249/1343/1509 1248/1340/1509 1297/1420/1509
f 1275/1341/1510 1324/1421/1510 1325/1424/1510
f 1263/1345/1511 1262/1342/1511 1311/1422/1511
f 1249/1343/1512 1298/1423/1512 1299/1377/1512
f 1277/1347/1513 1276/1344/1513 1325/1424/1513
f 1319/1401/1514 1318/1397/1514 1367/1427/1514
f 1305/1398/1515 1354/1475/1515 1355/1429/1515
f 1332/1399/1516 1381/1476/1516 1382/1430/1516
f 1292/1400/1517 1341/1477/1517 1342/1431/1517
f 1319/1401/1518 1368/1428/1518 1369/1432/1518
f 1306/1402/1519 1355/1429/1519 1356/1433/1519
f 1333/1403/1520 1382/1430/1520 1383/1434/1521
f 1293/1404/1522 1342/1431/1522 1343/1435/1522
f 1320/1405/1523 1369/1432/1523 1370/1436/1523
f 1307/1406/1524 1356/1433/1524 1357/1437/1524
f 1335/1411/1495 1334/1407/1495 1383/1434/1525
f 1295/1412/1527 1294/1408/1527 1343/1435/1527
f 1321/1409/1528 1370/1436/1528 1371/1440/1528
f 1309/1414/1529 1308/1410/1529 1357/1437/1529
f 1335/1411/1530 1384/1438/1531 1385/1442/1531
f 1296/1416/1532 1295/1412/1532 1344/1439/1532
f 1323/1417/1533 1322/1413/1533 1371/1440/1533
f 1309/1414/1534 1358/1441/1534 1359/1445/1534
f 1296/1416/1538 1345/1443/1538 1346/1447/1538
f 1324/1421/1539 1323/1417/1539 1372/1444/1539
f 1311/1422/1540 1310/1418/1540 1359/1445/1541
f 1298/1423/1542 1297/1420/1542 1346/1447/1542
f 1324/1421/1543 1373/1448/1543 1374/1451/1543
f 1312/1425/1544 1311/1422/1544 1360/1449/1544
f 1298/1423/1545 1347/1450/1545 1348/1453/1545
f 1326/1426/1546 1325/1424/1546 1374/1451/1546
f 1312/1425/1547 1361/1452/1547 1362/1455/1547
f 1300/1378/1548 1299/1377/1548 1348/1453/1548
f 1326/1426/1549 1375/1454/1549 1376/1457/1549
f 1313/1376/1550 1362/1455/1551 1363/1458/1551
f 1300/1378/1552 1349/1456/1552 1350/1459/1552
f 1328/1382/1553 1327/1379/1553 1376/1457/1553
f 1315/1385/1555 1314/1380/1555 1363/1458/1555
f 1301/1381/1556 1350/1459/4212 1351/1464/1556
f 1328/1382/1557 1377/1460/1557 1378/1465/1557
f 1289/1388/1470 1288/1384/1470 1337/1462/1558
f 1315/1385/1559 1364/1463/1559 1365/1467/1559
f 1303/1390/1560 1302/1386/1560 1351/1464/1560
f 1329/1387/1561 1378/1465/1561 1379/1469/1561
f 1290/1392/1475 1289/1388/1475 1338/1466/1562
f 1317/1393/1563 1316/1389/1563 1365/1467/1563
f 1303/1390/1564 1352/1468/1564 1353/1472/1564
f 1331/1395/1565 1330/1391/1565 1379/1469/1565
f 1291/1396/1566 1290/1392/1567 1339/1470/1567
f 1317/1393/1568 1366/1471/1568 1367/1427/1568
f 1304/1394/1569 1353/1472/1569 1354/1475/1569
f 1332/1399/1570 1331/1395/1570 1380/1473/1570
f 1292/1400/1571 1291/1396/1571 1340/1474/1571
f 1361/1452/1572 1360/1449/1572 1409/1478/1572
f 1347/1450/1573 1396/1528/1573 1397/1480/1573
f 1375/1454/1575 1374/1451/4213 1423/1481/1575
f 1361/1452/1576 1410/1479/1576 1411/1483/1576
f 1349/1456/1577 1348/1453/1577 1397/1480/1577
f 1375/1454/1578 1424/1482/1578 1425/1485/1578
f 1362/1455/1579 1411/1483/1579 1412/1486/1579
f 1349/1456/1580 1398/1484/1580 1399/1487/1580
f 1377/1460/1581 1376/1457/1581 1425/1485/1581
f 1364/1463/1583 1363/1458/4214 1412/1486/1583
f 1350/1459/1584 1399/1487/1584 1400/1492/1584
f 1377/1460/1585 1426/1488/1585 1427/1493/1586
f 1337/1462/1558 1386/1490/1671 1387/1494/1587
f 1364/1463/1588 1413/1491/1588 1414/1495/1588
f 1352/1468/1589 1351/1464/1589 1400/1492/1589
f 1378/1465/1590 1427/1493/1590 1428/1497/1590
f 1338/1466/1562 1387/1494/1676 1388/1498/1591
f 1366/1471/1592 1365/1467/1592 1414/1495/1592
f 1352/1468/1593 1401/1496/1593 1402/1500/1593
f 1380/1473/1594 1379/1469/1594 1428/1497/1594
f 1339/1470/1595 1388/1498/1595 1389/1502/1595
f 1366/1471/1596 1415/1499/1596 1416/1503/1596
f 1354/1475/1597 1353/1472/1597 1402/1500/1597
f 1380/1473/1598 1429/1501/1598 1430/1505/1598
f 1341/1477/1599 1340/1474/1599 1389/1502/1599
f 1368/1428/1600 1367/1427/1600 1416/1503/1600
f 1354/1475/1601 1403/1504/1601 1404/1508/1601
f 1381/1476/1602 1430/1505/1602 1431/1509/1602
f 1342/1431/1603 1341/1477/1603 1390/1506/1603
f 1368/1428/1604 1417/1507/1604 1418/1511/1604
f 1355/1429/1605 1404/1508/1605 1405/1512/1605
f 1383/1434/1606 1382/1430/1606 1431/1509/1606
f 1342/1431/1607 1391/1510/1607 1392/1514/1607
f 1370/1436/1608 1369/1432/1608 1418/1511/1608
f 1356/1433/1609 1405/1512/1609 1406/1516/1609
f 1384/1438/1526 1383/1434/1525 1432/1513/1610
f 1344/1439/1611 1343/1435/1611 1392/1514/1611
f 1370/1436/1612 1419/1515/1612 1420/1519/1612
f 1358/1441/1613 1357/1437/1613 1406/1516/1613
f 1385/1442/1531 1384/1438/1531 1433/1517/1614
f 1345/1443/1615 1344/1439/1616 1393/1518/1616
f 1372/1444/1617 1371/1440/1617 1420/1519/1617
f 1358/1441/1618 1407/1520/1618 1408/1524/1618
f 1345/1443/1621 1394/1522/1621 1395/1526/1621
f 1373/1448/1622 1372/1444/1622 1421/1523/1622
f 1360/1449/1623 1359/1445/1623 1408/1524/1623
f 1347/1450/1624 1346/1447/1624 1395/1526/1624
f 1373/1448/1625 1422/1527/1625 1423/1481/1625
f 1415/1499/1626 1464/1578/1626 1465/1529/1626
f 1403/1504/1627 1402/1500/1627 1451/1530/1627
f 1429/1501/1628 1478/1579/1628 1479/1532/1628
f 1390/1506/1629 1389/1502/1629 1438/1533/1629
f 1417/1507/1630 1416/1503/1630 1465/1529/1630
f 1403/1504/1631 1452/1531/1631 1453/1536/1631
f 1430/1505/1632 1479/1532/1632 1480/1537/1632
f 1391/1510/1633 1390/1506/1633 1439/1534/1633
f 1417/1507/1634 1466/1535/1634 1467/1539/1634
f 1405/1512/1635 1404/1508/1635 1453/1536/1635
f 1432/1513/1636 1431/1509/1636 1480/1537/1636
f 1391/1510/1637 1440/1538/1637 1441/1542/1637
f 1418/1511/1638 1467/1539/1638 1468/1543/1638
f 1405/1512/1640 1454/1540/1640 1455/1544/1640
f 1432/1513/1610 1481/1541/1721 1482/1545/1641
f 1393/1518/1642 1392/1514/1642 1441/1542/1642
f 1419/1515/1643 1468/1543/1643 1469/1547/1643
f 1407/1520/1644 1406/1516/1644 1455/1544/1644
f 1433/1517/1614 1482/1545/1726 1483/1549/1645
f 1394/1522/1646 1393/1518/1646 1442/1546/1646
f 1420/1519/1647 1469/1547/1647 1470/1551/1647
f 1407/1520/1648 1456/1548/4215 1457/1552/1648
f 1394/1522/1650 1443/1550/1650 1444/1554/1650
f 1422/1527/1651 1421/1523/1651 1470/1551/1651
f 1409/1478/1653 1408/1524/1653 1457/1552/1653
f 1396/1528/1654 1395/1526/1654 1444/1554/1654
f 1422/1527/1656 1471/1555/1656 1472/1558/1656
f 1410/1479/1657 1409/1478/1657 1458/1556/1657
f 1396/1528/1658 1445/1557/1658 1446/1560/1658
f 1424/1482/1659 1423/1481/1659 1472/1558/1659
f 1410/1479/1660 1459/1559/1660 1460/1562/1660
f 1398/1484/1661 1397/1480/1661 1446/1560/1661
f 1424/1482/1662 1473/1561/4216 1474/1564/1662
f 1411/1483/1663 1460/1562/1663 1461/1565/1663
f 1398/1484/1664 1447/1563/4217 1448/1566/1664
f 1426/1488/1665 1425/1485/1665 1474/1564/1665
f 1413/1491/1667 1412/1486/1667 1461/1565/1667
f 1399/1487/1669 1448/1566/1669 1449/1571/1669
f 1426/1488/1670 1475/1567/1670 1476/1572/1670
f 1386/1490/1671 1435/1569/1672 1436/1573/1672
f 1413/1491/1673 1462/1570/1673 1463/1574/1673
f 1401/1496/1674 1400/1492/1674 1449/1571/1674
f 1427/1493/1675 1476/1572/1675 1477/1576/1675
f 1387/1494/1676 1436/1573/1702 1437/1577/1676
f 1415/1499/1677 1414/1495/1677 1463/1574/1677
f 1401/1496/1678 1450/1575/1679 1451/1530/1679
f 1429/1501/1680 1428/1497/1680 1477/1576/1680
f 1388/1498/1681 1437/1577/1681 1438/1533/1681
f 1458/1556/1682 1457/1552/1682 1506/1580/1682
f 1445/1557/1683 1444/1554/1683 1493/1582/1683
f 1471/1555/1684 1520/1630/1684 1521/1584/1684
f 1459/1559/1685 1458/1556/1685 1507/1581/1685
f 1445/1557/1686 1494/1583/1686 1495/1586/1686
f 1473/1561/1687 1472/1558/1687 1521/1584/1687
f 1459/1559/1688 1508/1585/1688 1509/1588/1688
f 1447/1563/1689 1446/1560/1689 1495/1586/1689
f 1473/1561/1690 1522/1587/1690 1523/1590/1690
f 1460/1562/1691 1509/1588/1691 1510/1591/1691
f 1447/1563/1692 1496/1589/4218 1497/1592/1692
f 1475/1567/1693 1474/1564/1693 1523/1590/1693
f 1462/1570/1695 1461/1565/1695 1510/1591/1695
f 1448/1566/1696 1497/1592/1696 1498/1597/1696
f 1475/1567/1697 1524/1593/1697 1525/1598/1697
f 1436/1573/1672 1435/1569/1672 1484/1595/1698
f 1462/1570/1699 1511/1596/1699 1512/1600/1699
f 1450/1575/1700 1449/1571/1700 1498/1597/1700
f 1476/1572/1701 1525/1598/1701 1526/1602/1701
f 1436/1573/1702 1485/1599/1789 1486/1603/1702
f 1464/1578/1703 1463/1574/1703 1512/1600/1703
f 1451/1530/1704 1450/1575/1704 1499/1601/1704
f 1478/1579/1705 1477/1576/1705 1526/1602/1705
f 1438/1533/1706 1437/1577/1706 1486/1603/1706
f 1464/1578/1707 1513/1604/1707 1514/1608/1707
f 1452/1531/1708 1451/1530/1708 1500/1605/1708
f 1478/1579/1709 1527/1606/1709 1528/1610/1709
f 1439/1534/1710 1438/1533/1710 1487/1607/1710
f 1466/1535/1711 1465/1529/1711 1514/1608/1711
f 1452/1531/1712 1501/1609/1712 1502/1613/1712
f 1479/1532/1713 1528/1610/1713 1529/1614/1713
f 1440/1538/1714 1439/1534/1714 1488/1611/1714
f 1466/1535/1715 1515/1612/1715 1516/1616/1715
f 1454/1540/1716 1453/1536/1716 1502/1613/1716
f 1480/1537/1717 1529/1614/1717 1530/1618/1717
f 1440/1538/1718 1489/1615/1718 1490/1619/1718
f 1467/1539/1719 1516/1616/1719 1517/1620/1719
f 1454/1540/1720 1503/1617/1720 1504/1621/1720
f 1481/1541/1721 1530/1618/1722 1531/1622/1722
f 1442/1546/1723 1441/1542/1723 1490/1619/1723
f 1468/1543/1724 1517/1620/1724 1518/1624/1724
f 1456/1548/1725 1455/1544/1725 1504/1621/1725
f 1482/1545/1726 1531/1622/1727 1532/1626/1727
f 1443/1550/1728 1442/1546/1728 1491/1623/1728
f 1470/1551/1729 1469/1547/1729 1518/1624/1729
f 1456/1548/1730 1505/1625/1730 1506/1580/1730
f 1443/1550/1732 1492/1627/1732 1493/1582/1732
f 1471/1555/1733 1470/1551/1733 1519/1628/1733
f 1513/1604/1735 1512/1600/1735 1561/1631/1735
f 1500/1605/1736 1499/1601/1736 1548/1633/1736
f 1527/1606/1737 1526/1602/1737 1575/1635/1737
f 1486/1603/1738 1535/1681/1738 1536/1637/1738
f 1513/1604/1739 1562/1632/1739 1563/1638/1739
f 1501/1609/1740 1500/1605/1740 1549/1634/1740
f 1527/1606/1741 1576/1636/1741 1577/1640/1741
f 1488/1611/1742 1487/1607/1742 1536/1637/1742
f 1515/1612/1743 1514/1608/1743 1563/1638/1743
f 1501/1609/1744 1550/1639/1744 1551/1643/1744
f 1528/1610/1745 1577/1640/1745 1578/1644/1745
f 1489/1615/1746 1488/1611/1746 1537/1641/1746
f 1515/1612/1747 1564/1642/1747 1565/1646/1747
f 1503/1617/1748 1502/1613/1748 1551/1643/1748
f 1530/1618/1749 1529/1614/1749 1578/1644/1749
f 1489/1615/1750 1538/1645/1750 1539/1649/1750
f 1516/1616/1751 1565/1646/1751 1566/1650/1751
f 1503/1617/1752 1552/1647/1752 1553/1651/1752
f 1531/1622/1722 1530/1618/1722 1579/1648/1753
f 1491/1623/1755 1490/1619/1755 1539/1649/1755
f 1517/1620/1756 1566/1650/1756 1567/1654/1756
f 1505/1625/1757 1504/1621/1757 1553/1651/1757
f 1532/1626/1727 1531/1622/1727 1580/1652/1758
f 1492/1627/1760 1491/1623/1760 1540/1653/1760
f 1519/1628/1761 1518/1624/1761 1567/1654/1761
f 1505/1625/1762 1554/1655/1762 1555/1659/1762
f 1492/1627/1764 1541/1657/1764 1542/1661/1764
f 1520/1630/1765 1519/1628/1765 1568/1658/1765
f 1507/1581/1766 1506/1580/1766 1555/1659/1766
f 1494/1583/1767 1493/1582/1767 1542/1661/1767
f 1520/1630/1769 1569/1662/1769 1570/1665/1769
f 1508/1585/1770 1507/1581/1770 1556/1663/1770
f 1494/1583/1771 1543/1664/1771 1544/1667/1771
f 1522/1587/1772 1521/1584/1772 1570/1665/1772
f 1508/1585/1773 1557/1666/1773 1558/1669/1773
f 1496/1589/1774 1495/1586/1774 1544/1667/1774
f 1522/1587/1775 1571/1668/4219 1572/1671/1775
f 1509/1588/1776 1558/1669/1776 1559/1672/1776
f 1496/1589/1777 1545/1670/1777 1546/1673/1777
f 1524/1593/1778 1523/1590/1778 1572/1671/1778
f 1511/1596/1782 1510/1591/1782 1559/1672/1782
f 1497/1592/1783 1546/1673/1783 1547/1678/1783
f 1524/1593/1784 1573/1674/1784 1574/1679/1784
f 1484/1595/1698 1533/1676/1812 1534/1680/1785
f 1511/1596/1786 1560/1677/1786 1561/1631/1786
f 1499/1601/1787 1498/1597/1787 1547/1678/1787
f 1525/1598/1788 1574/1679/1788 1575/1635/1788
f 1485/1599/1789 1534/1680/1817 1535/1681/1789
f 1554/1655/1790 1603/1731/1790 1604/1682/1790
f 1541/1657/1792 1590/1732/1792 1591/1685/1792
f 1569/1662/1793 1568/1658/1793 1617/1686/1793
f 1556/1663/1794 1555/1659/1794 1604/1682/1794
f 1543/1664/1795 1542/1661/1795 1591/1685/1795
f 1569/1662/1796 1618/1687/1796 1619/1690/1796
f 1557/1666/1798 1556/1663/1798 1605/1688/1798
f 1543/1664/1799 1592/1689/1799 1593/1692/1799
f 1571/1668/1800 1570/1665/1800 1619/1690/1800
f 1557/1666/1801 1606/1691/1801 1607/1694/1801
f 1545/1670/1802 1544/1667/4220 1593/1692/1802
f 1571/1668/1803 1620/1693/1803 1621/1696/1803
f 1558/1669/1804 1607/1694/1804 1608/1697/1804
f 1545/1670/1805 1594/1695/1805 1595/1698/1805
f 1573/1674/1806 1572/1671/1806 1621/1696/1806
f 1560/1677/1808 1559/1672/1808 1608/1697/1808
f 1546/1673/1809 1595/1698/1809 1596/1703/1809
f 1573/1674/1810 1622/1699/1810 1623/1704/1810
f 1533/1676/1812 1582/1701/1880 1583/1705/1813
f 1560/1677/1814 1609/1702/1814 1610/1706/1814
f 1548/1633/1815 1547/1678/1815 1596/1703/1815
f 1574/1679/1816 1623/1704/1816 1624/1708/1816
f 1534/1680/1817 1583/1705/1884 1584/1709/1818
f 1562/1632/1819 1561/1631/1819 1610/1706/1819
f 1549/1634/1821 1548/1633/1821 1597/1707/1821
f 1576/1636/1822 1575/1635/1822 1624/1708/1822
f 1535/1681/1823 1584/1709/1823 1585/1713/1823
f 1562/1632/1824 1611/1710/1824 1612/1714/1824
f 1550/1639/1826 1549/1634/1826 1598/1711/1826
f 1576/1636/1827 1625/1712/1827 1626/1716/1827
f 1537/1641/1828 1536/1637/1828 1585/1713/1828
f 1564/1642/1829 1563/1638/1829 1612/1714/1829
f 1550/1639/1830 1599/1715/1830 1600/1719/1830
f 1577/1640/1831 1626/1716/1831 1627/1720/1831
f 1538/1645/1832 1537/1641/1832 1586/1717/1832
f 1564/1642/1833 1613/1718/1833 1614/1722/1833
f 1552/1647/1834 1551/1643/4221 1600/1719/1834
f 1579/1648/1835 1578/1644/1835 1627/1720/1835
f 1538/1645/1836 1587/1721/1836 1588/1725/1836
f 1565/1646/1837 1614/1722/1837 1615/1726/1837
f 1552/1647/1838 1601/1723/4222 1602/1727/1838
f 1580/1652/1754 1579/1648/1753 1628/1724/1839
f 1540/1653/1840 1539/1649/1840 1588/1725/1840
f 1566/1650/1841 1615/1726/1841 1616/1730/1841
f 1554/1655/1842 1553/1651/1842 1602/1727/1842
f 1581/1656/1759 1580/1652/1758 1629/1728/1843
f 1541/1657/1844 1540/1653/4223 1589/1729/1844
f 1568/1658/1845 1567/1654/1845 1616/1730/1845
f 1587/1721/1846 1636/1780/1846 1637/1733/1846
f 1614/1722/1847 1663/1781/1847 1664/1734/1847
f 1601/1723/1849 1650/1782/1849 1651/1735/1849
f 1628/1724/1839 1677/1783/1850 1678/1736/1850
f 1589/1729/1851 1588/1725/1851 1637/1733/1851
f 1615/1726/1852 1664/1734/1852 1665/1738/1852
f 1603/1731/1853 1602/1727/1853 1651/1735/1853
f 1629/1728/1843 1678/1736/1941 1679/1740/1854
f 1590/1732/1855 1589/1729/1855 1638/1737/1855
f 1617/1686/1856 1616/1730/1856 1665/1738/1856
f 1603/1731/1857 1652/1739/1857 1653/1743/1857
f 1590/1732/1861 1639/1741/1861 1640/1745/1861
f 1618/1687/1862 1617/1686/1862 1666/1742/1862
f 1605/1688/1863 1604/1682/1863 1653/1743/1863
f 1592/1689/1864 1591/1685/1864 1640/1745/1864
f 1618/1687/1865 1667/1746/4224 1668/1749/1865
f 1606/1691/1866 1605/1688/1866 1654/1747/1866
f 1592/1689/1867 1641/1748/1867 1642/1751/1867
f 1620/1693/1868 1619/1690/1868 1668/1749/1868
f 1606/1691/1869 1655/1750/1869 1656/1753/1869
f 1594/1695/1870 1593/1692/1870 1642/1751/1870
f 1620/1693/1872 1669/1752/1872 1670/1755/1872
f 1607/1694/1873 1656/1753/1873 1657/1756/1873
f 1594/1695/1874 1643/1754/1874 1644/1757/1874
f 1622/1699/1875 1621/1696/1875 1670/1755/1875
f 1609/1702/1877 1608/1697/1877 1657/1756/1877
f 1595/1698/1878 1644/1757/1878 1645/1762/1878
f 1622/1699/1879 1671/1758/1879 1672/1763/1879
f 1582/1701/1880 1631/1760/1910 1632/1764/1880
f 1609/1702/1881 1658/1761/1881 1659/1765/1881
f 1597/1707/1882 1596/1703/1882 1645/1762/1882
f 1623/1704/1883 1672/1763/1883 1673/1767/1883
f 1583/1705/1884 1632/1764/1914 1633/1768/1885
f 1611/1710/1886 1610/1706/1886 1659/1765/1886
f 1598/1711/1887 1597/1707/4225 1646/1766/1887
f 1625/1712/1888 1624/1708/1888 1673/1767/1888
f 1584/1709/1889 1633/1768/1889 1634/1772/1889
f 1611/1710/1890 1660/1769/1890 1661/1773/1890
f 1599/1715/1891 1598/1711/1891 1647/1770/1891
f 1625/1712/1892 1674/1771/1892 1675/1775/1892
f 1586/1717/1893 1585/1713/1893 1634/1772/1893
f 1613/1718/1894 1612/1714/1894 1661/1773/1894
f 1599/1715/1895 1648/1774/1895 1649/1778/1895
f 1626/1716/1896 1675/1775/1896 1676/1779/1896
f 1587/1721/1897 1586/1717/1897 1635/1776/1897
f 1613/1718/1898 1662/1777/1898 1663/1781/1898
f 1601/1723/1899 1600/1719/1899 1649/1778/1899
f 1627/1720/1900 1676/1779/1900 1677/1783/1900
f 1669/1752/1901 1718/1832/1901 1719/1784/1901
f 1656/1753/1902 1705/1833/1902 1706/1785/1902
f 1643/1754/1903 1692/1834/1903 1693/1786/1903
f 1671/1758/1904 1670/1755/1904 1719/1784/1904
f 1658/1761/1906 1657/1756/1906 1706/1785/1906
f 1644/1757/1907 1693/1786/1907 1694/1791/1907
f 1671/1758/1908 1720/1787/1908 1721/1792/1909
f 1631/1760/1910 1680/1789/1998 1681/1793/1910
f 1658/1761/1911 1707/1790/1911 1708/1794/1911
f 1646/1766/1912 1645/1762/1912 1694/1791/1912
f 1672/1763/1913 1721/1792/1913 1722/1796/1913
f 1632/1764/1914 1681/1793/2004 1682/1797/1914
f 1660/1769/1915 1659/1765/1915 1708/1794/1915
f 1647/1770/1917 1646/1766/1917 1695/1795/1917
f 1674/1771/1918 1673/1767/1919 1722/1796/1919
f 1633/1768/1920 1682/1797/1920 1683/1801/1920
f 1660/1769/1921 1709/1798/1921 1710/1802/1921
f 1648/1774/1922 1647/1770/1922 1696/1799/1922
f 1674/1771/1923 1723/1800/1923 1724/1804/1923
f 1635/1776/1924 1634/1772/1924 1683/1801/1924
f 1662/1777/1925 1661/1773/1925 1710/1802/1925
f 1648/1774/1926 1697/1803/1926 1698/1807/1926
f 1675/1775/1927 1724/1804/1927 1725/1808/1927
f 1636/1780/1928 1635/1776/1928 1684/1805/1928
f 1662/1777/1929 1711/1806/1929 1712/1810/1929
f 1650/1782/1930 1649/1778/1930 1698/1807/1930
f 1676/1779/1931 1725/1808/1931 1726/1812/1931
f 1636/1780/1932 1685/1809/1932 1686/1813/1933
f 1663/1781/1934 1712/1810/1934 1713/1814/1934
f 1650/1782/1935 1699/1811/4226 1700/1815/1935
f 1678/1736/1850 1677/1783/1850 1726/1812/1936
f 1638/1737/1938 1637/1733/1938 1686/1813/1938
f 1664/1734/1939 1713/1814/1939 1714/1818/1939
f 1652/1739/1940 1651/1735/1940 1700/1815/1940
f 1678/1736/1941 1727/1816/1971 1728/1820/1941
f 1639/1741/1942 1638/1737/1943 1687/1817/1943
f 1666/1742/1944 1665/1738/1944 1714/1818/1944
f 1652/1739/1945 1701/1819/1945 1702/1823/1945
f 1639/1741/1947 1688/1821/1947 1689/1825/1947
f 1667/1746/1948 1666/1742/1948 1715/1822/1948
f 1654/1747/1949 1653/1743/1949 1702/1823/1949
f 1641/1748/1950 1640/1745/1950 1689/1825/1950
f 1667/1746/1951 1716/1826/1951 1717/1829/1951
f 1655/1750/1952 1654/1747/1952 1703/1827/1952
f 1641/1748/1953 1690/1828/1953 1691/1831/1953
f 1669/1752/1955 1668/1749/4227 1717/1829/1955
f 1655/1750/1956 1704/1830/1956 1705/1833/1956
f 1643/1754/1957 1642/1751/1957 1691/1831/1957
f 1685/1809/1958 1684/1805/1958 1733/1835/1958
f 1711/1806/1960 1760/1884/1960 1761/1837/1960
f 1699/1811/1961 1698/1807/1961 1747/1838/1961
f 1725/1808/1962 1774/1885/1962 1775/1840/1962
f 1685/1809/1963 1734/1836/1963 1735/1841/1963
f 1712/1810/1964 1761/1837/4228 1762/1842/1964
f 1699/1811/1965 1748/1839/1965 1749/1843/1965
f 1727/1816/1937 1726/1812/1936 1775/1840/1967
f 1687/1817/1968 1686/1813/1968 1735/1841/1968
f 1713/1814/1969 1762/1842/4229 1763/1846/1969
f 1701/1819/1970 1700/1815/1970 1749/1843/1970
f 1727/1816/1971 1776/1844/1972 1777/1848/1972
f 1688/1821/1973 1687/1817/1974 1736/1845/1974
f 1715/1822/1975 1714/1818/1975 1763/1846/1975
f 1701/1819/1976 1750/1847/1976 1751/1851/1976
f 1688/1821/1978 1737/1849/1978 1738/1853/1978
f 1716/1826/1979 1715/1822/1979 1764/1850/1979
f 1703/1827/1980 1702/1823/1980 1751/1851/1980
f 1690/1828/1981 1689/1825/1981 1738/1853/1981
f 1716/1826/1982 1765/1854/1982 1766/1857/1982
f 1704/1830/1983 1703/1827/4230 1752/1855/1983
f 1690/1828/1984 1739/1856/1984 1740/1859/1984
f 1718/1832/1985 1717/1829/1985 1766/1857/1985
f 1704/1830/1986 1753/1858/1986 1754/1861/1986
f 1692/1834/1988 1691/1831/1988 1740/1859/1988
f 1718/1832/1989 1767/1860/1989 1768/1863/1989
f 1705/1833/1990 1754/1861/1990 1755/1864/1990
f 1692/1834/1991 1741/1862/1991 1742/1865/1991
f 1720/1787/1992 1719/1784/1992 1768/1863/1992
f 1707/1790/1994 1706/1785/1994 1755/1864/1994
f 1693/1786/1995 1742/1865/1995 1743/1870/1995
f 1720/1787/1996 1769/1866/1996 1770/1871/1997
f 1680/1789/1998 1729/1868/2029 1730/1872/1999
f 1707/1790/2000 1756/1869/2000 1757/1873/2000
f 1695/1795/2001 1694/1791/2001 1743/1870/2001
f 1721/1792/2003 1770/1871/2003 1771/1875/2003
f 1681/1793/2004 1730/1872/2005 1731/1876/2005
f 1709/1798/2006 1708/1794/4231 1757/1873/2006
f 1696/1799/2007 1695/1795/2007 1744/1874/2007
f 1723/1800/2009 1722/1796/2009 1771/1875/2009
f 1682/1797/2010 1731/1876/2010 1732/1880/2010
f 1709/1798/2011 1758/1877/2011 1759/1881/2011
f 1697/1803/2012 1696/1799/2012 1745/1878/2012
f 1723/1800/2013 1772/1879/4232 1773/1883/2013
f 1684/1805/2014 1683/1801/2014 1732/1880/2014
f 1711/1806/2015 1710/1802/2015 1759/1881/2015
f 1697/1803/2016 1746/1882/2016 1747/1838/2016
f 1724/1804/2017 1773/1883/2017 1774/1885/2017
f 1767/1860/2018 1766/1857/2018 1815/1886/2018
f 1753/1858/2019 1802/1936/2019 1803/1888/2019
f 1741/1862/2020 1740/1859/2020 1789/1889/2020
f 1767/1860/2021 1816/1887/2021 1817/1891/2021
f 1754/1861/2022 1803/1888/2022 1804/1892/2022
f 1741/1862/2023 1790/1890/2023 1791/1893/2023
f 1769/1866/2024 1768/1863/2024 1817/1891/2024
f 1756/1869/2026 1755/1864/2026 1804/1892/2026
f 1742/1865/2027 1791/1893/2027 1792/1898/2027
f 1769/1866/2028 1818/1894/2028 1819/1899/2028
f 1729/1868/2029 1778/1896/2112 1779/1900/2029
f 1756/1869/2030 1805/1897/2031 1806/1901/2031
f 1743/1870/2032 1792/1898/2032 1793/1902/2032
f 1770/1871/2033 1819/1899/2033 1820/1903/2033
f 1731/1876/2005 1730/1872/2005 1779/1900/2034
f 1758/1877/2035 1757/1873/2035 1806/1901/2035
f 1745/1878/2036 1744/1874/2036 1793/1902/2036
f 1772/1879/2037 1771/1875/2037 1820/1903/2037
f 1731/1876/2038 1780/1904/2038 1781/1908/2038
f 1758/1877/2039 1807/1905/2039 1808/1909/2039
f 1746/1882/2040 1745/1878/2040 1794/1906/2040
f 1772/1879/2041 1821/1907/2041 1822/1911/2041
f 1733/1835/2042 1732/1880/2042 1781/1908/2042
f 1760/1884/2043 1759/1881/2043 1808/1909/2043
f 1746/1882/2044 1795/1910/2044 1796/1914/2044
f 1773/1883/2045 1822/1911/2045 1823/1915/2045
f 1734/1836/2046 1733/1835/2046 1782/1912/2046
f 1760/1884/2047 1809/1913/2047 1810/1917/2047
f 1748/1839/2048 1747/1838/2048 1796/1914/2048
f 1774/1885/2049 1823/1915/2049 1824/1919/2050
f 1734/1836/2051 1783/1916/2051 1784/1920/2051
f 1761/1837/2052 1810/1917/2052 1811/1921/2052
f 1748/1839/2053 1797/1918/2053 1798/1922/2053
f 1775/1840/1967 1824/1919/2054 1825/1923/2054
f 1736/1845/2055 1735/1841/2055 1784/1920/2055
f 1762/1842/2056 1811/1921/2056 1812/1925/2056
f 1750/1847/2057 1749/1843/2057 1798/1922/2058
f 1777/1848/1972 1776/1844/1972 1825/1923/2059
f 1737/1849/2060 1736/1845/2060 1785/1924/2060
f 1764/1850/2061 1763/1846/2061 1812/1925/2061
f 1750/1847/2062 1799/1926/2062 1800/1930/2062
f 1737/1849/2064 1786/1928/2064 1787/1932/2064
f 1765/1854/2065 1764/1850/2065 1813/1929/2065
f 1752/1855/2066 1751/1851/2066 1800/1930/2066
f 1739/1856/2067 1738/1853/2067 1787/1932/2067
f 1765/1854/2068 1814/1933/2068 1815/1886/2068
f 1753/1858/2069 1752/1855/2069 1801/1934/2069
f 1739/1856/2070 1788/1935/2070 1789/1889/2070
f 1782/1912/2071 1781/1908/2071 1830/1937/2071
f 1809/1913/2072 1808/1909/2072 1857/1939/2072
f 1795/1910/2073 1844/1986/2073 1845/1941/2073
f 1822/1911/2074 1871/1987/2074 1872/1942/2074
f 1783/1916/2075 1782/1912/2075 1831/1938/2075
f 1809/1913/2076 1858/1940/2076 1859/1944/2076
f 1797/1918/2077 1796/1914/2077 1845/1941/2077
f 1824/1919/2078 1823/1915/2078 1872/1942/2078
f 1783/1916/2079 1832/1943/2079 1833/1947/2079
f 1810/1917/2080 1859/1944/2080 1860/1948/2080
f 1797/1918/2081 1846/1945/2081 1847/1949/2081
f 1825/1923/2054 1824/1919/2054 1873/1946/2082
f 1785/1924/2084 1784/1920/2084 1833/1947/2084
f 1811/1921/2085 1860/1948/2085 1861/1952/2085
f 1799/1926/2086 1798/1922/2086 1847/1949/2086
f 1825/1923/2059 1874/1950/2168 1875/1954/2087
f 1786/1928/2088 1785/1924/2088 1834/1951/2088
f 1813/1929/2089 1812/1925/2089 1861/1952/2089
f 1799/1926/2090 1848/1953/2090 1849/1957/2090
f 1786/1928/2092 1835/1955/2092 1836/1959/2092
f 1814/1933/2093 1813/1929/2093 1862/1956/2093
f 1801/1934/2094 1800/1930/2094 1849/1957/2094
f 1788/1935/2095 1787/1932/2095 1836/1959/2095
f 1814/1933/2096 1863/1960/2096 1864/1963/2096
f 1802/1936/2097 1801/1934/2097 1850/1961/2097
f 1788/1935/2098 1837/1962/2098 1838/1965/2098
f 1816/1887/2099 1815/1886/2099 1864/1963/2099
f 1802/1936/2100 1851/1964/2100 1852/1967/2100
f 1790/1890/2101 1789/1889/2101 1838/1965/2101
f 1816/1887/2102 1865/1966/2102 1866/1969/2102
f 1803/1888/2103 1852/1967/2103 1853/1970/2103
f 1790/1890/2104 1839/1968/2104 1840/1971/2104
f 1818/1894/2105 1817/1891/2105 1866/1969/2105
f 1805/1897/2109 1804/1892/2109 1853/1970/2109
f 1791/1893/2110 1840/1971/2110 1841/1976/2110
f 1818/1894/2111 1867/1972/2111 1868/1977/2111
f 1778/1896/2112 1827/1974/2113 1828/1978/2113
f 1805/1897/2114 1854/1975/2114 1855/1979/2114
f 1792/1898/2115 1841/1976/2115 1842/1980/2115
f 1819/1899/2116 1868/1977/2116 1869/1981/2116
f 1779/1900/2034 1828/1978/4233 1829/1982/2117
f 1807/1905/2118 1806/1901/2118 1855/1979/2118
f 1794/1906/2119 1793/1902/4234 1842/1980/2119
f 1821/1907/2120 1820/1903/2120 1869/1981/2120
f 1780/1904/2121 1829/1982/2121 1830/1937/2121
f 1807/1905/2122 1856/1983/2122 1857/1939/2122
f 1795/1910/2123 1794/1906/2123 1843/1984/2123
f 1821/1907/2124 1870/1985/2124 1871/1987/2124
f 1863/1960/2125 1912/2037/2125 1913/1988/2125
f 1851/1964/2126 1850/1961/2126 1899/1989/2126
f 1837/1962/2127 1886/2038/2127 1887/1991/2127
f 1865/1966/2128 1864/1963/2128 1913/1988/2128
f 1851/1964/2129 1900/1990/2129 1901/1993/2129
f 1839/1968/2130 1838/1965/2130 1887/1991/2130
f 1865/1966/2131 1914/1992/2131 1915/1995/2131
f 1852/1967/2132 1901/1993/2132 1902/1996/2132
f 1839/1968/2133 1888/1994/2133 1889/1997/2133
f 1867/1972/2134 1866/1969/2134 1915/1995/2134
f 1854/1975/2136 1853/1970/2136 1902/1996/2136
f 1840/1971/2137 1889/1997/2137 1890/2002/2137
f 1867/1972/2138 1916/1998/2138 1917/2003/2138
f 1828/1978/2113 1827/1974/2113 1876/2000/2139
f 1854/1975/2140 1903/2001/4235 1904/2005/2140
f 1841/1976/2141 1890/2002/2141 1891/2006/2141
f 1868/1977/2142 1917/2003/2142 1918/2007/2142
f 1829/1982/2117 1828/1978/4233 1877/2004/2143
f 1856/1983/2144 1855/1979/2144 1904/2005/2144
f 1843/1984/2145 1842/1980/4236 1891/2006/2145
f 1870/1985/2146 1869/1981/2146 1918/2007/2146
f 1830/1937/2147 1829/1982/2147 1878/2008/2147
f 1856/1983/2148 1905/2009/2148 1906/2013/2148
f 1844/1986/2149 1843/1984/2149 1892/2010/2149
f 1870/1985/2150 1919/2011/2150 1920/2015/2150
f 1831/1938/2151 1830/1937/2151 1879/2012/2151
f 1858/1940/2152 1857/1939/2152 1906/2013/2152
f 1844/1986/2153 1893/2014/2153 1894/2018/2153
f 1871/1987/2154 1920/2015/2154 1921/2019/2154
f 1832/1943/2155 1831/1938/2155 1880/2016/2155
f 1858/1940/2156 1907/2017/2156 1908/2021/2156
f 1846/1945/2157 1845/1941/2157 1894/2018/2157
f 1872/1942/2158 1921/2019/2158 1922/2023/2158
f 1832/1943/2159 1881/2020/2159 1882/2024/2159
f 1859/1944/2160 1908/2021/2160 1909/2025/2160
f 1846/1945/2162 1895/2022/2162 1896/2026/2162
f 1874/1950/2083 1873/1946/2082 1922/2023/2163
f 1834/1951/2164 1833/1947/2164 1882/2024/2164
f 1861/1952/2165 1860/1948/2165 1909/2025/2165
f 1848/1953/2166 1847/1949/2166 1896/2026/2166
f 1874/1950/2168 1923/2027/2198 1924/2031/2168
f 1835/1955/2169 1834/1951/2169 1883/2028/2169
f 1861/1952/2170 1910/2029/2170 1911/2033/2170
f 1848/1953/2171 1897/2030/2171 1898/2034/2171
f 1835/1955/2173 1884/2032/2173 1885/2036/2173
f 1863/1960/2174 1862/1956/2174 1911/2033/2174
f 1850/1961/2175 1849/1957/2175 1898/2034/2175
f 1837/1962/2176 1836/1959/2176 1885/2036/2176
f 1878/2008/2177 1927/2087/2177 1928/2039/2177
f 1905/2009/2178 1954/2088/2178 1955/2040/2178
f 1893/2014/2179 1892/2010/2179 1941/2041/2179
f 1919/2011/2180 1968/2089/2180 1969/2043/2180
f 1880/2016/2181 1879/2012/2181 1928/2039/2181
f 1907/2017/2182 1906/2013/4237 1955/2040/2182
f 1893/2014/2183 1942/2042/2183 1943/2046/2183
f 1920/2015/2185 1969/2043/2185 1970/2047/2185
f 1881/2020/2186 1880/2016/2186 1929/2044/2186
f 1907/2017/2187 1956/2045/2187 1957/2049/2187
f 1895/2022/2188 1894/2018/2188 1943/2046/2188
f 1921/2019/2189 1970/2047/2189 1971/2051/2189
f 1881/2020/2190 1930/2048/2190 1931/2052/2190
f 1908/2021/2191 1957/2049/2191 1958/2053/2191
f 1895/2022/2193 1944/2050/2193 1945/2054/2193
f 1922/2023/2163 1971/2051/2194 1972/2055/2194
f 1883/2028/2195 1882/2024/2195 1931/2052/2195
f 1909/2025/2196 1958/2053/2196 1959/2057/2196
f 1897/2030/2197 1896/2026/2197 1945/2054/2197
f 1923/2027/2198 1972/2055/2283 1973/2059/2199
f 1884/2032/2200 1883/2028/2200 1932/2056/2200
f 1911/2033/2202 1910/2029/2202 1959/2057/2202
f 1897/2030/2203 1946/2058/2203 1947/2062/2203
f 1884/2032/2207 1933/2060/2207 1934/2064/2207
f 1912/2037/2208 1911/2033/2208 1960/2061/2208
f 1899/1989/2209 1898/2034/2209 1947/2062/2209
f 1886/2038/2210 1885/2036/2210 1934/2064/2210
f 1912/2037/2211 1961/2065/2211 1962/2068/2211
f 1900/1990/2212 1899/1989/4238 1948/2066/2212
f 1886/2038/2213 1935/2067/2213 1936/2070/2213
f 1914/1992/2214 1913/1988/2214 1962/2068/2214
f 1900/1990/2215 1949/2069/2215 1950/2072/2215
f 1888/1994/2217 1887/1991/2217 1936/2070/2217
f 1914/1992/2218 1963/2071/2218 1964/2074/2218
f 1901/1993/2219 1950/2072/2219 1951/2075/2219
f 1888/1994/2220 1937/2073/2220 1938/2076/2220
f 1916/1998/2221 1915/1995/2221 1964/2074/2221
f 1903/2001/2223 1902/1996/2223 1951/2075/2223
f 1889/1997/2224 1938/2076/2224 1939/2081/2224
f 1916/1998/2225 1965/2077/2225 1966/2082/2226
f 1876/2000/2139 1925/2079/2253 1926/2083/2227
f 1903/2001/2228 1952/2080/2228 1953/2084/2228
f 1891/2006/2229 1890/2002/2229 1939/2081/2229
f 1917/2003/2230 1966/2082/2230 1967/2086/2230
f 1877/2004/2143 1926/2083/2257 1927/2087/2231
f 1905/2009/2232 1904/2005/2232 1953/2084/2232
f 1892/2010/2233 1891/2006/2233 1940/2085/2234
f 1919/2011/2235 1918/2007/2235 1967/2086/2235
f 1961/2065/2236 1960/2061/2236 2009/2090/2236
f 1948/2066/2237 1947/2062/2237 1996/2092/2237
f 1935/2067/2238 1934/2064/2238 1983/2094/2238
f 1961/2065/2239 2010/2091/2239 2011/2096/2239
f 1949/2069/2240 1948/2066/2240 1997/2093/2240
f 1935/2067/2241 1984/2095/2241 1985/2098/2241
f 1963/2071/2242 1962/2068/2242 2011/2096/2242
f 1949/2069/2243 1998/2097/2243 1999/2100/2243
f 1937/2073/2244 1936/2070/2244 1985/2098/2244
f 1963/2071/2245 2012/2099/2245 2013/2102/2245
f 1950/2072/2246 1999/2100/2246 2000/2103/2246
f 1937/2073/2247 1986/2101/2247 1987/2104/2247
f 1965/2077/2248 1964/2074/2248 2013/2102/2248
f 1952/2080/2250 1951/2075/2250 2000/2103/2250
f 1938/2076/2251 1987/2104/2251 1988/2109/2251
f 1965/2077/2252 2014/2105/2252 2015/2110/2252
f 1925/2079/2253 1974/2107/2340 1975/2111/2253
f 1952/2080/2254 2001/2108/2254 2002/2112/2254
f 1940/2085/2255 1939/2081/2255 1988/2109/2255
f 1966/2082/2256 2015/2110/2256 2016/2114/2256
f 1926/2083/2257 1975/2111/2289 1976/2115/2257
f 1954/2088/2258 1953/2084/2258 2002/2112/2258
f 1941/2041/2259 1940/2085/4239 1989/2113/2259
f 1968/2089/2260 1967/2086/4240 2016/2114/2260
f 1927/2087/2261 1976/2115/2261 1977/2119/2261
f 1954/2088/2262 2003/2116/2262 2004/2120/2262
f 1942/2042/2263 1941/2041/2263 1990/2117/2263
f 1968/2089/2264 2017/2118/2264 2018/2122/2264
f 1929/2044/2265 1928/2039/2265 1977/2119/2265
f 1956/2045/2266 1955/2040/2266 2004/2120/2266
f 1942/2042/2267 1991/2121/2267 1992/2125/2267
f 1969/2043/2268 2018/2122/2268 2019/2126/2268
f 1930/2048/2269 1929/2044/2269 1978/2123/2269
f 1956/2045/2270 2005/2124/2270 2006/2128/2270
f 1944/2050/2271 1943/2046/2271 1992/2125/2271
f 1971/2051/2272 1970/2047/2272 2019/2126/2272
f 1930/2048/2273 1979/2127/2273 1980/2131/2273
f 1957/2049/2275 2006/2128/2276 2007/2132/2276
f 1944/2050/2277 1993/2129/2277 1994/2133/2277
f 1972/2055/2194 1971/2051/2194 2020/2130/2278
f 1932/2056/2280 1931/2052/2280 1980/2131/2280
f 1958/2053/2281 2007/2132/2281 2008/2136/2281
f 1946/2058/2282 1945/2054/2282 1994/2133/2282
f 1972/2055/2283 2021/2134/2315 2022/2138/2283
f 1933/2060/2284 1932/2056/2284 1981/2135/2284
f 1960/2061/2285 1959/2057/2285 2008/2136/2285
f 1946/2058/2286 1995/2137/2286 1996/2092/2286
f 1933/2060/2288 1982/2139/2288 1983/2094/2288
f 1975/2111/2289 2024/2191/2371 2025/2141/2290
f 2003/2116/2291 2002/2112/2291 2051/2142/2291
f 1990/2117/2292 1989/2113/2292 2038/2144/2292
f 2017/2118/2293 2016/2114/2293 2065/2146/2293
f 1976/2115/2294 2025/2141/2294 2026/2148/2294
f 2003/2116/2295 2052/2143/2295 2053/2149/2295
f 1991/2121/2296 1990/2117/4241 2039/2145/2296
f 2017/2118/2297 2066/2147/2297 2067/2151/2297
f 1977/2119/2298 2026/2148/2298 2027/2152/2298
f 2005/2124/2299 2004/2120/2299 2053/2149/2299
f 1991/2121/2300 2040/2150/2300 2041/2154/2300
f 2018/2122/2301 2067/2151/2301 2068/2155/2301
f 1979/2127/2302 1978/2123/2302 2027/2152/2302
f 2005/2124/2303 2054/2153/2303 2055/2157/2303
f 1993/2129/2305 1992/2125/2305 2041/2154/2305
f 2019/2126/2306 2068/2155/2306 2069/2159/2306
f 1979/2127/2307 2028/2156/2307 2029/2160/2307
f 2006/2128/2308 2055/2157/2308 2056/2161/2308
f 1993/2129/2309 2042/2158/2309 2043/2162/2309
f 2021/2134/2279 2020/2130/2278 2069/2159/2310
f 1981/2135/2312 1980/2131/2312 2029/2160/2312
f 2007/2132/2313 2056/2161/2313 2057/2165/2313
f 1995/2137/2314 1994/2133/2314 2043/2162/2314
f 2021/2134/2315 2070/2163/2394 2071/2167/2315
f 1982/2139/2316 1981/2135/2316 2030/2164/2316
f 2009/2090/2317 2008/2136/2317 2057/2165/2317
f 1995/2137/2318 2044/2166/2318 2045/2170/2318
f 1982/2139/2320 2031/2168/2320 2032/2172/2320
f 2010/2091/2321 2009/2090/2321 2058/2169/2321
f 1997/2093/2322 1996/2092/4242 2045/2170/2322
f 1984/2095/2323 1983/2094/2323 2032/2172/2323
f 2010/2091/2324 2059/2173/4243 2060/2176/2324
f 1998/2097/2325 1997/2093/2325 2046/2174/2325
f 1984/2095/2326 2033/2175/2326 2034/2178/2326
f 2012/2099/2327 2011/2096/2327 2060/2176/2327
f 1998/2097/2328 2047/2177/2328 2048/2180/2328
f 1986/2101/2329 1985/2098/2329 2034/2178/2329
f 2012/2099/2331 2061/2179/2331 2062/2182/2331
f 1999/2100/2332 2048/2180/2332 2049/2183/2332
f 1986/2101/2334 2035/2181/2334 2036/2184/2334
f 2014/2105/2335 2013/2102/2335 2062/2182/2335
f 2001/2108/2337 2000/2103/2337 2049/2183/2337
f 1987/2104/2338 2036/2184/2338 2037/2189/2338
f 2014/2105/2339 2063/2185/2339 2064/2190/2339
f 1974/2107/2340 2023/2187/2366 2024/2191/2340
f 2001/2108/2341 2050/2188/2341 2051/2142/2341
f 1989/2113/2342 1988/2109/2342 2037/2189/2342
f 2015/2110/2343 2064/2190/2343 2065/2146/2343
f 2058/2169/2344 2057/2165/2344 2106/2192/2344
f 2044/2166/2345 2093/2241/2345 2094/2194/2345
f 2031/2168/2347 2080/2242/2347 2081/2197/2347
f 2059/2173/2348 2058/2169/2348 2107/2193/2348
f 2046/2174/2349 2045/2170/2349 2094/2194/2349
f 2033/2175/2350 2032/2172/2350 2081/2197/2350
f 2059/2173/2352 2108/2198/2352 2109/2201/2352
f 2047/2177/2353 2046/2174/2353 2095/2199/2353
f 2033/2175/2354 2082/2200/2354 2083/2203/2354
f 2061/2179/2355 2060/2176/2355 2109/2201/2355
f 2047/2177/2356 2096/2202/2356 2097/2205/2356
f 2035/2181/2357 2034/2178/2357 2083/2203/2357
f 2061/2179/2358 2110/2204/4244 2111/2207/2358
f 2048/2180/2359 2097/2205/2359 2098/2208/2359
f 2035/2181/2360 2084/2206/2360 2085/2209/2360
f 2063/2185/2361 2062/2182/2361 2111/2207/2361
f 2050/2188/2363 2049/2183/2363 2098/2208/2363
f 2036/2184/2364 2085/2209/2364 2086/2214/2364
f 2063/2185/2365 2112/2210/2365 2113/2215/2365
f 2023/2187/2366 2072/2212/2397 2073/2216/2367
f 2050/2188/2368 2099/2213/2368 2100/2217/2368
f 2038/2144/2369 2037/2189/2369 2086/2214/2369
f 2064/2190/2370 2113/2215/2370 2114/2219/2370
f 2024/2191/2371 2073/2216/2402 2074/2220/2371
f 2052/2143/2372 2051/2142/2372 2100/2217/2372
f 2038/2144/2373 2087/2218/2373 2088/2222/2373
f 2066/2147/2374 2065/2146/2374 2114/2219/2374
f 2025/2141/2375 2074/2220/2375 2075/2224/2375
f 2052/2143/2376 2101/2221/2376 2102/2225/2376
f 2040/2150/2377 2039/2145/2377 2088/2222/2377
f 2066/2147/2378 2115/2223/2378 2116/2227/2378
f 2027/2152/2379 2026/2148/2379 2075/2224/2379
f 2054/2153/2380 2053/2149/2380 2102/2225/2380
f 2040/2150/2381 2089/2226/2381 2090/2230/2381
f 2067/2151/2382 2116/2227/2382 2117/2231/2382
f 2028/2156/2383 2027/2152/2383 2076/2228/2383
f 2054/2153/2384 2103/2229/2384 2104/2233/2384
f 2042/2158/2385 2041/2154/2385 2090/2230/2385
f 2068/2155/2386 2117/2231/2386 2118/2235/2386
f 2028/2156/2387 2077/2232/2387 2078/2236/2387
f 2055/2157/2388 2104/2233/2388 2105/2237/2388
f 2042/2158/2389 2091/2234/2389 2092/2238/2389
f 2070/2163/2311 2069/2159/2310 2118/2235/2390
f 2030/2164/2391 2029/2160/2391 2078/2236/2391
f 2056/2161/2392 2105/2237/2392 2106/2192/2392
f 2044/2166/2393 2043/2162/2393 2092/2238/2393
f 2070/2163/2394 2119/2239/2427 2120/2196/2395
f 2031/2168/2396 2030/2164/2396 2079/2240/2396
f 2072/2212/2397 2121/2291/2483 2122/2243/2398
f 2099/2213/2399 2148/2292/2399 2149/2244/2399
f 2087/2218/2400 2086/2214/2400 2135/2245/2400
f 2113/2215/2401 2162/2293/2401 2163/2247/2401
f 2073/2216/2402 2122/2243/2487 2123/2248/2402
f 2101/2221/2403 2100/2217/2403 2149/2244/2403
f 2087/2218/2404 2136/2246/2404 2137/2250/2404
f 2115/2223/2405 2114/2219/2405 2163/2247/2405
f 2074/2220/2406 2123/2248/2406 2124/2252/2406
f 2101/2221/2407 2150/2249/4245 2151/2253/2407
f 2089/2226/2408 2088/2222/2408 2137/2250/2408
f 2115/2223/2409 2164/2251/2409 2165/2255/2409
f 2076/2228/2411 2075/2224/2411 2124/2252/2411
f 2103/2229/2412 2102/2225/2412 2151/2253/2412
f 2089/2226/2413 2138/2254/2413 2139/2258/2413
f 2116/2227/2414 2165/2255/2414 2166/2259/2414
f 2077/2232/2415 2076/2228/4246 2125/2256/2415
f 2103/2229/2416 2152/2257/2416 2153/2261/2416
f 2091/2234/2417 2090/2230/2417 2139/2258/2417
f 2117/2231/2419 2166/2259/2419 2167/2263/2419
f 2077/2232/2420 2126/2260/2420 2127/2264/2420
f 2104/2233/2421 2153/2261/2421 2154/2265/2421
f 2091/2234/2422 2140/2262/2422 2141/2266/2422
f 2118/2235/2390 2167/2263/2423 2168/2267/2423
f 2079/2240/2424 2078/2236/2424 2127/2264/2424
f 2105/2237/2425 2154/2265/2425 2155/2269/2425
f 2093/2241/2426 2092/2238/2426 2141/2266/2426
f 2119/2239/2427 2168/2267/2428 2169/2271/2428
f 2080/2242/2429 2079/2240/2429 2128/2268/2429
f 2107/2193/2430 2106/2192/2430 2155/2269/2430
f 2093/2241/2431 2142/2270/2431 2143/2274/2431
f 2080/2242/2433 2129/2272/2433 2130/2276/2433
f 2108/2198/2435 2107/2193/2435 2156/2273/2435
f 2095/2199/2436 2094/2194/2436 2143/2274/2436
f 2082/2200/2437 2081/2197/2437 2130/2276/2437
f 2108/2198/2439 2157/2277/2439 2158/2280/2439
f 2096/2202/2440 2095/2199/2440 2144/2278/2440
f 2082/2200/2441 2131/2279/2441 2132/2282/2442
f 2110/2204/2443 2109/2201/2444 2158/2280/2444
f 2096/2202/2445 2145/2281/2445 2146/2284/2445
f 2084/2206/2446 2083/2203/2446 2132/2282/2446
f 2110/2204/2447 2159/2283/4247 2160/2286/2447
f 2097/2205/2448 2146/2284/2448 2147/2287/2448
f 2084/2206/2449 2133/2285/2449 2134/2288/2449
f 2112/2210/2450 2111/2207/4248 2160/2286/2450
f 2099/2213/2454 2098/2208/2454 2147/2287/2454
f 2085/2209/2455 2134/2288/2455 2135/2245/2455
f 2112/2210/2456 2161/2289/2456 2162/2293/2456
f 2154/2265/2457 2203/2344/2457 2204/2294/2457
f 2142/2270/2458 2141/2266/2458 2190/2295/2458
f 2169/2271/2428 2168/2267/2428 2217/2297/2459
f 2129/2272/2460 2128/2268/2460 2177/2299/2460
f 2156/2273/2461 2155/2269/2461 2204/2294/2461
f 2142/2270/2462 2191/2296/4249 2192/2302/2462
f 2129/2272/2464 2178/2300/2464 2179/2304/2464
f 2157/2277/2465 2156/2273/2465 2205/2301/2465
f 2144/2278/2466 2143/2274/2466 2192/2302/2466
f 2131/2279/2467 2130/2276/2467 2179/2304/2467
f 2157/2277/2468 2206/2305/2468 2207/2308/2468
f 2145/2281/2469 2144/2278/2469 2193/2306/2469
f 2131/2279/2470 2180/2307/2470 2181/2310/2470
f 2159/2283/2471 2158/2280/2471 2207/2308/2471
f 2145/2281/2472 2194/2309/2472 2195/2312/2472
f 2133/2285/2473 2132/2282/2473 2181/2310/2473
f 2159/2283/2474 2208/2311/2474 2209/2314/2474
f 2146/2284/2475 2195/2312/2475 2196/2315/2475
f 2133/2285/2476 2182/2313/2476 2183/2316/2476
f 2161/2289/2477 2160/2286/2477 2209/2314/2477
f 2148/2292/2479 2147/2287/2479 2196/2315/2479
f 2134/2288/2481 2183/2316/2481 2184/2321/2481
f 2161/2289/2482 2210/2317/2482 2211/2322/2482
f 2121/2291/2483 2170/2319/2513 2171/2323/2483
f 2148/2292/2484 2197/2320/2484 2198/2324/2484
f 2136/2246/2485 2135/2245/2485 2184/2321/2485
f 2162/2293/2486 2211/2322/2486 2212/2326/2486
f 2122/2243/2487 2171/2323/2517 2172/2327/2487
f 2150/2249/2488 2149/2244/2488 2198/2324/2488
f 2137/2250/2489 2136/2246/2489 2185/2325/2489
f 2164/2251/2490 2163/2247/2490 2212/2326/2490
f 2124/2252/2492 2123/2248/2492 2172/2327/2492
f 2151/2253/2493 2150/2249/2493 2199/2328/2493
f 2138/2254/2494 2137/2250/2494 2186/2329/2494
f 2164/2251/2495 2213/2330/2495 2214/2334/2495
f 2125/2256/2496 2124/2252/2496 2173/2331/2496
f 2152/2257/2497 2151/2253/2497 2200/2332/2497
f 2138/2254/2498 2187/2333/2498 2188/2337/2498
f 2165/2255/2499 2214/2334/2499 2215/2338/2499
f 2126/2260/2500 2125/2256/2500 2174/2335/2500
f 2152/2257/2501 2201/2336/2501 2202/2340/2501
f 2139/2258/2502 2188/2337/2502 2189/2341/2502
f 2166/2259/2503 2215/2338/2503 2216/2342/2503
f 2126/2260/2504 2175/2339/4250 2176/2343/2504
f 2153/2261/2505 2202/2340/2505 2203/2344/2505
f 2140/2262/2506 2189/2341/2506 2190/2295/2506
f 2168/2267/2423 2167/2263/2423 2216/2342/2507
f 2128/2268/2508 2127/2264/2508 2176/2343/2508
f 2197/2320/2510 2196/2315/2510 2245/2347/2510
f 2183/2316/2511 2232/2394/2511 2233/2349/2511
f 2210/2317/2512 2259/2395/2512 2260/2350/2512
f 2170/2319/2513 2219/2346/2598 2220/2351/2513
f 2197/2320/2514 2246/2348/2514 2247/2352/2514
f 2185/2325/2515 2184/2321/2515 2233/2349/2515
f 2211/2322/2516 2260/2350/2516 2261/2354/2516
f 2171/2323/2517 2220/2351/2518 2221/2355/2518
f 2199/2328/2519 2198/2324/2519 2247/2352/2519
f 2186/2329/2520 2185/2325/2520 2234/2353/2521
f 2213/2330/2522 2212/2326/2522 2261/2354/2522
f 2173/2331/2523 2172/2327/2523 2221/2355/2523
f 2199/2328/2524 2248/2356/2524 2249/2360/2524
f 2187/2333/2525 2186/2329/2525 2235/2357/2525
f 2213/2330/2526 2262/2358/2526 2263/2362/2526
f 2174/2335/2527 2173/2331/2527 2222/2359/2527
f 2201/2336/2528 2200/2332/2528 2249/2360/2528
f 2187/2333/2529 2236/2361/2529 2237/2365/2529
f 2214/2334/2530 2263/2362/2530 2264/2366/2530
f 2175/2339/2531 2174/2335/2531 2223/2363/2531
f 2201/2336/2532 2250/2364/2532 2251/2368/2532
f 2188/2337/2533 2237/2365/2533 2238/2369/2533
f 2215/2338/2534 2264/2366/2534 2265/2370/2534
f 2175/2339/2535 2224/2367/2535 2225/2371/2535
f 2202/2340/2536 2251/2368/2537 2252/2372/2537
f 2189/2341/2538 2238/2369/2538 2239/2373/2538
f 2216/2342/2507 2265/2370/2539 2266/2374/2539
f 2177/2299/2540 2176/2343/2540 2225/2371/2540
f 2203/2344/2541 2252/2372/2541 2253/2376/2541
f 2191/2296/2542 2190/2295/2542 2239/2373/2542
f 2217/2297/2459 2266/2374/2572 2267/2378/2543
f 2178/2300/2544 2177/2299/2544 2226/2375/2544
f 2205/2301/2545 2204/2294/2545 2253/2376/2545
f 2191/2296/2546 2240/2377/2546 2241/2381/2546
f 2178/2300/2550 2227/2379/2550 2228/2383/2550
f 2206/2305/2551 2205/2301/2551 2254/2380/2551
f 2193/2306/2552 2192/2302/2552 2241/2381/2552
f 2180/2307/2553 2179/2304/2553 2228/2383/2553
f 2206/2305/2555 2255/2384/2555 2256/2387/2555
f 2194/2309/2556 2193/2306/2556 2242/2385/2556
f 2180/2307/2557 2229/2386/2557 2230/2389/2557
f 2208/2311/2558 2207/2308/2558 2256/2387/2558
f 2194/2309/2559 2243/2388/2559 2244/2391/2559
f 2182/2313/2560 2181/2310/2560 2230/2389/2560
f 2208/2311/2561 2257/2390/4251 2258/2393/2561
f 2195/2312/2562 2244/2391/2562 2245/2347/2562
f 2182/2313/2563 2231/2392/2563 2232/2394/2563
f 2210/2317/2564 2209/2314/2564 2258/2393/2564
f 2252/2372/2565 2251/2368/2565 2300/2396/2565
f 2238/2369/2566 2287/2446/4252 2288/2398/2566
f 2266/2374/2539 2265/2370/2539 2314/2399/2567
f 2226/2375/2569 2225/2371/2569 2274/2401/2569
f 2252/2372/2570 2301/2397/2570 2302/2403/2570
f 2240/2377/2571 2239/2373/2571 2288/2398/2571
f 2266/2374/2572 2315/2400/2573 2316/2405/2573
f 2227/2379/2574 2226/2375/2574 2275/2402/2574
f 2254/2380/2575 2253/2376/2575 2302/2403/2575
f 2240/2377/2576 2289/2404/2576 2290/2408/2576
f 2227/2379/2579 2276/2406/2579 2277/2410/2579
f 2255/2384/2580 2254/2380/2580 2303/2407/2580
f 2242/2385/2581 2241/2381/2581 2290/2408/2581
f 2229/2386/2582 2228/2383/2582 2277/2410/2582
f 2255/2384/2583 2304/2411/2583 2305/2414/2583
f 2243/2388/2584 2242/2385/2584 2291/2412/2584
f 2229/2386/2585 2278/2413/2585 2279/2416/2585
f 2257/2390/2587 2256/2387/4253 2305/2414/2587
f 2243/2388/2588 2292/2415/2588 2293/2418/2588
f 2231/2392/2589 2230/2389/2589 2279/2416/2589
f 2257/2390/2590 2306/2417/2590 2307/2420/2590
f 2244/2391/2591 2293/2418/2591 2294/2421/2591
f 2231/2392/2592 2280/2419/2592 2281/2422/2592
f 2259/2395/2593 2258/2393/2593 2307/2420/2593
f 2246/2348/2595 2245/2347/4254 2294/2421/2595
f 2232/2394/2596 2281/2422/2596 2282/2427/2596
f 2259/2395/2597 2308/2423/2597 2309/2428/2597
f 2219/2346/2598 2268/2425/2632 2269/2429/2599
f 2246/2348/2600 2295/2426/2600 2296/2430/2600
f 2234/2353/2601 2233/2349/2601 2282/2427/2601
f 2260/2350/2602 2309/2428/2602 2310/2432/2602
f 2221/2355/2518 2220/2351/2518 2269/2429/2603
f 2248/2356/2604 2247/2352/2604 2296/2430/2604
f 2234/2353/2606 2283/2431/2606 2284/2435/2606
f 2262/2358/2607 2261/2354/2607 2310/2432/2607
f 2222/2359/2608 2221/2355/2608 2270/2433/2608
f 2249/2360/2609 2248/2356/2609 2297/2434/2609
f 2236/2361/2610 2235/2357/4255 2284/2435/2610
f 2262/2358/2611 2311/2436/2611 2312/2440/2611
f 2223/2363/2612 2222/2359/2612 2271/2437/2612
f 2250/2364/2613 2249/2360/4256 2298/2438/2613
f 2236/2361/2614 2285/2439/2614 2286/2443/2614
f 2263/2362/2616 2312/2440/2616 2313/2444/2616
f 2223/2363/2617 2272/2441/2617 2273/2445/2617
f 2250/2364/2618 2299/2442/2618 2300/2396/2618
f 2237/2365/2620 2286/2443/2620 2287/2446/2620
f 2264/2366/2621 2313/2444/2621 2314/2399/2621
f 2224/2367/2622 2273/2445/2622 2274/2401/2622
f 2293/2418/2623 2342/2496/2623 2343/2447/2623
f 2280/2419/2624 2329/2497/2624 2330/2448/2624
f 2308/2423/2625 2307/2420/2625 2356/2449/2625
f 2295/2426/2627 2294/2421/2627 2343/2447/2627
f 2281/2422/2629 2330/2448/2629 2331/2454/2629
f 2308/2423/2631 2357/2450/2631 2358/2455/2631
f 2268/2425/2632 2317/2452/2633 2318/2456/2633
f 2295/2426/2634 2344/2453/2634 2345/2457/2634
f 2283/2431/2635 2282/2427/2635 2331/2454/2635
f 2309/2428/2636 2358/2455/2636 2359/2459/2636
f 2269/2429/2603 2318/2456/2719 2319/2460/2637
f 2297/2434/2638 2296/2430/2638 2345/2457/2638
f 2283/2431/2639 2332/2458/2639 2333/2462/2639
f 2311/2436/2640 2310/2432/2640 2359/2459/2640
f 2270/2433/2641 2319/2460/2641 2320/2464/2642
f 2298/2438/2643 2297/2434/2643 2346/2461/2643
f 2285/2439/2644 2284/2435/2644 2333/2462/2644
f 2311/2436/2645 2360/2463/2645 2361/2467/2645
f 2272/2441/2646 2271/2437/2646 2320/2464/2646
f 2299/2442/2647 2298/2438/2647 2347/2465/2647
f 2285/2439/2648 2334/2466/2648 2335/2470/2648
f 2312/2440/2649 2361/2467/2649 2362/2471/2649
f 2272/2441/2650 2321/2468/2650 2322/2472/2650
f 2299/2442/2651 2348/2469/2651 2349/2473/2651
f 2286/2443/2652 2335/2470/2652 2336/2474/2652
f 2313/2444/2653 2362/2471/2653 2363/2475/2654
f 2273/2445/2655 2322/2472/2655 2323/2476/2655
f 2301/2397/2656 2300/2396/2656 2349/2473/2656
f 2287/2446/2657 2336/2474/2657 2337/2478/2657
f 2315/2400/2568 2314/2399/2567 2363/2475/2658
f 2275/2402/2659 2274/2401/2659 2323/2476/2659
f 2301/2397/2660 2350/2477/2660 2351/2481/2660
f 2289/2404/2661 2288/2398/2661 2337/2478/2661
f 2316/2405/2573 2315/2400/2573 2364/2479/2662
f 2276/2406/2664 2275/2402/2664 2324/2480/2664
f 2303/2407/2665 2302/2403/4257 2351/2481/2665
f 2289/2404/2666 2338/2482/4258 2339/2486/2666
f 2276/2406/2668 2325/2484/2668 2326/2488/2668
f 2304/2411/2669 2303/2407/2669 2352/2485/2669
f 2291/2412/2670 2290/2408/2670 2339/2486/2670
f 2278/2413/2671 2277/2410/2671 2326/2488/2671
f 2304/2411/2672 2353/2489/4259 2354/2492/2672
f 2292/2415/2673 2291/2412/2673 2340/2490/2673
f 2278/2413/2674 2327/2491/2674 2328/2494/2674
f 2306/2417/2675 2305/2414/2675 2354/2492/2675
f 2292/2415/2676 2341/2493/2676 2342/2496/2676
f 2280/2419/2677 2279/2416/2677 2328/2494/2677
f 2306/2417/2679 2355/2495/2679 2356/2449/2679
f 2348/2469/2680 2397/2545/2680 2398/2498/2680
f 2335/2470/2681 2384/2546/2681 2385/2499/2681
f 2362/2471/2682 2411/2547/2682 2412/2500/2682
f 2322/2472/2683 2371/2548/2683 2372/2501/2683
f 2349/2473/2684 2398/2498/2684 2399/2502/2684
f 2336/2474/2685 2385/2499/2685 2386/2503/2685
f 2363/2475/2658 2412/2500/2745 2413/2504/2686
f 2324/2480/2687 2323/2476/2687 2372/2501/2687
f 2350/2477/2688 2399/2502/2688 2400/2506/2688
f 2338/2482/2689 2337/2478/2689 2386/2503/2689
f 2365/2483/2663 2364/2479/2662 2413/2504/2690
f 2325/2484/2691 2324/2480/2691 2373/2505/2691
f 2352/2485/2692 2351/2481/4260 2400/2506/2692
f 2338/2482/2693 2387/2507/2693 2388/2511/2693
f 2325/2484/2695 2374/2509/2695 2375/2513/2695
f 2353/2489/2696 2352/2485/2696 2401/2510/2696
f 2340/2490/2697 2339/2486/2697 2388/2511/2697
f 2327/2491/2698 2326/2488/2698 2375/2513/2698
f 2353/2489/2699 2402/2514/2699 2403/2517/2699
f 2341/2493/2700 2340/2490/2700 2389/2515/2700
f 2327/2491/2701 2376/2516/4261 2377/2519/2701
f 2355/2495/2702 2354/2492/2702 2403/2517/2702
f 2341/2493/2704 2390/2518/2704 2391/2521/2704
f 2329/2497/2705 2328/2494/2705 2377/2519/2705
f 2355/2495/2706 2404/2520/2706 2405/2523/2706
f 2342/2496/2707 2391/2521/2707 2392/2524/2707
f 2329/2497/2708 2378/2522/2708 2379/2525/2708
f 2357/2450/2709 2356/2449/2709 2405/2523/2709
f 2344/2453/2711 2343/2447/2711 2392/2524/2711
f 2330/2448/2712 2379/2525/2712 2380/2530/2712
f 2357/2450/2714 2406/2526/2714 2407/2531/2714
f 2318/2456/2633 2317/2452/2633 2366/2528/2715
f 2344/2453/2716 2393/2529/2716 2394/2533/2716
f 2332/2458/2717 2331/2454/2717 2380/2530/2717
f 2358/2455/2718 2407/2531/2718 2408/2535/2718
f 2318/2456/2719 2367/2532/2720 2368/2536/2720
f 2346/2461/2721 2345/2457/2721 2394/2533/2721
f 2333/2462/2722 2332/2458/2722 2381/2534/2722
f 2360/2463/2723 2359/2459/2723 2408/2535/2723
f 2320/2464/2724 2319/2460/2724 2368/2536/2724
f 2347/2465/2725 2346/2461/2725 2395/2537/2725
f 2334/2466/2726 2333/2462/2726 2382/2538/2726
f 2360/2463/2727 2409/2539/2727 2410/2543/2727
f 2321/2468/2728 2320/2464/2728 2369/2540/2728
f 2347/2465/2729 2396/2541/2729 2397/2545/2729
f 2334/2466/2730 2383/2542/4262 2384/2546/2730
f 2361/2467/2731 2410/2543/2731 2411/2547/2731
f 2322/2472/2732 2321/2468/2732 2370/2544/2732
f 2383/2542/2733 2432/2597/2733 2433/2549/2733
f 2410/2543/2734 2459/2598/2734 2460/2550/2734
f 2378/2522/2735 2377/2519/2735 2426/2551/2735
f 2397/2545/2736 2446/2599/2736 2447/2553/2736
f 2384/2546/2737 2433/2549/2737 2434/2554/2737
f 2411/2547/2738 2460/2550/2738 2461/2555/2738
f 2378/2522/2739 2427/2552/2739 2428/2556/2739
f 2398/2498/2740 2447/2553/2740 2448/2557/2740
f 2385/2499/2744 2434/2554/2744 2435/2560/2744
f 2412/2500/2745 2461/2555/2824 2462/2561/2746
f 2379/2525/2747 2428/2556/2747 2429/2562/2747
f 2399/2502/2748 2448/2557/2748 2449/2563/2748
f 2366/2528/2715 2415/2559/2801 2416/2564/2749
f 2387/2507/2750 2386/2503/2750 2435/2560/2750
f 2413/2504/2690 2462/2561/2830 2463/2566/2751
f 2381/2534/2752 2380/2530/2752 2429/2562/2752
f 2401/2510/2753 2400/2506/2753 2449/2563/2753
f 2368/2536/2720 2367/2532/2720 2416/2564/2754
f 2387/2507/2755 2436/2565/2755 2437/2570/2755
f 2402/2514/2757 2401/2510/2757 2450/2568/2757
f 2369/2540/2758 2368/2536/2758 2417/2569/2758
f 2389/2515/2759 2388/2511/2759 2437/2570/2759
f 2402/2514/2760 2451/2572/2760 2452/2575/2760
f 2370/2544/2761 2369/2540/2761 2418/2573/2761
f 2390/2518/2762 2389/2515/2762 2438/2574/2762
f 2404/2520/2763 2403/2517/2763 2452/2575/2763
f 2371/2548/2764 2370/2544/2765 2419/2576/2765
f 2390/2518/2766 2439/2577/2766 2440/2580/2766
f 2404/2520/2767 2453/2578/2767 2454/2581/2767
f 2371/2548/2768 2420/2579/2768 2421/2582/2768
f 2391/2521/2769 2440/2580/2769 2441/2583/2769
f 2406/2526/2770 2405/2523/2770 2454/2581/2770
f 2373/2505/2771 2372/2501/2771 2421/2582/2771
f 2393/2529/2772 2392/2524/2772 2441/2583/2772
f 2406/2526/2773 2455/2584/2773 2456/2587/2773
f 2374/2509/2774 2373/2505/2774 2422/2585/2774
f 2393/2529/2775 2442/2586/2775 2443/2589/2775
f 2407/2531/2776 2456/2587/2776 2457/2590/2776
f 2374/2509/2777 2423/2588/2777 2424/2591/2777
f 2395/2537/2778 2394/2533/2778 2443/2589/2778
f 2381/2534/2779 2430/2567/2779 2431/2593/2779
f 2409/2539/2780 2408/2535/2780 2457/2590/2780
f 2376/2516/2781 2375/2513/2781 2424/2591/2781
f 2396/2541/2782 2395/2537/2782 2444/2592/2782
f 2382/2538/2783 2431/2593/2783 2432/2597/2783
f 2409/2539/2784 2458/2594/2784 2459/2598/2785
f 2376/2516/2786 2425/2595/2786 2426/2551/2786
f 2397/2545/2787 2396/2541/2787 2445/2596/2787
f 2439/2577/2788 2438/2574/2788 2487/2600/2788
f 2425/2595/2789 2474/2650/2789 2475/2602/2789
f 2453/2578/2790 2452/2575/2790 2501/2603/2790
f 2439/2577/2791 2488/2601/2791 2489/2605/2791
f 2427/2552/2792 2426/2551/2792 2475/2602/2792
f 2453/2578/2793 2502/2604/2793 2503/2607/2793
f 2440/2580/2794 2489/2605/2794 2490/2608/2794
f 2427/2552/2795 2476/2606/2795 2477/2609/2795
f 2455/2584/2796 2454/2581/2796 2503/2607/2796
f 2442/2586/2798 2441/2583/2798 2490/2608/2798
f 2428/2556/2799 2477/2609/2799 2478/2614/2799
f 2455/2584/2800 2504/2610/2800 2505/2615/2800
f 2415/2559/2801 2464/2612/2886 2465/2616/2801
f 2442/2586/2802 2491/2613/2802 2492/2617/2802
f 2430/2567/2803 2429/2562/4263 2478/2614/2803
f 2456/2587/2804 2505/2615/2804 2506/2619/2804
f 2416/2564/2754 2465/2616/2890 2466/2620/2805
f 2444/2592/2806 2443/2589/2806 2492/2617/2806
f 2431/2593/2807 2430/2567/2807 2479/2618/2807
f 2458/2594/2808 2457/2590/2808 2506/2619/2808
f 2418/2573/2809 2417/2569/2809 2466/2620/2809
f 2445/2596/2810 2444/2592/2810 2493/2621/2810
f 2432/2597/2811 2431/2593/2811 2480/2622/2811
f 2459/2598/2812 2458/2594/2812 2507/2623/2812
f 2419/2576/2813 2418/2573/2813 2467/2624/2813
f 2446/2599/2814 2445/2596/2814 2494/2625/2814
f 2432/2597/2815 2481/2626/2815 2482/2630/2815
f 2459/2598/2816 2508/2627/2816 2509/2631/2816
f 2419/2576/2817 2468/2628/2817 2469/2632/2817
f 2446/2599/2818 2495/2629/2818 2496/2633/2818
f 2433/2549/2819 2482/2630/2819 2483/2634/2819
f 2460/2550/2820 2509/2631/2820 2510/2635/2820
f 2420/2579/2821 2469/2632/2821 2470/2636/2821
f 2447/2553/2822 2496/2633/2822 2497/2637/2822
f 2434/2554/2823 2483/2634/2823 2484/2638/2823
f 2461/2555/2824 2510/2635/2825 2511/2639/2825
f 2422/2585/2826 2421/2582/2826 2470/2636/2826
f 2448/2557/2827 2497/2637/2827 2498/2641/2827
f 2436/2565/2829 2435/2560/2829 2484/2638/2829
f 2462/2561/2830 2511/2639/2859 2512/2643/2830
f 2423/2588/2831 2422/2585/2831 2471/2640/2831
f 2450/2568/2832 2449/2563/2832 2498/2641/2832
f 2436/2565/2833 2485/2642/2833 2486/2646/2833
f 2423/2588/2835 2472/2644/2835 2473/2648/2835
f 2451/2572/2836 2450/2568/2836 2499/2645/2836
f 2438/2574/2837 2437/2570/2837 2486/2646/2837
f 2425/2595/2838 2424/2591/2838 2473/2648/2838
f 2451/2572/2839 2500/2649/2839 2501/2603/2839
f 2481/2626/2840 2480/2622/2840 2529/2651/2840
f 2507/2623/2841 2556/2701/2841 2557/2653/2841
f 2468/2628/2842 2467/2624/4264 2516/2654/2842
f 2495/2629/2843 2494/2625/2843 2543/2656/2843
f 2481/2626/2844 2530/2652/2844 2531/2658/2844
f 2508/2627/2845 2557/2653/2845 2558/2659/2845
f 2469/2632/2847 2468/2628/2847 2517/2655/2847
f 2495/2629/2848 2544/2657/2848 2545/2661/2848
f 2482/2630/2849 2531/2658/2849 2532/2662/2849
f 2509/2631/2850 2558/2659/2850 2559/2663/2850
f 2469/2632/2851 2518/2660/2851 2519/2664/2851
f 2496/2633/2852 2545/2661/2852 2546/2665/2852
f 2483/2634/2853 2532/2662/2853 2533/2666/2853
f 2511/2639/2825 2510/2635/2825 2559/2663/2854
f 2471/2640/2855 2470/2636/2855 2519/2664/2855
f 2497/2637/2856 2546/2665/2856 2547/2669/2856
f 2485/2642/2858 2484/2638/2858 2533/2666/2858
f 2511/2639/2859 2560/2667/2860 2561/2671/2860
f 2472/2644/2861 2471/2640/2861 2520/2668/2861
f 2499/2645/2862 2498/2641/2862 2547/2669/2862
f 2485/2642/2863 2534/2670/2863 2535/2674/2863
f 2472/2644/2867 2521/2672/2867 2522/2676/2867
f 2500/2649/2868 2499/2645/2868 2548/2673/2868
f 2487/2600/2869 2486/2646/2869 2535/2674/2869
f 2474/2650/2871 2473/2648/2871 2522/2676/2871
f 2500/2649/2872 2549/2677/2872 2550/2680/2872
f 2488/2601/2873 2487/2600/2873 2536/2678/2873
f 2474/2650/2874 2523/2679/2874 2524/2682/2874
f 2502/2604/2875 2501/2603/2875 2550/2680/2875
f 2488/2601/2876 2537/2681/2876 2538/2684/2876
f 2476/2606/2877 2475/2602/2877 2524/2682/2877
f 2502/2604/2878 2551/2683/2878 2552/2686/2878
f 2489/2605/2879 2538/2684/4265 2539/2687/2879
f 2476/2606/2880 2525/2685/2880 2526/2688/2880
f 2504/2610/2881 2503/2607/2881 2552/2686/2881
f 2491/2613/2883 2490/2608/2883 2539/2687/2883
f 2477/2609/2884 2526/2688/2884 2527/2693/2884
f 2504/2610/2885 2553/2689/2885 2554/2694/2885
f 2464/2612/2886 2513/2691/2913 2514/2695/2886
f 2491/2613/2887 2540/2692/2887 2541/2696/2887
f 2479/2618/2888 2478/2614/4266 2527/2693/2888
f 2505/2615/2889 2554/2694/2889 2555/2698/2889
f 2465/2616/2890 2514/2695/2918 2515/2699/2890
f 2493/2621/2891 2492/2617/2891 2541/2696/2891
f 2480/2622/2892 2479/2618/2892 2528/2697/2892
f 2507/2623/2893 2506/2619/2893 2555/2698/2893
f 2467/2624/2894 2466/2620/2894 2515/2699/2894
f 2494/2625/2895 2493/2621/2895 2542/2700/2895
f 2536/2678/2896 2535/2674/2896 2584/2702/2896
f 2523/2679/2897 2522/2676/2897 2571/2704/2897
f 2549/2677/2898 2598/2752/2898 2599/2706/2898
f 2537/2681/2899 2536/2678/2899 2585/2703/2899
f 2523/2679/2900 2572/2705/2900 2573/2708/2900
f 2551/2683/2902 2550/2680/4267 2599/2706/2902
f 2537/2681/2903 2586/2707/2903 2587/2710/2903
f 2525/2685/2904 2524/2682/2904 2573/2708/2904
f 2551/2683/2905 2600/2709/2905 2601/2712/2905
f 2538/2684/2906 2587/2710/2906 2588/2713/2906
f 2525/2685/2907 2574/2711/2907 2575/2714/2907
f 2553/2689/2908 2552/2686/2908 2601/2712/2908
f 2540/2692/2910 2539/2687/2910 2588/2713/2910
f 2526/2688/2911 2575/2714/2911 2576/2719/2911
f 2553/2689/2912 2602/2715/2912 2603/2720/2912
f 2513/2691/2913 2562/2717/3000 2563/2721/2913
f 2540/2692/2914 2589/2718/4268 2590/2722/2914
f 2528/2697/2915 2527/2693/2915 2576/2719/2915
f 2554/2694/2916 2603/2720/2916 2604/2724/2916
f 2514/2695/2918 2563/2721/3004 2564/2725/2918
f 2542/2700/2919 2541/2696/2919 2590/2722/2919
f 2529/2651/2920 2528/2697/2920 2577/2723/2920
f 2556/2701/2921 2555/2698/2921 2604/2724/2921
f 2516/2654/2922 2515/2699/2922 2564/2725/2922
f 2543/2656/2923 2542/2700/2923 2591/2726/2923
f 2530/2652/2924 2529/2651/2924 2578/2727/2924
f 2557/2653/2925 2556/2701/2925 2605/2728/2925
f 2517/2655/2926 2516/2654/2926 2565/2729/2926
f 2544/2657/2927 2543/2656/2927 2592/2730/2927
f 2530/2652/2928 2579/2731/2928 2580/2735/2928
f 2557/2653/2929 2606/2732/2929 2607/2736/2929
f 2517/2655/2930 2566/2733/2930 2567/2737/2930
f 2544/2657/2931 2593/2734/2931 2594/2738/2931
f 2531/2658/2932 2580/2735/2932 2581/2739/2932
f 2558/2659/2933 2607/2736/2933 2608/2740/2933
f 2518/2660/2934 2567/2737/2934 2568/2741/2934
f 2545/2661/2935 2594/2738/2935 2595/2742/2935
f 2532/2662/2936 2581/2739/2936 2582/2743/2936
f 2559/2663/2854 2608/2740/2937 2609/2744/2937
f 2520/2668/2938 2519/2664/4269 2568/2741/2938
f 2546/2665/2939 2595/2742/2939 2596/2746/2939
f 2534/2670/2940 2533/2666/2940 2582/2743/2940
f 2561/2671/2860 2560/2667/2860 2609/2744/2942
f 2521/2672/2943 2520/2668/2943 2569/2745/2943
f 2548/2673/2944 2547/2669/2944 2596/2746/2944
f 2534/2670/2945 2583/2747/2945 2584/2702/2945
f 2521/2672/2947 2570/2749/2947 2571/2704/2947
f 2549/2677/2948 2548/2673/2948 2597/2750/2948
f 2578/2727/2949 2577/2723/2949 2627/2753/2949
f 2605/2728/2951 2604/2724/2951 2654/2755/2951
f 2565/2729/2952 2564/2725/2952 2614/2757/2952
f 2592/2730/2953 2591/2726/2953 2641/2759/2953
f 2579/2731/2954 2578/2727/4270 2628/2754/2954
f 2606/2732/2955 2605/2728/2955 2655/2756/2955
f 2565/2729/2956 2615/2758/2956 2616/2763/2956
f 2593/2734/2957 2592/2730/2957 2642/2760/2958
f 2579/2731/2960 2629/2761/4271 2630/2765/2961
f 2606/2732/2962 2656/2762/2962 2657/2766/2962
f 2566/2733/2963 2616/2763/2963 2617/2767/2963
f 2593/2734/2964 2643/2764/2964 2644/2768/2964
f 2580/2735/2966 2630/2765/2966 2631/2769/2966
f 2607/2736/2967 2657/2766/2967 2658/2770/2967
f 2567/2737/2968 2617/2767/2968 2618/2771/2968
f 2594/2738/2969 2644/2768/4272 2645/2772/2969
f 2581/2739/2970 2631/2769/2970 2632/2773/2970
f 2609/2744/2937 2608/2740/2937 2658/2770/2971
f 2569/2745/2972 2568/2741/2972 2618/2771/2972
f 2595/2742/2973 2645/2772/2973 2646/2776/2973
f 2583/2747/2974 2582/2743/2974 2632/2773/2974
f 2609/2744/2942 2659/2774/2975 2660/2778/2975
f 2570/2749/2976 2569/2745/2976 2619/2775/2976
f 2597/2750/2977 2596/2746/2977 2646/2776/2977
f 2583/2747/2979 2633/2777/2979 2634/2781/2979
f 2570/2749/2981 2620/2779/2981 2621/2783/2981
f 2598/2752/2982 2597/2750/2982 2647/2780/2982
f 2585/2703/2983 2584/2702/2983 2634/2781/2983
f 2572/2705/2984 2571/2704/2984 2621/2783/2984
f 2598/2752/2985 2648/2784/2985 2649/2787/2985
f 2586/2707/2986 2585/2703/2986 2635/2785/2986
f 2572/2705/2987 2622/2786/2987 2623/2789/2987
f 2600/2709/2989 2599/2706/4273 2649/2787/2989
f 2586/2707/2990 2636/2788/2990 2637/2791/2990
f 2574/2711/2991 2573/2708/2991 2623/2789/2991
f 2600/2709/2992 2650/2790/2992 2651/2793/2992
f 2587/2710/2993 2637/2791/2993 2638/2794/2993
f 2574/2711/2994 2624/2792/2994 2625/2795/2994
f 2602/2715/2995 2601/2712/2995 2651/2793/2995
f 2589/2718/2997 2588/2713/2997 2638/2794/2997
f 2575/2714/2998 2625/2795/4274 2626/2800/2998
f 2602/2715/2999 2652/2796/2999 2653/2801/2999
f 2562/2717/3000 2612/2798/3028 2613/2802/3000
f 2589/2718/3001 2639/2799/3001 2640/2803/3001
f 2577/2723/3002 2576/2719/3002 2626/2800/3002
f 2603/2720/3003 2653/2801/3003 2654/2755/3003
f 2563/2721/3004 2613/2802/3032 2614/2757/3004
f 2591/2726/3005 2590/2722/3005 2640/2803/3005
f 2633/2777/3006 2682/2853/3006 2683/2804/3006
f 2620/2779/3008 2669/2854/3008 2670/2807/3008
f 2648/2784/3009 2647/2780/4275 2696/2808/3009
f 2635/2785/3010 2634/2781/3010 2683/2804/3010
f 2622/2786/3011 2621/2783/3011 2670/2807/3011
f 2648/2784/3012 2697/2809/3012 2698/2812/3012
f 2636/2788/3013 2635/2785/3013 2684/2810/3013
f 2622/2786/3014 2671/2811/3014 2672/2814/3014
f 2650/2790/3016 2649/2787/4276 2698/2812/3016
f 2636/2788/3017 2685/2813/3017 2686/2816/3017
f 2624/2792/3018 2623/2789/3018 2672/2814/3018
f 2650/2790/3019 2699/2815/3019 2700/2818/3019
f 2637/2791/3020 2686/2816/3020 2687/2819/3020
f 2624/2792/3021 2673/2817/3021 2674/2820/3021
f 2652/2796/3023 2651/2793/3023 2700/2818/3023
f 2639/2799/3025 2638/2794/3025 2687/2819/3025
f 2625/2795/3026 2674/2820/3026 2675/2825/3026
f 2652/2796/3027 2701/2821/3027 2702/2826/3027
f 2612/2798/3028 2661/2823/3113 2662/2827/3028
f 2639/2799/3029 2688/2824/3029 2689/2828/3029
f 2627/2753/3030 2626/2800/3030 2675/2825/3030
f 2653/2801/3031 2702/2826/3031 2703/2830/3031
f 2613/2802/3032 2662/2827/3061 2663/2831/3032
f 2641/2759/3033 2640/2803/3033 2689/2828/3033
f 2627/2753/3034 2676/2829/3034 2677/2833/3034
f 2655/2756/3035 2654/2755/3035 2703/2830/3035
f 2614/2757/3036 2663/2831/3036 2664/2835/3036
f 2642/2760/3037 2641/2759/3037 2690/2832/3037
f 2629/2761/3038 2628/2754/3038 2677/2833/3038
f 2655/2756/3039 2704/2834/3039 2705/2838/3039
f 2615/2758/3040 2664/2835/3040 2665/2839/3040
f 2643/2764/3041 2642/2760/3041 2691/2836/3041
f 2629/2761/3042 2678/2837/3042 2679/2841/3042
f 2656/2762/3043 2705/2838/3043 2706/2842/3043
f 2617/2767/3044 2616/2763/3044 2665/2839/3044
f 2643/2764/3045 2692/2840/3045 2693/2844/3045
f 2630/2765/3046 2679/2841/3046 2680/2845/3046
f 2657/2766/3047 2706/2842/3047 2707/2846/3047
f 2617/2767/3048 2666/2843/3048 2667/2847/3048
f 2645/2772/3049 2644/2768/3049 2693/2844/3049
f 2631/2769/3050 2680/2845/3050 2681/2849/3050
f 2658/2770/2971 2707/2846/3081 2708/2850/3051
f 2619/2775/3052 2618/2771/3052 2667/2847/3052
f 2645/2772/3053 2694/2848/3053 2695/2852/3053
f 2633/2777/3054 2632/2773/3054 2681/2849/3054
f 2660/2778/2975 2659/2774/2975 2708/2850/3055
f 2620/2779/3057 2619/2775/3057 2668/2851/3057
f 2647/2780/3058 2646/2776/3058 2695/2852/3058
f 2676/2829/3059 2675/2825/3059 2724/2855/3059
f 2702/2826/3060 2751/2904/3060 2752/2857/3060
f 2662/2827/3061 2711/2905/3062 2712/2858/3062
f 2690/2832/3063 2689/2828/3063 2738/2859/3063
f 2676/2829/3064 2725/2856/3064 2726/2861/3064
f 2704/2834/3065 2703/2830/3065 2752/2857/3065
f 2664/2835/3066 2663/2831/3066 2712/2858/3066
f 2691/2836/3067 2690/2832/3067 2739/2860/3067
f 2678/2837/3068 2677/2833/3068 2726/2861/3068
f 2705/2838/3069 2704/2834/3069 2753/2862/3069
f 2665/2839/3070 2664/2835/3070 2713/2863/3070
f 2692/2840/3071 2691/2836/3071 2740/2864/3071
f 2678/2837/3072 2727/2865/3072 2728/2869/3072
f 2705/2838/3073 2754/2866/3073 2755/2870/3073
f 2665/2839/3074 2714/2867/3074 2715/2871/3074
f 2692/2840/3075 2741/2868/3075 2742/2872/3075
f 2679/2841/3076 2728/2869/3076 2729/2873/3076
f 2706/2842/3077 2755/2870/3077 2756/2874/3077
f 2666/2843/3078 2715/2871/3078 2716/2875/3078
f 2693/2844/3079 2742/2872/3079 2743/2876/3079
f 2680/2845/3080 2729/2873/3080 2730/2877/3080
f 2707/2846/3081 2756/2874/3082 2757/2878/3082
f 2668/2851/3083 2667/2847/3083 2716/2875/3083
f 2694/2848/3084 2743/2876/3084 2744/2880/3084
f 2682/2853/3085 2681/2849/3085 2730/2877/3085
f 2709/2806/3056 2708/2850/3055 2757/2878/3086
f 2669/2854/3088 2668/2851/3088 2717/2879/3088
f 2696/2808/3089 2695/2852/4277 2744/2880/3089
f 2682/2853/3090 2731/2881/3090 2732/2885/3090
f 2669/2854/3092 2718/2883/3092 2719/2887/3092
f 2697/2809/3093 2696/2808/3093 2745/2884/3093
f 2684/2810/3094 2683/2804/3094 2732/2885/3094
f 2671/2811/3095 2670/2807/3095 2719/2887/3095
f 2697/2809/3096 2746/2888/3096 2747/2891/3096
f 2684/2810/3097 2733/2889/3097 2734/2892/3097
f 2671/2811/3098 2720/2890/3098 2721/2893/3098
f 2699/2815/3099 2698/2812/3099 2747/2891/3099
f 2685/2813/3100 2734/2892/3100 2735/2895/3100
f 2673/2817/3101 2672/2814/3101 2721/2893/3101
f 2699/2815/3102 2748/2894/3102 2749/2897/3102
f 2686/2816/3103 2735/2895/3103 2736/2898/3103
f 2673/2817/3104 2722/2896/3104 2723/2899/3104
f 2701/2821/3105 2700/2818/3105 2749/2897/3105
f 2688/2824/3109 2687/2819/3109 2736/2898/3109
f 2674/2820/3110 2723/2899/3110 2724/2855/3110
f 2701/2821/3112 2750/2900/3112 2751/2904/3112
f 2661/2823/3113 2710/2902/3139 2711/2905/3113
f 2688/2824/3114 2737/2903/3114 2738/2859/3114
f 2731/2906/3115 2730/3002/3115 2779/2907/3115
f 2757/2909/3086 2806/3003/3116 2807/2910/3116
f 2718/2912/3117 2717/3004/3117 2766/2913/3117
f 2745/2915/3118 2744/3005/3118 2793/2916/3118
f 2731/2906/3119 2780/2908/3119 2781/2918/3119
f 2718/2912/3121 2767/2914/3121 2768/2921/3121
f 2746/2923/3122 2745/2915/3122 2794/2917/3122
f 2733/2925/3123 2732/2919/3123 2781/2918/3123
f 2720/2927/3124 2719/2922/3124 2768/2921/3124
f 2746/2923/3125 2795/2924/3125 2796/2929/3125
f 2734/2931/3126 2733/2925/3126 2782/2926/3126
f 2720/2927/3127 2769/2928/3127 2770/2933/3127
f 2748/2935/3128 2747/2930/3128 2796/2929/3128
f 2734/2931/3129 2783/2932/3129 2784/2937/3129
f 2722/2939/3130 2721/2934/3130 2770/2933/3130
f 2748/2935/3131 2797/2936/3131 2798/2941/3131
f 2735/2938/3132 2784/2937/3132 2785/2943/3132
f 2722/2939/3133 2771/2940/3133 2772/2945/3133
f 2750/2947/3134 2749/2942/3134 2798/2941/3134
f 2737/2952/3136 2736/2944/3136 2785/2943/3136
f 2723/2946/3137 2772/2945/3137 2773/2954/3137
f 2750/2947/3138 2799/2948/3138 2800/2956/3138
f 2710/2949/3139 2759/2951/3170 2760/2958/3140
f 2737/2952/3141 2786/2953/3141 2787/2960/3141
f 2725/2962/3142 2724/2955/3142 2773/2954/3142
f 2751/2957/3143 2800/2956/3143 2801/2964/3143
f 2712/2966/3062 2711/2959/3062 2760/2958/3144
f 2739/2968/3146 2738/2961/3146 2787/2960/3146
f 2725/2962/3147 2774/2963/3147 2775/2970/3147
f 2753/2972/3148 2752/2965/3148 2801/2964/3148
f 2713/2974/3149 2712/2966/3149 2761/2967/3149
f 2740/2976/3150 2739/2968/3150 2788/2969/3150
f 2727/2978/3151 2726/2971/3151 2775/2970/3151
f 2753/2972/3152 2802/2973/3152 2803/2980/3152
f 2714/2982/3153 2713/2974/3153 2762/2975/3153
f 2741/2984/3154 2740/2976/3154 2789/2977/3154
f 2727/2978/3155 2776/2979/3155 2777/2986/3155
f 2754/2981/3156 2803/2980/3156 2804/2988/3156
f 2714/2982/3157 2763/2983/3157 2764/2990/3157
f 2741/2984/3158 2790/2985/3158 2791/2992/3158
f 2728/2987/3159 2777/2986/3159 2778/2994/3159
f 2755/2989/3160 2804/2988/3160 2805/2996/3160
f 2715/2991/3161 2764/2990/3161 2765/2998/3161
f 2743/3000/3162 2742/2993/3162 2791/2992/3162
f 2729/2995/3163 2778/2994/3163 2779/2907/3163
f 2757/2909/3082 2756/2997/3082 2805/2996/3164
f 2717/3004/3165 2716/2999/3165 2765/2998/3165
f 2743/3000/3166 2792/3001/3166 2793/2916/3166
f 2772/2945/3167 2821/3052/3167 2822/3006/3167
f 2799/2948/3169 2848/3053/3169 2849/3007/3169
f 2759/2951/3170 2808/3055/3250 2809/3008/3171
f 2786/2953/3172 2835/3056/3172 2836/3009/3172
f 2774/2963/3173 2773/2954/3173 2822/3006/3173
f 2800/2956/3174 2849/3007/3174 2850/3011/3174
f 2761/2967/3145 2760/2958/3144 2809/3008/3175
f 2788/2969/3176 2787/2960/3176 2836/3009/3176
f 2775/2970/3177 2774/2963/3177 2823/3010/3177
f 2802/2973/3178 2801/2964/3178 2850/3011/3178
f 2761/2967/3179 2810/3012/3179 2811/3016/3179
f 2789/2977/3180 2788/2969/3180 2837/3013/3180
f 2776/2979/3181 2775/2970/3181 2824/3014/3181
f 2802/2973/3182 2851/3015/3182 2852/3019/3182
f 2763/2983/3183 2762/2975/3183 2811/3016/3183
f 2790/2985/3184 2789/2977/3184 2838/3017/3184
f 2776/2979/3185 2825/3018/3185 2826/3022/3185
f 2803/2980/3186 2852/3019/3186 2853/3023/3186
f 2764/2990/3187 2763/2983/3187 2812/3020/3187
f 2790/2985/3188 2839/3021/3188 2840/3025/3188
f 2777/2986/3189 2826/3022/3189 2827/3026/3189
f 2804/2988/3190 2853/3023/3190 2854/3027/3190
f 2764/2990/3191 2813/3024/3191 2814/3028/3191
f 2791/2992/3192 2840/3025/3192 2841/3029/3192
f 2778/2994/3193 2827/3026/3193 2828/3030/3193
f 2805/2996/3164 2854/3027/3194 2855/3031/3194
f 2766/2913/3195 2765/2998/3195 2814/3028/3195
f 2792/3001/3196 2841/3029/3196 2842/3033/3196
f 2780/2908/3197 2779/2907/3197 2828/3030/3197
f 2807/2910/3116 2806/3003/3116 2855/3031/3198
f 2767/2914/3199 2766/2913/3199 2815/3032/3199
f 2794/2917/3200 2793/2916/4278 2842/3033/3200
f 2780/2908/3201 2829/3034/3201 2830/3038/3201
f 2767/2914/3205 2816/3036/3205 2817/3040/3205
f 2795/2924/3206 2794/2917/3206 2843/3037/3206
f 2782/2926/3207 2781/2918/3207 2830/3038/3207
f 2769/2928/3208 2768/2921/3208 2817/3040/3208
f 2795/2924/3209 2844/3041/3209 2845/3044/3209
f 2783/2932/3210 2782/2926/3210 2831/3042/3210
f 2769/2928/3211 2818/3043/3211 2819/3046/3211
f 2797/2936/3212 2796/2929/3212 2845/3044/3212
f 2783/2932/3213 2832/3045/3213 2833/3048/3213
f 2771/2940/3214 2770/2933/3214 2819/3046/3214
f 2797/2936/3215 2846/3047/3215 2847/3050/3215
f 2784/2937/3216 2833/3048/3216 2834/3051/3216
f 2771/2940/3217 2820/3049/3217 2821/3052/3217
f 2799/2948/3218 2798/2941/3218 2847/3050/3218
f 2786/2953/3220 2785/2943/3220 2834/3051/3220
f 2827/3026/3221 2876/3106/3221 2877/3057/3221
f 2855/3031/3194 2854/3027/3194 2903/3058/3222
f 2815/3032/3224 2814/3028/3224 2863/3060/3224
f 2841/3029/3225 2890/3107/3225 2891/3062/3225
f 2829/3034/3226 2828/3030/3226 2877/3057/3226
f 2855/3031/3198 2904/3059/3309 2905/3064/3227
f 2816/3036/3228 2815/3032/3228 2864/3061/3228
f 2843/3037/3229 2842/3033/3229 2891/3062/3229
f 2829/3034/3230 2878/3063/3230 2879/3067/3230
f 2816/3036/3232 2865/3065/3232 2866/3069/3232
f 2844/3041/3233 2843/3037/3233 2892/3066/3233
f 2831/3042/3234 2830/3038/3234 2879/3067/3234
f 2818/3043/3235 2817/3040/3235 2866/3069/3235
f 2844/3041/3236 2893/3070/3236 2894/3073/3236
f 2832/3045/3237 2831/3042/3237 2880/3071/3237
f 2818/3043/3238 2867/3072/3238 2868/3075/3238
f 2846/3047/3239 2845/3044/3239 2894/3073/3239
f 2832/3045/3240 2881/3074/3240 2882/3077/3240
f 2820/3049/3241 2819/3046/3241 2868/3075/3241
f 2846/3047/3242 2895/3076/3242 2896/3079/3242
f 2833/3048/3243 2882/3077/3243 2883/3080/3243
f 2820/3049/3244 2869/3078/3244 2870/3081/3244
f 2848/3053/3245 2847/3050/3245 2896/3079/3245
f 2835/3056/3247 2834/3051/3247 2883/3080/3247
f 2821/3052/3248 2870/3081/3248 2871/3086/3248
f 2848/3053/3249 2897/3082/3249 2898/3087/3249
f 2808/3055/3250 2857/3084/3251 2858/3088/3251
f 2835/3056/3252 2884/3085/3252 2885/3089/3252
f 2823/3010/3253 2822/3006/3253 2871/3086/3253
f 2849/3007/3254 2898/3087/3254 2899/3091/3254
f 2809/3008/3175 2858/3088/3285 2859/3092/3255
f 2837/3013/3256 2836/3009/3256 2885/3089/3256
f 2823/3010/3257 2872/3090/3257 2873/3094/3257
f 2851/3015/3258 2850/3011/3258 2899/3091/3258
f 2811/3016/3259 2810/3012/3259 2859/3092/3259
f 2838/3017/3260 2837/3013/3260 2886/3093/3260
f 2825/3018/3261 2824/3014/3261 2873/3094/3261
f 2852/3019/3262 2851/3015/3263 2900/3095/3263
f 2811/3016/3264 2860/3096/3264 2861/3100/3264
f 2839/3021/3265 2838/3017/3265 2887/3097/3265
f 2825/3018/3266 2874/3098/3266 2875/3102/3266
f 2853/3023/3267 2852/3019/3267 2901/3099/3267
f 2812/3020/3268 2861/3100/3268 2862/3104/3269
f 2839/3021/3270 2888/3101/3270 2889/3105/3270
f 2826/3022/3271 2875/3102/3271 2876/3106/3271
f 2853/3023/3272 2902/3103/3272 2903/3058/3272
f 2813/3024/3273 2862/3104/3273 2863/3060/3273
f 2841/3029/3274 2840/3025/3274 2889/3105/3274
f 2869/3078/3275 2918/3158/3275 2919/3108/3275
f 2897/3082/3276 2896/3079/3276 2945/3109/3276
f 2884/3085/3278 2883/3080/3278 2932/3113/3278
f 2870/3081/3279 2919/3108/3279 2920/3115/3279
f 2897/3082/3280 2946/3110/3280 2947/3116/3280
f 2858/3088/3251 2857/3084/3251 2906/3112/3281
f 2884/3085/3282 2933/3114/3282 2934/3118/3282
f 2872/3090/3283 2871/3086/3283 2920/3115/3283
f 2898/3087/3284 2947/3116/3284 2948/3120/3284
f 2858/3088/3285 2907/3117/3286 2908/3121/3286
f 2886/3093/3287 2885/3089/3287 2934/3118/3287
f 2872/3090/3288 2921/3119/3288 2922/3123/3288
f 2900/3095/3289 2899/3091/3289 2948/3120/3289
f 2860/3096/3290 2859/3092/3290 2908/3121/3290
f 2887/3097/3291 2886/3093/3291 2935/3122/3291
f 2874/3098/3292 2873/3094/3292 2922/3123/3292
f 2900/3095/3293 2949/3124/3293 2950/3128/3293
f 2860/3096/3294 2909/3125/3294 2910/3129/3294
f 2888/3101/3295 2887/3097/3295 2936/3126/3295
f 2874/3098/3296 2923/3127/3296 2924/3131/3296
f 2901/3099/3297 2950/3128/3297 2951/3132/3297
f 2862/3104/3298 2861/3100/3298 2910/3129/3298
f 2888/3101/3299 2937/3130/3299 2938/3134/3299
f 2875/3102/3300 2924/3131/3300 2925/3135/3300
f 2902/3103/3301 2951/3132/3301 2952/3136/3301
f 2862/3104/3302 2911/3133/3302 2912/3137/3302
f 2890/3107/3303 2889/3105/3303 2938/3134/3303
f 2876/3106/3304 2925/3135/3304 2926/3139/3304
f 2904/3059/3223 2903/3058/3222 2952/3136/3223
f 2864/3061/3306 2863/3060/3306 2912/3137/3306
f 2890/3107/3307 2939/3138/3307 2940/3142/3307
f 2878/3063/3308 2877/3057/3308 2926/3139/3308
f 2904/3059/3309 2953/3140/3310 2954/3144/3310
f 2865/3065/3311 2864/3061/3311 2913/3141/3311
f 2892/3066/3312 2891/3062/3312 2940/3142/3312
f 2878/3063/3313 2927/3143/3313 2928/3147/3313
f 2865/3065/3315 2914/3145/3315 2915/3149/3315
f 2893/3070/3316 2892/3066/3316 2941/3146/3316
f 2880/3071/3317 2879/3067/3317 2928/3147/3317
f 2867/3072/3318 2866/3069/3318 2915/3149/3318
f 2893/3070/3319 2942/3150/3319 2943/3153/3319
f 2880/3071/3320 2929/3151/3320 2930/3154/3320
f 2867/3072/3321 2916/3152/3321 2917/3155/3321
f 2895/3076/3322 2894/3073/3322 2943/3153/3322
f 2881/3074/3323 2930/3154/3323 2931/3157/3323
f 2869/3078/3324 2868/3075/3324 2917/3155/3324
f 2895/3076/3325 2944/3156/3325 2945/3109/3325
f 2882/3077/3326 2931/3157/3326 2932/3113/3326
f 2924/3131/3327 2973/3208/3327 2974/3159/3327
f 2952/3136/3328 2951/3132/3328 3000/3160/3328
f 2911/3133/3329 2960/3209/3329 2961/3162/3329
f 2939/3138/3330 2938/3134/3330 2987/3163/3330
f 2925/3135/3331 2974/3159/3331 2975/3165/3331
f 2953/3140/3305 2952/3136/3223 3001/3161/3305
f 2913/3141/3333 2912/3137/3333 2961/3162/3333
f 2939/3138/3334 2988/3164/3334 2989/3168/3334
f 2927/3143/3335 2926/3139/3335 2975/3165/3335
f 2954/3144/3310 2953/3140/3310 3002/3166/3336
f 2914/3145/3338 2913/3141/3338 2962/3167/3338
f 2941/3146/3339 2940/3142/3339 2989/3168/3339
f 2927/3143/3340 2976/3169/3340 2977/3173/3340
f 2914/3145/3342 2963/3171/3342 2964/3175/3342
f 2942/3150/3343 2941/3146/3343 2990/3172/3343
f 2929/3151/3344 2928/3147/3344 2977/3173/3344
f 2916/3152/3345 2915/3149/3345 2964/3175/3345
f 2942/3150/3346 2991/3176/3346 2992/3179/3346
f 2929/3151/3347 2978/3177/3347 2979/3180/3347
f 2916/3152/3348 2965/3178/3348 2966/3181/3348
f 2944/3156/3349 2943/3153/3349 2992/3179/3349
f 2931/3157/3350 2930/3154/3350 2979/3180/3350
f 2918/3158/3351 2917/3155/3351 2966/3181/3351
f 2944/3156/3352 2993/3182/3352 2994/3185/3352
f 2931/3157/3353 2980/3183/3353 2981/3186/3353
f 2918/3158/3354 2967/3184/3354 2968/3187/3354
f 2946/3110/3355 2945/3109/3355 2994/3185/3355
f 2933/3114/3357 2932/3113/3357 2981/3186/3357
f 2919/3108/3358 2968/3187/3358 2969/3192/3358
f 2946/3110/3359 2995/3188/3359 2996/3193/3359
f 2906/3112/3281 2955/3190/3390 2956/3194/3360
f 2933/3114/3361 2982/3191/3361 2983/3195/3361
f 2921/3119/3362 2920/3115/3362 2969/3192/3362
f 2947/3116/3363 2996/3193/3363 2997/3197/3363
f 2908/3121/3286 2907/3117/3286 2956/3194/3364
f 2935/3122/3366 2934/3118/3366 2983/3195/3366
f 2921/3119/3367 2970/3196/3367 2971/3200/3367
f 2949/3124/3368 2948/3120/3368 2997/3197/3368
f 2908/3121/3369 2957/3198/3369 2958/3202/3369
f 2936/3126/3370 2935/3122/3370 2984/3199/3370
f 2923/3127/3371 2922/3123/3371 2971/3200/3371
f 2950/3128/3372 2949/3124/3372 2998/3201/3372
f 2909/3125/3373 2958/3202/3373 2959/3206/3373
f 2937/3130/3374 2936/3126/3374 2985/3203/3374
f 2923/3127/3375 2972/3204/3375 2973/3208/3375
f 2950/3128/3376 2999/3205/3376 3000/3160/3376
f 2910/3129/3377 2959/3206/3377 2960/3209/3377
f 2937/3130/3378 2986/3207/3378 2987/3163/3378
f 2967/3184/3379 2966/3181/3379 3015/3210/3379
f 2993/3182/3380 3042/3259/3380 3043/3212/3380
f 2980/3183/3381 3029/3260/3381 3030/3213/3381
f 2967/3184/3382 3016/3211/3382 3017/3214/3382
f 2995/3188/3383 2994/3185/3383 3043/3212/3383
f 2982/3191/3387 2981/3186/3387 3030/3213/3387
f 2968/3187/3388 3017/3214/3388 3018/3219/3388
f 2995/3188/3389 3044/3215/3389 3045/3220/3389
f 2955/3190/3390 3004/3217/3473 3005/3221/3390
f 2982/3191/3391 3031/3218/3391 3032/3222/3391
f 2970/3196/3392 2969/3192/4279 3018/3219/3392
f 2996/3193/3393 3045/3220/3393 3046/3224/3393
f 2956/3194/3364 3005/3221/3478 3006/3225/3394
f 2984/3199/3395 2983/3195/3395 3032/3222/3395
f 2970/3196/3396 3019/3223/3396 3020/3227/3396
f 2998/3201/3397 2997/3197/3397 3046/3224/3397
f 2958/3202/3398 2957/3198/3398 3006/3225/3398
f 2985/3203/3399 2984/3199/3399 3033/3226/3399
f 2972/3204/3400 2971/3200/3400 3020/3227/3400
f 2999/3205/3401 2998/3201/3401 3047/3228/3401
f 2958/3202/3402 3007/3229/3402 3008/3233/3402
f 2986/3207/3403 2985/3203/3403 3034/3230/3403
f 2972/3204/3404 3021/3231/3404 3022/3235/3404
f 2999/3205/3405 3048/3232/3405 3049/3236/3405
f 2959/3206/3406 3008/3233/3406 3009/3237/3406
f 2986/3207/3407 3035/3234/3407 3036/3238/3407
f 2973/3208/3408 3022/3235/3408 3023/3239/3408
f 3000/3160/3409 3049/3236/3409 3050/3240/3409
f 2960/3209/3410 3009/3237/3410 3010/3241/3410
f 2988/3164/3411 2987/3163/3411 3036/3238/3411
f 2974/3159/3412 3023/3239/3412 3024/3243/3412
f 3002/3166/3332 3001/3161/3305 3050/3240/3413
f 2962/3167/3414 2961/3162/3414 3010/3241/3414
f 2988/3164/3415 3037/3242/3415 3038/3246/3415
f 2976/3169/3417 2975/3165/3417 3024/3243/3417
f 3003/3170/3337 3002/3166/3336 3051/3244/3418
f 2963/3171/3419 2962/3167/3419 3011/3245/3419
f 2990/3172/3420 2989/3168/3420 3038/3246/3420
f 2976/3169/3421 3025/3247/3421 3026/3251/3421
f 2963/3171/3423 3012/3249/3423 3013/3253/3423
f 2991/3176/3424 2990/3172/3424 3039/3250/3424
f 2978/3177/3425 2977/3173/3425 3026/3251/3425
f 2965/3178/3426 2964/3175/3426 3013/3253/3426
f 2991/3176/3427 3040/3254/3427 3041/3257/3427
f 2978/3177/3428 3027/3255/3428 3028/3258/3428
f 2965/3178/3430 3014/3256/3430 3015/3210/3430
f 2993/3182/3431 2992/3179/3431 3041/3257/3431
f 2980/3183/3432 2979/3180/4280 3028/3258/3432
f 3021/3231/3433 3070/3309/3433 3071/3261/3433
f 3048/3232/3434 3097/3310/3434 3098/3262/3434
f 3009/3237/3435 3008/3233/3435 3057/3263/3435
f 3035/3234/3436 3084/3311/3436 3085/3265/3436
f 3022/3235/3437 3071/3261/3437 3072/3266/3437
f 3049/3236/3438 3098/3262/3438 3099/3267/3438
f 3009/3237/3439 3058/3264/3439 3059/3268/3439
f 3037/3242/3441 3036/3238/3441 3085/3265/3441
f 3023/3239/3442 3072/3266/3442 3073/3270/3442
f 3050/3240/3413 3099/3267/3529 3100/3271/3443
f 3011/3245/3444 3010/3241/3444 3059/3268/3444
f 3037/3242/3445 3086/3269/3445 3087/3273/3445
f 3025/3247/3447 3024/3243/3447 3073/3270/3447
f 3051/3244/3418 3100/3271/3534 3101/3275/3448
f 3012/3249/3449 3011/3245/3449 3060/3272/3449
f 3039/3250/3450 3038/3246/3450 3087/3273/3450
f 3025/3247/3451 3074/3274/3451 3075/3278/3451
f 3012/3249/3453 3061/3276/3453 3062/3280/3453
f 3040/3254/3454 3039/3250/3454 3088/3277/3454
f 3027/3255/3455 3026/3251/3455 3075/3278/3455
f 3014/3256/3456 3013/3253/3456 3062/3280/3456
f 3040/3254/3457 3089/3281/3457 3090/3284/3457
f 3027/3255/3458 3076/3282/3458 3077/3285/3458
f 3014/3256/3459 3063/3283/3459 3064/3286/3460
f 3042/3259/3461 3041/3257/3462 3090/3284/3462
f 3028/3258/3463 3077/3285/3463 3078/3288/3463
f 3016/3211/3464 3015/3210/3464 3064/3286/3464
f 3042/3259/3465 3091/3287/3465 3092/3290/3465
f 3029/3260/3466 3078/3288/3466 3079/3291/3466
f 3016/3211/3467 3065/3289/3467 3066/3292/3467
f 3044/3215/3468 3043/3212/3468 3092/3290/3468
f 3031/3218/3470 3030/3213/3470 3079/3291/3470
f 3017/3214/3471 3066/3292/3471 3067/3297/3471
f 3044/3215/3472 3093/3293/3472 3094/3298/3472
f 3004/3217/3473 3053/3295/3501 3054/3299/3474
f 3031/3218/3475 3080/3296/3475 3081/3300/3475
f 3019/3223/3476 3018/3219/4281 3067/3297/3476
f 3045/3220/3477 3094/3298/3477 3095/3302/3477
f 3005/3221/3478 3054/3299/3505 3055/3303/3479
f 3033/3226/3480 3032/3222/3480 3081/3300/3480
f 3019/3223/3481 3068/3301/3481 3069/3305/3481
f 3047/3228/3482 3046/3224/4282 3095/3302/3482
f 3007/3229/3483 3006/3225/3483 3055/3303/3483
f 3034/3230/3484 3033/3226/3484 3082/3304/3484
f 3021/3231/3485 3020/3227/3485 3069/3305/3485
f 3048/3232/3486 3047/3228/3486 3096/3306/3486
f 3008/3233/3487 3007/3229/3487 3056/3307/3487
f 3035/3234/3488 3034/3230/3488 3083/3308/3488
f 3063/3283/3489 3112/3361/3489 3113/3312/3489
f 3091/3287/3490 3090/3284/3490 3139/3313/3490
f 3077/3285/3491 3126/3362/3491 3127/3315/3491
f 3065/3289/3492 3064/3286/3492 3113/3312/3492
f 3091/3287/3493 3140/3314/3493 3141/3317/3493
f 3078/3288/3494 3127/3315/3494 3128/3318/3494
f 3065/3289/3495 3114/3316/3495 3115/3319/3495
f 3093/3293/3496 3092/3290/3496 3141/3317/3496
f 3080/3296/3498 3079/3291/3498 3128/3318/3498
f 3066/3292/3499 3115/3319/3499 3116/3324/3499
f 3093/3293/3500 3142/3320/3500 3143/3325/3500
f 3053/3295/3501 3102/3322/3594 3103/3326/3501
f 3080/3296/3502 3129/3323/3502 3130/3327/3502
f 3067/3297/3503 3116/3324/3503 3117/3328/3503
f 3094/3298/3504 3143/3325/3504 3144/3329/3504
f 3054/3299/3505 3103/3326/3598 3104/3330/3506
f 3082/3304/3507 3081/3300/3507 3130/3327/3507
f 3068/3301/3508 3117/3328/3508 3118/3332/3508
f 3096/3306/3509 3095/3302/3509 3144/3329/3509
f 3056/3307/3510 3055/3303/3511 3104/3330/3511
f 3083/3308/3512 3082/3304/3512 3131/3331/3512
f 3070/3309/3514 3069/3305/3514 3118/3332/3514
f 3097/3310/3515 3096/3306/3515 3145/3333/3515
f 3057/3263/3516 3056/3307/3516 3105/3334/3516
f 3084/3311/3517 3083/3308/3517 3132/3335/3518
f 3070/3309/3519 3119/3336/4283 3120/3340/3519
f 3097/3310/3520 3146/3337/3520 3147/3341/3520
f 3057/3263/3521 3106/3338/3521 3107/3342/3521
f 3084/3311/3522 3133/3339/3522 3134/3343/3522
f 3071/3261/3523 3120/3340/4284 3121/3344/3523
f 3098/3262/3524 3147/3341/3524 3148/3345/3525
f 3058/3264/3526 3107/3342/3526 3108/3346/3526
f 3086/3269/3527 3085/3265/3527 3134/3343/3527
f 3072/3266/3528 3121/3344/3528 3122/3348/3528
f 3099/3267/3529 3148/3345/3562 3149/3349/3530
f 3060/3272/3531 3059/3268/3531 3108/3346/3531
f 3086/3269/3532 3135/3347/3532 3136/3351/3532
f 3074/3274/3533 3073/3270/3533 3122/3348/3533
f 3100/3271/3534 3149/3349/3535 3150/3353/3535
f 3061/3276/3536 3060/3272/3536 3109/3350/3536
f 3088/3277/3537 3087/3273/3537 3136/3351/3537
f 3074/3274/3538 3123/3352/3538 3124/3356/3538
f 3061/3276/3542 3110/3354/3542 3111/3358/3542
f 3089/3281/3543 3088/3277/3543 3137/3355/3543
f 3076/3282/3544 3075/3278/3544 3124/3356/3544
f 3063/3283/3545 3062/3280/3545 3111/3358/3545
f 3089/3281/3546 3138/3359/3546 3139/3313/3546
f 3076/3282/3547 3125/3360/3547 3126/3362/3547
f 3119/3336/3548 3118/3332/3548 3167/3363/3548
f 3146/3337/3549 3145/3333/3549 3194/3365/3549
f 3106/3338/3550 3105/3334/3550 3154/3367/3550
f 3132/3335/3551 3181/3413/3551 3182/3369/3551
f 3120/3340/3552 3119/3336/3552 3168/3364/3552
f 3146/3337/3553 3195/3366/3553 3196/3371/3553
f 3106/3338/3554 3155/3368/3554 3156/3372/3554
f 3133/3339/3555 3182/3369/3555 3183/3373/3555
f 3120/3340/3556 3169/3370/3556 3170/3374/3556
f 3147/3341/3557 3196/3371/3557 3197/3375/3557
f 3107/3342/3558 3156/3372/3558 3157/3376/3558
f 3135/3347/3559 3134/3343/3559 3183/3373/3559
f 3121/3344/3560 3170/3374/3560 3171/3378/3560
f 3148/3345/3562 3197/3375/3563 3198/3379/3563
f 3109/3350/3564 3108/3346/3564 3157/3376/3564
f 3135/3347/3565 3184/3377/3565 3185/3381/3565
f 3123/3352/3566 3122/3348/3566 3171/3378/3566
f 3150/3353/3535 3149/3349/3535 3198/3379/3567
f 3110/3354/3569 3109/3350/3569 3158/3380/3569
f 3137/3355/3570 3136/3351/3570 3185/3381/3570
f 3123/3352/3572 3172/3382/3572 3173/3386/3572
f 3110/3354/3574 3159/3384/3574 3160/3388/3574
f 3138/3359/3575 3137/3355/3575 3186/3385/3575
f 3125/3360/3577 3124/3356/3577 3173/3386/3577
f 3112/3361/3578 3111/3358/3578 3160/3388/3578
f 3138/3359/3579 3187/3389/4285 3188/3392/3579
f 3125/3360/3580 3174/3390/3580 3175/3393/3580
f 3112/3361/3581 3161/3391/3581 3162/3394/3581
f 3140/3314/3582 3139/3313/3582 3188/3392/3582
f 3127/3315/3583 3126/3362/3583 3175/3393/3583
f 3114/3316/3584 3113/3312/3584 3162/3394/3584
f 3140/3314/3586 3189/3395/3586 3190/3398/3586
f 3127/3315/3587 3176/3396/3587 3177/3399/3587
f 3114/3316/3588 3163/3397/4286 3164/3400/3588
f 3142/3320/3589 3141/3317/3589 3190/3398/3589
f 3129/3323/3591 3128/3318/3591 3177/3399/3591
f 3115/3319/3592 3164/3400/4287 3165/3405/3592
f 3142/3320/3593 3191/3401/3593 3192/3406/3593
f 3102/3322/3594 3151/3403/3619 3152/3407/3594
f 3129/3323/3595 3178/3404/3595 3179/3408/3595
f 3117/3328/3596 3116/3324/3596 3165/3405/3596
f 3143/3325/3597 3192/3406/3597 3193/3410/3597
f 3103/3326/3598 3152/3407/3599 3153/3411/3599
f 3131/3331/3600 3130/3327/4288 3179/3408/3600
f 3117/3328/3601 3166/3409/3601 3167/3363/3601
f 3145/3333/3602 3144/3329/3602 3193/3410/3602
f 3104/3330/3603 3153/3411/3603 3154/3367/3603
f 3132/3335/3604 3131/3331/3604 3180/3412/3604
f 3161/3391/3605 3160/3388/3605 3209/3414/3605
f 3187/3389/3606 3236/3463/3606 3237/3416/3606
f 3198/3379/3563 3197/3375/3563 3246/3417/3607
f 3174/3390/3608 3223/3464/3608 3224/3419/3608
f 3161/3391/3609 3210/3415/4289 3211/3420/3609
f 3198/3379/3567 3247/3418/3693 3248/3421/3610
f 3176/3396/3611 3175/3393/3611 3224/3419/3611
f 3163/3397/3612 3162/3394/3612 3211/3420/3612
f 3176/3396/3614 3225/3422/3614 3226/3425/3614
f 3163/3397/3615 3212/3423/3615 3213/3426/3615
f 3178/3404/3617 3177/3399/4290 3226/3425/3617
f 3164/3400/3618 3213/3426/3618 3214/3430/3618
f 3151/3403/3619 3200/3428/3665 3201/3431/3619
f 3178/3404/3620 3227/3429/3620 3228/3432/3620
f 3189/3395/3621 3188/3392/3621 3237/3416/3621
f 3165/3405/3623 3214/3430/3623 3215/3434/3623
f 3153/3411/3599 3152/3407/3599 3201/3431/3624
f 3180/3412/3625 3179/3408/3625 3228/3432/3625
f 3189/3395/3626 3238/3433/3626 3239/3437/3626
f 3166/3409/3627 3215/3434/3627 3216/3438/3627
f 3154/3367/3628 3153/3411/3628 3202/3435/3628
f 3181/3413/3629 3180/3412/3629 3229/3436/3629
f 3191/3401/3630 3190/3398/3630 3239/3437/3630
f 3168/3364/3631 3167/3363/3631 3216/3438/3631
f 3155/3368/3632 3154/3367/3632 3203/3439/3632
f 3181/3413/3633 3230/3440/3633 3231/3444/3633
f 3191/3401/3634 3240/3441/3634 3241/3445/3634
f 3169/3370/3635 3168/3364/3635 3217/3442/3635
f 3155/3368/3636 3204/3443/3636 3205/3447/3636
f 3182/3369/3637 3231/3444/3637 3232/3448/3637
f 3192/3406/3638 3241/3445/3638 3242/3449/3638
f 3169/3370/3639 3218/3446/3639 3219/3450/3639
f 3156/3372/3640 3205/3447/3640 3206/3451/3640
f 3184/3377/3641 3183/3373/3641 3232/3448/3641
f 3194/3365/3642 3193/3410/3642 3242/3449/3642
f 3170/3374/3643 3219/3450/3643 3220/3454/3643
f 3157/3376/3644 3206/3451/3644 3207/3455/3644
f 3185/3381/3645 3184/3377/3645 3233/3452/3645
f 3195/3366/3646 3194/3365/3646 3243/3453/3646
f 3172/3382/3647 3171/3378/3647 3220/3454/3647
f 3159/3384/3648 3158/3380/3648 3207/3455/3648
f 3186/3385/3649 3185/3381/3649 3234/3456/3649
f 3195/3366/3650 3244/3457/3650 3245/3461/3650
f 3172/3382/3651 3221/3458/3651 3222/3462/3651
f 3159/3384/3653 3208/3459/3653 3209/3414/3653
f 3187/3389/3654 3186/3385/3654 3235/3460/3654
f 3196/3371/3655 3245/3461/3655 3246/3417/3655
f 3174/3390/3656 3173/3386/3656 3222/3462/3656
f 3225/3422/3657 3274/3514/3657 3275/3465/3657
f 3212/3423/3658 3261/3515/3658 3262/3466/3658
f 3240/3441/3659 3239/3437/3659 3288/3467/3659
f 3227/3429/3661 3226/3425/3661 3275/3465/3661
f 3213/3426/3663 3262/3466/3663 3263/3472/3663
f 3240/3441/3664 3289/3468/3664 3290/3473/3664
f 3200/3428/3665 3249/3470/3751 3250/3474/3665
f 3227/3429/3666 3276/3471/3666 3277/3475/3666
f 3214/3430/3667 3263/3472/3667 3264/3476/3667
f 3241/3445/3668 3290/3473/3668 3291/3477/3668
f 3201/3431/3624 3250/3474/3755 3251/3478/3669
f 3229/3436/3670 3228/3432/3670 3277/3475/3670
f 3215/3434/3671 3264/3476/3671 3265/3480/3671
f 3243/3453/3672 3242/3449/3672 3291/3477/3672
f 3203/3439/3673 3202/3435/3673 3251/3478/3673
f 3230/3440/3674 3229/3436/3674 3278/3479/3674
f 3217/3442/3675 3216/3438/3675 3265/3480/3675
f 3244/3457/3677 3243/3453/3677 3292/3481/3677
f 3203/3439/3678 3252/3482/3678 3253/3486/3678
f 3230/3440/3679 3279/3483/3679 3280/3487/3679
f 3218/3446/3680 3217/3442/3680 3266/3484/3680
f 3244/3457/3681 3293/3485/4291 3294/3489/3681
f 3204/3443/3682 3253/3486/3682 3254/3490/3682
f 3231/3444/3683 3280/3487/4292 3281/3491/3683
f 3218/3446/3684 3267/3488/3684 3268/3492/3684
f 3245/3461/3685 3294/3489/3685 3295/3493/3685
f 3205/3447/3686 3254/3490/3686 3255/3494/3686
f 3232/3448/3687 3281/3491/3687 3282/3495/3687
f 3219/3450/3688 3268/3492/3688 3269/3496/3688
f 3246/3417/3607 3295/3493/3689 3296/3497/3689
f 3207/3455/3690 3206/3451/3690 3255/3494/3690
f 3234/3456/3691 3233/3452/3691 3282/3495/3691
f 3221/3458/3692 3220/3454/3692 3269/3496/3692
f 3247/3418/3693 3296/3497/3723 3297/3501/3694
f 3208/3459/3695 3207/3455/3695 3256/3498/3695
f 3235/3460/3696 3234/3456/3696 3283/3499/3696
f 3221/3458/3697 3270/3500/4293 3271/3504/3697
f 3208/3459/3699 3257/3502/3699 3258/3506/3699
f 3236/3463/3700 3235/3460/3700 3284/3503/3700
f 3223/3464/3701 3222/3462/3701 3271/3504/3701
f 3210/3415/3702 3209/3414/3702 3258/3506/3702
f 3236/3463/3703 3285/3507/3703 3286/3510/3703
f 3223/3464/3704 3272/3508/3704 3273/3511/3704
f 3210/3415/3705 3259/3509/3705 3260/3512/3705
f 3238/3433/3707 3237/3416/4294 3286/3510/3707
f 3225/3422/3708 3224/3419/3708 3273/3511/3708
f 3212/3423/3709 3211/3420/3709 3260/3512/3709
f 3238/3433/3710 3287/3513/3710 3288/3467/3710
f 3280/3487/3711 3329/3563/3711 3330/3516/3711
f 3267/3488/3712 3316/3564/3712 3317/3517/3712
f 3294/3489/3713 3343/3565/3713 3344/3518/3714
f 3254/3490/3715 3303/3566/3715 3304/3519/3716
f 3282/3495/3717 3281/3491/3717 3330/3516/3717
f 3268/3492/3718 3317/3517/3718 3318/3521/3718
f 3296/3497/3689 3295/3493/3689 3344/3518/3719
f 3256/3498/3720 3255/3494/3720 3304/3519/3720
f 3283/3499/3721 3282/3495/3721 3331/3520/3721
f 3270/3500/3722 3269/3496/3722 3318/3521/3722
f 3296/3497/3723 3345/3522/3724 3346/3526/3724
f 3257/3502/3725 3256/3498/3725 3305/3523/3725
f 3284/3503/3726 3283/3499/3726 3332/3524/3726
f 3270/3500/3727 3319/3525/3727 3320/3529/3727
f 3257/3502/3730 3306/3527/3730 3307/3531/3730
f 3285/3507/3731 3284/3503/3731 3333/3528/3731
f 3272/3508/3733 3271/3504/3733 3320/3529/3733
f 3259/3509/3734 3258/3506/3734 3307/3531/3734
f 3285/3507/3735 3334/3532/3735 3335/3535/3735
f 3272/3508/3736 3321/3533/3736 3322/3536/3736
f 3259/3509/3737 3308/3534/3737 3309/3537/3737
f 3287/3513/3738 3286/3510/3738 3335/3535/3738
f 3273/3511/3739 3322/3536/3739 3323/3539/3739
f 3261/3515/3740 3260/3512/3740 3309/3537/3740
f 3287/3513/3741 3336/3538/3741 3337/3541/3741
f 3274/3514/3742 3323/3539/3742 3324/3542/3742
f 3261/3515/3743 3310/3540/4295 3311/3543/3743
f 3288/3467/3744 3337/3541/3744 3338/3544/3744
f 3276/3471/3748 3275/3465/4296 3324/3542/3748
f 3262/3466/3749 3311/3543/3749 3312/3548/3749
f 3289/3468/3750 3338/3544/3750 3339/3549/3750
f 3249/3470/3751 3298/3546/3783 3299/3550/3751
f 3276/3471/3752 3325/3547/3752 3326/3551/3752
f 3263/3472/3753 3312/3548/3753 3313/3552/3753
f 3290/3473/3754 3339/3549/3754 3340/3553/3754
f 3250/3474/3755 3299/3550/3756 3300/3554/3756
f 3278/3479/3757 3277/3475/3757 3326/3551/3757
f 3264/3476/3758 3313/3552/3758 3314/3556/3758
f 3292/3481/3759 3291/3477/3760 3340/3553/3760
f 3252/3482/3761 3251/3478/3762 3300/3554/3762
f 3279/3483/3763 3278/3479/3763 3327/3555/3763
f 3266/3484/3764 3265/3480/3764 3314/3556/3764
f 3292/3481/3765 3341/3557/3765 3342/3561/3765
f 3253/3486/3766 3252/3482/3766 3301/3558/3766
f 3279/3483/3767 3328/3559/3767 3329/3563/3767
f 3267/3488/3768 3266/3484/3768 3315/3560/3768
f 3293/3485/3769 3342/3561/3769 3343/3565/3769
f 3253/3486/3770 3302/3562/3770 3303/3566/3770
f 3323/3539/3771 3322/3536/3771 3371/3567/3771
f 3310/3540/3772 3309/3537/4297 3358/3569/3772
f 3336/3538/3773 3385/3617/3773 3386/3571/3773
f 3323/3539/3774 3372/3568/3774 3373/3572/3774
f 3310/3540/3775 3359/3570/3775 3360/3573/3775
f 3337/3541/3776 3386/3571/4298 3387/3574/3776
f 3325/3547/3778 3324/3542/3778 3373/3572/3778
f 3311/3543/3780 3360/3573/3780 3361/3578/3780
f 3338/3544/3781 3387/3574/3781 3388/3579/3781
f 3298/3546/3783 3347/3576/3867 3348/3580/3784
f 3325/3547/3785 3374/3577/3785 3375/3581/3785
f 3312/3548/3786 3361/3578/3786 3362/3582/3786
f 3339/3549/3787 3388/3579/3787 3389/3583/3787
f 3300/3554/3756 3299/3550/3756 3348/3580/3788
f 3327/3555/3789 3326/3551/3789 3375/3581/3789
f 3314/3556/3790 3313/3552/3790 3362/3582/3790
f 3341/3557/3791 3340/3553/3791 3389/3583/3791
f 3300/3554/3792 3349/3584/3792 3350/3588/3792
f 3328/3559/3793 3327/3555/3793 3376/3585/3793
f 3315/3560/3794 3314/3556/3794 3363/3586/3794
f 3341/3557/3795 3390/3587/3795 3391/3591/3795
f 3302/3562/3796 3301/3558/3796 3350/3588/3796
f 3328/3559/3797 3377/3589/3797 3378/3593/3797
f 3316/3564/3798 3315/3560/3798 3364/3590/3798
f 3342/3561/3799 3391/3591/3799 3392/3595/3799
f 3302/3562/3800 3351/3592/3800 3352/3596/3800
f 3329/3563/3801 3378/3593/3801 3379/3597/3801
f 3316/3564/3802 3365/3594/3802 3366/3598/3802
f 3343/3565/3803 3392/3595/3803 3393/3599/3803
f 3303/3566/3804 3352/3596/3804 3353/3600/3804
f 3330/3516/3805 3379/3597/3805 3380/3601/3805
f 3317/3517/3806 3366/3598/3806 3367/3602/3806
f 3344/3518/3719 3393/3599/3807 3394/3603/3807
f 3305/3523/3808 3304/3519/3808 3353/3600/3808
f 3332/3524/3809 3331/3520/3809 3380/3601/3809
f 3319/3525/3810 3318/3521/3810 3367/3602/3810
f 3346/3526/3724 3345/3522/3724 3394/3603/3811
f 3306/3527/3812 3305/3523/4299 3354/3604/3812
f 3333/3528/3813 3332/3524/3813 3381/3605/3813
f 3319/3525/3814 3368/3606/4300 3369/3610/3814
f 3307/3531/3816 3306/3527/3816 3355/3608/3816
f 3334/3532/3818 3333/3528/3818 3382/3609/3818
f 3321/3533/3819 3320/3529/3819 3369/3610/3819
f 3308/3534/3820 3307/3531/3820 3356/3612/3820
f 3334/3532/3821 3383/3613/3821 3384/3616/3821
f 3321/3533/3823 3370/3614/3823 3371/3567/3823
f 3308/3534/3824 3357/3615/3824 3358/3569/3824
f 3336/3538/3825 3335/3535/3825 3384/3616/3825
f 3377/3589/3826 3426/3666/3826 3427/3618/3826
f 3365/3594/3827 3364/3590/3827 3413/3619/3827
f 3391/3591/3828 3440/3667/3828 3441/3621/3828
f 3351/3592/3829 3400/3668/3829 3401/3622/3829
f 3378/3593/3830 3427/3618/3830 3428/3623/3830
f 3365/3594/3831 3414/3620/3831 3415/3624/3831
f 3392/3595/3832 3441/3621/3832 3442/3625/3832
f 3352/3596/3833 3401/3622/4301 3402/3626/3833
f 3379/3597/3834 3428/3623/3834 3429/3627/3834
f 3366/3598/3835 3415/3624/3835 3416/3628/3835
f 3394/3603/3807 3393/3599/3807 3442/3625/3836
f 3354/3604/3837 3353/3600/3837 3402/3626/3837
f 3381/3605/3838 3380/3601/3838 3429/3627/3838
f 3368/3606/3839 3367/3602/3839 3416/3628/3839
f 3394/3603/3811 3443/3629/3840 3444/3633/3840
f 3355/3608/3841 3354/3604/3841 3403/3630/3841
f 3382/3609/3842 3381/3605/3842 3430/3631/3842
f 3368/3606/3843 3417/3632/3843 3418/3636/3843
f 3356/3612/3846 3355/3608/3846 3404/3634/3846
f 3382/3609/3848 3431/3635/3848 3432/3639/3848
f 3370/3614/3849 3369/3610/3849 3418/3636/3849
f 3357/3615/3850 3356/3612/3850 3405/3638/3850
f 3383/3613/3852 3432/3639/3852 3433/3642/3852
f 3370/3614/3854 3419/3640/3854 3420/3643/3854
f 3357/3615/3855 3406/3641/3855 3407/3644/3855
f 3385/3617/3856 3384/3616/3856 3433/3642/3856
f 3371/3567/3857 3420/3643/3857 3421/3646/3857
f 3359/3570/3858 3358/3569/4302 3407/3644/3858
f 3385/3617/3859 3434/3645/4303 3435/3648/3859
f 3372/3568/3860 3421/3646/3860 3422/3649/3860
f 3359/3570/3861 3408/3647/3861 3409/3650/3861
f 3386/3571/3862 3435/3648/4304 3436/3651/3862
f 3374/3577/3864 3373/3572/3864 3422/3649/3864
f 3360/3573/3865 3409/3650/3865 3410/3655/3865
f 3387/3574/3866 3436/3651/3866 3437/3656/3866
f 3347/3576/3867 3396/3653/3868 3397/3657/3868
f 3374/3577/3869 3423/3654/3869 3424/3658/3869
f 3361/3578/3870 3410/3655/3870 3411/3659/3870
f 3388/3579/3871 3437/3656/3871 3438/3660/3871
f 3348/3580/3788 3397/3657/3900 3398/3661/3872
f 3376/3585/3873 3375/3581/3873 3424/3658/3873
f 3362/3582/3874 3411/3659/3874 3412/3663/3874
f 3390/3587/3875 3389/3583/3875 3438/3660/3875
f 3350/3588/3877 3349/3584/3877 3398/3661/3877
f 3377/3589/3878 3376/3585/3878 3425/3662/3878
f 3364/3590/3879 3363/3586/3879 3412/3663/3879
f 3391/3591/3880 3390/3587/3880 3439/3664/3880
f 3350/3588/3881 3399/3665/3881 3400/3668/3881
f 3420/3643/3882 3419/3640/3882 3468/3669/3882
f 3406/3641/3883 3455/3719/3883 3456/3671/3883
f 3434/3645/3884 3433/3642/3884 3482/3672/3884
f 3420/3643/3885 3469/3670/3885 3470/3674/3885
f 3408/3647/3886 3407/3644/3886 3456/3671/3886
f 3434/3645/3887 3483/3673/3887 3484/3676/3887
f 3421/3646/3888 3470/3674/3888 3471/3677/3888
f 3408/3647/3889 3457/3675/3889 3458/3678/3889
f 3435/3648/3890 3484/3676/3890 3485/3679/3890
f 3423/3654/3892 3422/3649/3892 3471/3677/3892
f 3409/3650/3893 3458/3678/3893 3459/3683/3893
f 3436/3651/3894 3485/3679/3894 3486/3684/3894
f 3397/3657/3868 3396/3653/3868 3445/3681/3895
f 3423/3654/3896 3472/3682/3896 3473/3686/3896
f 3410/3655/3897 3459/3683/3897 3460/3687/3897
f 3437/3656/3898 3486/3684/3898 3487/3688/3898
f 3397/3657/3900 3446/3685/3984 3447/3689/3901
f 3425/3662/3902 3424/3658/3902 3473/3686/3902
f 3412/3663/3903 3411/3659/3903 3460/3687/3903
f 3439/3664/3905 3438/3660/3905 3487/3688/3905
f 3399/3665/3906 3398/3661/3906 3447/3689/3906
f 3426/3666/3907 3425/3662/4305 3474/3690/3907
f 3413/3619/3908 3412/3663/3908 3461/3691/3908
f 3440/3667/3909 3439/3664/3909 3488/3692/3909
f 3399/3665/3910 3448/3693/3910 3449/3697/3910
f 3426/3666/3911 3475/3694/3911 3476/3698/3911
f 3414/3620/3912 3413/3619/3912 3462/3695/3912
f 3440/3667/3913 3489/3696/3913 3490/3700/3913
f 3400/3668/3914 3449/3697/3914 3450/3701/3914
f 3427/3618/3915 3476/3698/3915 3477/3702/3915
f 3414/3620/3916 3463/3699/3916 3464/3703/3916
f 3441/3621/3918 3490/3700/3918 3491/3704/3918
f 3401/3622/3919 3450/3701/3919 3451/3705/3919
f 3428/3623/3920 3477/3702/4306 3478/3706/3920
f 3415/3624/3921 3464/3703/3921 3465/3707/3921
f 3442/3625/3836 3491/3704/3952 3492/3708/3922
f 3403/3630/3923 3402/3626/4307 3451/3705/3923
f 3430/3631/3924 3429/3627/3924 3478/3706/3924
f 3417/3632/3925 3416/3628/3925 3465/3707/3925
f 3444/3633/3840 3443/3629/3840 3492/3708/3926
f 3404/3634/3927 3403/3630/3927 3452/3709/3927
f 3431/3635/3928 3430/3631/3928 3479/3710/3928
f 3417/3632/3929 3466/3711/3929 3467/3715/3929
f 3404/3634/3931 3453/3713/3931 3454/3717/3931
f 3431/3635/3932 3480/3714/4308 3481/3718/3932
f 3419/3640/3933 3418/3636/3933 3467/3715/3933
f 3406/3641/3934 3405/3638/3934 3454/3717/3934
f 3432/3639/3935 3481/3718/3935 3482/3672/3935
f 3475/3694/3936 3474/3690/3936 3523/3720/3936
f 3461/3691/3938 3510/3770/4309 3511/3722/3938
f 3489/3696/3939 3488/3692/3939 3537/3723/3939
f 3449/3697/3940 3448/3693/3940 3497/3725/3940
f 3475/3694/3941 3524/3721/3941 3525/3727/3941
f 3463/3699/3942 3462/3695/3942 3511/3722/3942
f 3489/3696/3943 3538/3724/3943 3539/3729/3943
f 3449/3697/3944 3498/3726/3944 3499/3730/3944
f 3476/3698/3945 3525/3727/3945 3526/3731/3945
f 3463/3699/3947 3512/3728/4310 3513/3732/3947
f 3490/3700/3948 3539/3729/3948 3540/3733/3948
f 3450/3701/3949 3499/3730/3949 3500/3734/3949
f 3477/3702/3950 3526/3731/4311 3527/3735/3950
f 3464/3703/3951 3513/3732/3951 3514/3736/3951
f 3491/3704/3952 3540/3733/3953 3541/3737/3953
f 3452/3709/3954 3451/3705/3954 3500/3734/3954
f 3479/3710/3955 3478/3706/3955 3527/3735/3955
f 3466/3711/3956 3465/3707/3956 3514/3736/3956
f 3492/3708/3926 3541/3737/4041 3542/3741/3957
f 3453/3713/3958 3452/3709/3958 3501/3738/3958
f 3480/3714/3959 3479/3710/3959 3528/3739/3959
f 3466/3711/3960 3515/3740/3960 3516/3744/3960
f 3454/3717/3962 3453/3713/3962 3502/3742/3962
f 3481/3718/3963 3480/3714/3963 3529/3743/3963
f 3468/3669/3964 3467/3715/3964 3516/3744/3964
f 3455/3719/3965 3454/3717/3965 3503/3746/3965
f 3481/3718/3966 3530/3747/3966 3531/3750/3966
f 3469/3670/3967 3468/3669/3967 3517/3748/3967
f 3455/3719/3968 3504/3749/3968 3505/3752/3968
f 3483/3673/3969 3482/3672/3969 3531/3750/3969
f 3469/3670/3970 3518/3751/3970 3519/3754/3970
f 3457/3675/3971 3456/3671/3971 3505/3752/3971
f 3483/3673/3972 3532/3753/3972 3533/3756/3972
f 3470/3674/3973 3519/3754/3973 3520/3757/3973
f 3457/3675/3974 3506/3755/3974 3507/3758/3974
f 3484/3676/3975 3533/3756/3975 3534/3759/3975
f 3472/3682/3977 3471/3677/3977 3520/3757/3977
f 3458/3678/3978 3507/3758/3978 3508/3763/3978
f 3485/3679/3979 3534/3759/4312 3535/3764/3979
f 3445/3681/3895 3494/3761/4007 3495/3765/3980
f 3472/3682/3981 3521/3762/3981 3522/3766/3981
f 3459/3683/3982 3508/3763/3982 3509/3767/3982
f 3486/3684/3983 3535/3764/3983 3536/3768/3983
f 3446/3685/3984 3495/3765/4012 3496/3769/3985
f 3474/3690/3986 3473/3686/3986 3522/3766/3986
f 3460/3687/3987 3509/3767/4313 3510/3770/3987
f 3487/3688/3988 3536/3768/3988 3537/3723/3988
f 3447/3689/3989 3496/3769/3989 3497/3725/3989
f 3517/3748/3990 3516/3744/3990 3565/3771/3990
f 3504/3749/3992 3503/3746/3992 3552/3773/3992
f 3530/3747/3993 3579/3821/3993 3580/3775/3993
f 3518/3751/3994 3517/3748/3994 3566/3772/3994
f 3504/3749/3995 3553/3774/3995 3554/3777/3995
f 3532/3753/3996 3531/3750/3996 3580/3775/3996
f 3518/3751/3997 3567/3776/3997 3568/3779/3997
f 3506/3755/3998 3505/3752/3998 3554/3777/3998
f 3532/3753/3999 3581/3778/3999 3582/3781/3999
f 3519/3754/4000 3568/3779/4314 3569/3782/4000
f 3506/3755/4001 3555/3780/4001 3556/3783/4001
f 3534/3759/4002 3533/3756/4002 3582/3781/4002
f 3521/3762/4004 3520/3757/4004 3569/3782/4004
f 3507/3758/4005 3556/3783/4005 3557/3788/4005
f 3535/3764/4006 3534/3759/4006 3583/3784/4006
f 3494/3761/4007 3543/3786/4101 3544/3790/4008
f 3521/3762/4009 3570/3787/4009 3571/3791/4009
f 3508/3763/4010 3557/3788/4010 3558/3792/4010
f 3535/3764/4011 3584/3789/4011 3585/3793/4011
f 3495/3765/4012 3544/3790/4013 3545/3794/4013
f 3523/3720/4014 3522/3766/4014 3571/3791/4014
f 3510/3770/4015 3509/3767/4015 3558/3792/4015
f 3537/3723/4017 3536/3768/4018 3585/3793/4018
f 3497/3725/4019 3496/3769/4019 3545/3794/4019
f 3524/3721/4020 3523/3720/4315 3572/3795/4020
f 3511/3722/4021 3510/3770/4021 3559/3796/4021
f 3538/3724/4022 3537/3723/4022 3586/3797/4022
f 3498/3726/4023 3497/3725/4023 3546/3798/4023
f 3524/3721/4024 3573/3799/4024 3574/3803/4024
f 3512/3728/4025 3511/3722/4025 3560/3800/4025
f 3538/3724/4026 3587/3801/4026 3588/3805/4026
f 3498/3726/4027 3547/3802/4027 3548/3806/4027
f 3525/3727/4028 3574/3803/4028 3575/3807/4028
f 3512/3728/4029 3561/3804/4029 3562/3808/4029
f 3539/3729/4031 3588/3805/4031 3589/3809/4031
f 3499/3730/4032 3548/3806/4032 3549/3810/4033
f 3526/3731/4034 3575/3807/4035 3576/3811/4035
f 3513/3732/4036 3562/3808/4036 3563/3812/4036
f 3541/3737/3953 3540/3733/3953 3589/3809/4037
f 3501/3738/4038 3500/3734/4038 3549/3810/4038
f 3528/3739/4039 3527/3735/4039 3576/3811/4039
f 3515/3740/4040 3514/3736/4040 3563/3812/4040
f 3541/3737/4041 3590/3813/4042 3591/3817/4042
f 3502/3742/4043 3501/3738/4043 3550/3814/4043
f 3529/3743/4044 3528/3739/4044 3577/3815/4044
f 3515/3740/4045 3564/3816/4045 3565/3771/4045
f 3502/3742/4047 3551/3818/4047 3552/3773/4047
f 3530/3747/4048 3529/3743/4048 3578/3819/4048
f 3572/3795/4049 3571/3791/4049 3620/3822/4049
f 3558/3792/4050 3607/3872/4316 3608/3824/4050
f 3586/3797/4051 3585/3793/4051 3634/3825/4051
f 3546/3798/4052 3545/3794/4052 3594/3827/4052
f 3573/3799/4053 3572/3795/4053 3621/3823/4053
f 3560/3800/4054 3559/3796/4054 3608/3824/4054
f 3587/3801/4055 3586/3797/4055 3635/3826/4055
f 3547/3802/4056 3546/3798/4056 3595/3828/4056
f 3573/3799/4057 3622/3829/4057 3623/3833/4057
f 3561/3804/4058 3560/3800/4058 3609/3830/4058
f 3587/3801/4059 3636/3831/4059 3637/3835/4059
f 3547/3802/4060 3596/3832/4060 3597/3836/4060
f 3574/3803/4061 3623/3833/4061 3624/3837/4061
f 3561/3804/4062 3610/3834/4062 3611/3838/4062
f 3588/3805/4063 3637/3835/4063 3638/3839/4063
f 3548/3806/4064 3597/3836/4064 3598/3840/4064
f 3576/3811/4065 3575/3807/4065 3624/3837/4065
f 3562/3808/4067 3611/3838/4067 3612/3842/4067
f 3589/3809/4037 3638/3839/4150 3639/3843/4068
f 3550/3814/4069 3549/3810/4069 3598/3840/4069
f 3577/3815/4070 3576/3811/4070 3625/3841/4070
f 3564/3816/4071 3563/3812/4071 3612/3842/4071
f 3591/3817/4042 3590/3813/4042 3639/3843/4072
f 3551/3818/4073 3550/3814/4073 3599/3844/4073
f 3578/3819/4075 3577/3815/4075 3626/3845/4075
f 3564/3816/4076 3613/3846/4076 3614/3850/4076
f 3551/3818/4078 3600/3848/4078 3601/3852/4078
f 3578/3819/4079 3627/3849/4079 3628/3853/4079
f 3566/3772/4081 3565/3771/4081 3614/3850/4082
f 3553/3774/4083 3552/3773/4083 3601/3852/4083
f 3579/3821/4084 3628/3853/4084 3629/3856/4084
f 3567/3776/4085 3566/3772/4085 3615/3854/4085
f 3553/3774/4086 3602/3855/4086 3603/3858/4086
f 3581/3778/4087 3580/3775/4087 3629/3856/4087
f 3567/3776/4088 3616/3857/4088 3617/3860/4088
f 3555/3780/4089 3554/3777/4089 3603/3858/4089
f 3581/3778/4090 3630/3859/4090 3631/3862/4090
f 3568/3779/4091 3617/3860/4092 3618/3863/4092
f 3555/3780/4093 3604/3861/4093 3605/3864/4093
f 3583/3784/4095 3582/3781/4095 3631/3862/4095
f 3570/3787/4098 3569/3782/4098 3618/3863/4098
f 3556/3783/4099 3605/3864/4099 3606/3869/4099
f 3583/3784/4100 3632/3865/4317 3633/3870/4100
f 3543/3786/4101 3592/3867/4125 3593/3871/4101
f 3570/3787/4102 3619/3868/4102 3620/3822/4102
f 3557/3788/4103 3606/3869/4103 3607/3872/4103
f 3584/3789/4104 3633/3870/4104 3634/3825/4104
f 3545/3794/4013 3544/3790/4013 3593/3871/4105
f 3613/3846/4106 3656/39/4106 3657/48/4106
f 3601/3852/4107 3600/3848/4318 3647/44/4107
f 3628/3853/4108 3627/3849/4108 8/45/4108
f 3615/3854/4109 3614/3850/4109 3657/48/4109
f 3601/3852/4110 3648/51/4110 3/57/4110
f 3629/3856/4111 3628/3853/4111 9/52/4111
f 3616/3857/4112 3615/3854/4112 3658/54/4112
f 3602/3855/4113 3/57/4113 3649/63/4113
f 3630/3859/4114 3629/3856/4114 3669/58/4114
f 3616/3857/4115 3659/60/4115 3660/67/4115
f 3603/3858/4116 3649/63/4116 4/69/4116
f 3631/3862/4117 3630/3859/4117 10/64/4117
f 3617/3860/4118 3660/67/4118 3661/73/4118
f 3604/3861/4119 4/69/4119 5/75/4119
f 3631/3862/4120 3670/70/4120 3671/76/4120
f 3619/3868/4122 3618/3863/4122 3661/73/4122
f 3605/3864/4123 5/75/4123 3650/84/4123
f 3632/3865/4124 3671/76/4124 3672/85/4124
f 3592/3867/4125 1/78/54 3641/88/56
f 3619/3868/4126 3662/81/4126 3663/90/4126
f 3606/3869/4127 3650/84/4127 3651/92/4127
f 3633/3870/4128 3672/85/4128 3673/93/4128
f 3593/3871/4105 3641/88/60 3642/96/62
f 3621/3823/4129 3620/3822/4129 3663/90/4129
f 3607/3872/4130 3651/92/4319 3652/4/4130
f 3635/3826/4131 3634/3825/4131 3673/93/4131
f 3594/3827/4132 3642/96/4132 2/10/4132
f 3622/3829/4133 3621/3823/4133 3664/97/4133
f 3609/3830/4135 3608/3824/4135 3652/4/4135
f 3636/3831/4136 3635/3826/4136 3674/99/4136
f 3595/3828/4137 2/10/4137 3643/12/4137
f 3623/3833/4138 3622/3829/4138 7/1/4138
f 3609/3830/4139 3653/6/4139 6/16/4139
f 3637/3835/4140 3636/3831/4140 11/7/4140
f 3596/3832/4141 3643/12/4141 3644/20/4141
f 3623/3833/4143 3665/13/4143 3666/21/4143
f 3610/3834/4144 6/16/4320 3654/24/4144
f 3638/3839/4145 3637/3835/4145 12/17/4145
f 3597/3836/4146 3644/20/4146 3645/28/4146
f 3624/3837/4147 3666/21/4147 3667/29/4147
f 3611/3838/4149 3654/24/4149 3655/32/4149
f 3638/3839/4150 3675/25/19 3676/33/19
f 3598/3840/4151 3645/28/4151 3646/36/4151
f 3626/3845/4152 3625/3841/4152 3667/29/4152
f 3613/3846/4153 3612/3842/4153 3655/32/4153
f 3639/3843/4072 3676/33/4159 13/41/25
f 3600/3848/4154 3599/3844/4154 3646/36/4154
f 3627/3849/4155 3626/3845/4155 3668/37/4155
